2014-01-02,http://www.reuters.com/article/2014/01/02/research-and-markets-idUSnBw025375a+100+BSW20140102
2014-01-09,http://www.reuters.com/article/2014/01/09/zacks-invest-ideas-idUSnPnCGj5ZkT+165+PRN20140109
2014-01-14,http://www.reuters.com/article/2014/01/14/habitat-for-humanity-idUSnPnCLjTbhn+168+PRN20140114
2014-01-16,http://www.reuters.com/article/2014/01/16/cpsc-med-cabinets-idUSnPnDCktwmd+160+PRN20140116
2014-01-23,http://www.reuters.com/article/2014/01/23/homedepot-blindscom-idUSnPnCLm9LBl+166+PRN20140123
2014-02-10,http://www.reuters.com/article/2014/02/10/homedepot-expands-idUSnPnCLqVnvW+169+PRN20140210
2014-02-11,http://www.reuters.com/article/2014/02/11/ca-veterans-community-idUSnBw115325a+100+BSW20140211
2014-02-11,http://www.reuters.com/article/2014/02/11/home-depot-earns-call-idUSnPnCLr2Njf+164+PRN20140211
2014-02-12,http://www.reuters.com/article/2014/02/12/ga-home-depot-hiring-idUSnPnCLrlJhn+164+PRN20140212
2014-02-19,http://www.reuters.com/article/2014/02/19/ga-home-depot-call-idUSnPnCLsWTjn+16c+PRN20140219
2014-02-24,http://www.reuters.com/article/2014/02/24/zacks-earningspreview-idUSnPnCGv0RkT+165+PRN20140224
2014-02-25,http://www.reuters.com/article/2014/02/25/us-homedepot-results-idUSBREA1O0N120140225
2014-02-25,http://www.reuters.com/article/2014/02/25/homedepot-results-idUSL1N0LU0Q520140225
2014-02-25,http://www.reuters.com/article/2014/02/25/markets-usa-stocks-idUSL1N0LU0WN20140225
2014-02-25,http://www.reuters.com/article/2014/02/25/markets-usa-stocks-idUSL1N0LU0RP20140225
2014-02-25,http://www.reuters.com/article/2014/02/25/homedepot-results-idUSL1N0LU0PU20140225
2014-02-25,http://www.reuters.com/article/2014/02/25/ga-home-depot-earns-idUSnPnCLv7Wcx+164+PRN20140225
2014-02-25,http://www.reuters.com/news/video/videoStory?storyID=79519105
2014-02-26,https://www.nytimes.com/2014/02/26/business/home-depot-and-macys-have-mixed-earnings.html
2014-02-26,http://www.reuters.com/article/2014/02/27/us-lowes-results-idUSBREA1P0NE20140227
2014-02-26,http://www.reuters.com/article/2014/02/27/lowes-results-idUSL3N0LV4B420140227
2014-02-26,http://www.reuters.com/article/2014/02/26/us-lowes-results-idUSBREA1P0NE20140226
2014-02-26,http://www.reuters.com/article/2014/02/26/lowes-results-idUSL3N0LV4B420140226
2014-02-28,http://www.reuters.com/article/2014/02/28/the-home-depot-elects-idUSnPnCLwsNgf+164+PRN20140228
2014-03-03,http://www.reuters.com/article/2014/03/03/il-zacks-investment-idUSnPnCGwRfkT+169+PRN20140303
2014-03-10,http://www.reuters.com/article/2014/03/10/bc-analysts-review-idUSnPnq3rLrQ+85+PRN20140310
2014-03-13,http://www.reuters.com/article/2014/03/13/ga-home-depot-webcast-idUSnPnCLzhrhn+160+PRN20140313
2014-03-14,https://www.nytimes.com/2014/03/14/business/robert-rickel-co-founder-of-home-improvement-chain-dies-at-90.html
2014-03-14,http://www.reuters.com/article/2014/03/14/ca-granite-gold-inc-idUSnBw145100a+100+BSW20140314
2014-03-20,http://www.reuters.com/article/2014/03/20/home-depot-foundation-idUSnPn56tz0L+81+PRN20140320
2014-03-24,http://www.reuters.com/article/2014/03/24/bc-investor-edge-idUSnPn57yhpM+81+PRN20140324
2014-03-26,http://www.reuters.com/article/2014/03/26/home-depot-foundation-idUSnPn2f5mts+80+PRN20140326
2014-04-01,http://www.reuters.com/article/2014/04/01/ga-home-depot-elect-idUSnPn9VY9zd+98+PRN20140401
2014-04-01,http://www.reuters.com/article/2014/04/01/bc-a-idUSnPnM4PHS+57+PRN20140401
2014-04-03,http://www.reuters.com/article/2014/04/03/ga-home-depot-outdoor-idUSnPnD3P3z+54+PRN20140403
2014-04-08,http://www.reuters.com/article/2014/04/08/home-depot-award-idUSnPn7yx1d9+80+PRN20140408
2014-04-09,http://www.reuters.com/article/2014/04/09/bc-ar-idUSnPnb3Rx9q+88+PRN20140409
2014-04-10,http://www.reuters.com/article/2014/04/10/cocoa-media-webseries-idUSnPn2ms9FF+83+PRN20140410
2014-04-10,http://www.reuters.com/article/2014/04/10/ga-home-depot-water-idUSnPn3Kgfdz+90+PRN20140410
2014-04-11,http://www.reuters.com/article/2014/04/11/bc-ar-idUSnPn9BlmJy+92+PRN20140411
2014-04-14,http://www.reuters.com/article/2014/04/14/bc-investor-edge-idUSnPn2bvN56+84+PRN20140414
2014-04-16,http://www.reuters.com/article/2014/04/16/research-and-markets-idUSnBw165628a+100+BSW20140416
2014-04-17,http://www.reuters.com/article/2014/04/17/us-home-depot-stores-idUSBREA3G07U20140417
2014-04-17,http://www.reuters.com/article/2014/04/17/home-depot-stores-idUSL3N0N916B20140417
2014-04-28,http://www.reuters.com/article/2014/04/28/bc-a-idUSnPn8LtkTL+93+PRN20140428
2014-05-05,http://www.reuters.com/article/2014/05/05/moms-action-opencarry-idUSnPnbwrQWx+86+PRN20140505
2014-05-06,http://www.reuters.com/article/2014/05/06/homedepot-conf-call-idUSnPn37ZmnF+89+PRN20140506
2014-05-07,http://www.reuters.com/article/2014/05/07/bc-investor-edge-idUSnPn2jW1s1+88+PRN20140507
2014-05-07,http://www.reuters.com/article/2014/05/07/idUSnGNX530bBt+1c2+GNW20140507
2014-05-14,http://www.reuters.com/article/2014/05/14/bc-analystsreviewcom-idUSnPn3CZDMr+9e+PRN20140514
2014-05-15,http://www.reuters.com/article/2014/05/15/home-depot-hurricane-idUSnPn9mp7hW+81+PRN20140515
2014-05-20,http://www.reuters.com/article/2014/05/20/us-home-depot-results-idUSBREA4J0A320140520
2014-05-20,http://www.reuters.com/article/2014/05/20/home-depot-results-idUSL3N0O63HL20140520
2014-05-20,http://www.reuters.com/article/2014/05/20/zacks-analyst-blog-idUSnPn8jH0M+45+PRN20140520
2014-05-20,http://www.reuters.com/article/2014/05/20/markets-usa-stocks-idUSL1N0O60EX20140520
2014-05-20,http://www.reuters.com/article/2014/05/20/bc-analysts-review-idUSnPnc8dVDM+87+PRN20140520
2014-05-20,http://www.reuters.com/article/2014/05/20/home-depot-results-idUSL3N0O62S720140520
2014-05-20,http://www.reuters.com/article/2014/05/20/markets-usa-stocks-idUSL1N0O60CR20140520
2014-05-20,http://www.reuters.com/article/2014/05/20/home-depot-results-idUSL3N0O62R420140520
2014-05-20,http://www.reuters.com/article/2014/05/20/home-depot-earns-idUSnPn5ZzPHJ+97+PRN20140520
2014-05-20,http://www.reuters.com/news/video/videoStory?storyID=85916694
2014-05-21,https://www.nytimes.com/2014/05/21/business/home-depot-earnings-fall-short-of-expectations.html
2014-05-21,http://www.reuters.com/article/2014/05/21/ga-home-depot-call-idUSnPn9dtGSw+86+PRN20140521
2014-05-22,http://www.reuters.com/article/2014/05/22/ga-home-depot-div-idUSnPn9fZMtG+8d+PRN20140522
2014-05-22,http://www.reuters.com/article/2014/05/22/cpsc-cordelia-recall-idUSnPn4LQJQY+9f+PRN20140522
2014-05-22,http://www.reuters.com/article/2014/05/22/bc-a-idUSnPn7jPz5s+88+PRN20140522
2014-05-28,http://www.reuters.com/article/2014/05/28/bc-analystsreviewcom-idUSnPn2jqw7g+80+PRN20140528
2014-05-30,http://www.reuters.com/article/2014/05/30/zacks-analyst-blog-idUSnPn71GvkJ+89+PRN20140530
2014-06-02,http://www.reuters.com/article/2014/06/02/idUSnMKW6jkj2a+1c0+MKW20140602
2014-06-03,http://www.reuters.com/article/2014/06/03/bc-investor-edgecom-idUSnPn8C1H3s+94+PRN20140603
2014-06-05,http://www.reuters.com/article/2014/06/05/pa-primepay-idUSnBw055948a+100+BSW20140605
2014-06-11,http://www.reuters.com/article/2014/06/11/ga-home-depot-conf-idUSnPncdWSYF+8f+PRN20140611
2014-06-16,http://www.reuters.com/article/2014/06/16/il-zacks-investment-idUSnPn5SXCzR+9d+PRN20140616
2014-06-18,http://www.reuters.com/article/2014/06/18/homedepot-voa-vets-idUSnPn4W9Wjx+94+PRN20140618
2014-06-18,http://www.reuters.com/article/2014/06/18/bc-ar-idUSnPnQ289D+51+PRN20140618
2014-07-01,http://www.reuters.com/article/2014/07/01/bc-analysts-review-idUSnPnkw1qf+40+PRN20140701
2014-07-02,http://www.reuters.com/article/2014/07/02/bc-investor-edge-idUSnPn2n8w31+80+PRN20140702
2014-07-03,http://www.reuters.com/article/2014/07/03/il-zacks-investment-idUSnPn88R15y+88+PRN20140703
2014-07-10,http://www.reuters.com/article/2014/07/10/il-zacks-investment-idUSnPn5Xx3Vd+92+PRN20140710
2014-07-14,http://www.reuters.com/article/2014/07/14/ny-makerbot-idUSnBw145441a+100+BSW20140714
2014-07-24,http://www.reuters.com/article/2014/07/24/idUSnMKW9k4Kya+1c4+MKW20140724
2014-07-29,http://www.reuters.com/article/2014/07/29/code-of-support-found-idUSnPn1TWq5l+98+PRN20140729
2014-07-30,http://www.reuters.com/article/2014/07/30/home-depot-new-evp-idUSnPn4RDr3m+98+PRN20140730
2014-08-04,http://www.reuters.com/article/2014/08/04/bc-a-idUSnPn5wcK7L+85+PRN20140804
2014-08-05,http://www.reuters.com/article/2014/08/05/ga-home-depot-call-idUSnPn12fNcj+84+PRN20140805
2014-08-08,http://www.reuters.com/article/2014/08/08/bc-ie-idUSnPn5XgG9n+94+PRN20140808
2014-08-12,http://www.reuters.com/article/2014/08/12/bc-a-idUSnPn8Y9dfh+90+PRN20140812
2014-08-13,http://www.reuters.com/article/2014/08/12/bc-a-idUSnPn8Y9dfh+90+PRN20140812
2014-08-18,https://www.nytimes.com/2014/08/18/business/retailers-report-earnings-in-a-subdued-season.html
2014-08-19,http://www.reuters.com/article/2014/08/18/zacks-blog-idUSnPnnXbTB+4b+PRN20140818
2014-08-20,https://www.nytimes.com/2014/08/20/business/for-home-depot-a-spring-rebound-and-a-better-year-ahead.html
2014-08-20,http://www.reuters.com/article/2014/08/19/us-markets-stocks-idUSKBN0GJ12Q20140819
2014-08-20,http://www.reuters.com/article/2014/08/19/markets-usa-stocks-idUSL2N0QP1LE20140819
2014-08-20,http://www.reuters.com/article/2014/08/19/markets-usa-stocks-idUSL2N0QP18M20140819
2014-08-20,http://www.reuters.com/article/2014/08/19/us-homedepot-results-idUSKBN0GJ0TD20140819
2014-08-20,http://www.reuters.com/article/2014/08/19/homedepot-results-idUSL4N0QP38J20140819
2014-08-20,http://www.reuters.com/article/2014/08/19/markets-usa-stocks-idUSL2N0QP13B20140819
2014-08-20,http://www.reuters.com/article/2014/08/19/markets-usa-stocks-idUSL2N0QP0T520140819
2014-08-20,http://www.reuters.com/article/2014/08/19/markets-usa-stocks-open-idUSZXN0R8V0520140819
2014-08-20,http://www.reuters.com/article/2014/08/19/markets-usa-stocks-idUSL2N0QP0IO20140819
2014-08-20,http://www.reuters.com/article/2014/08/19/markets-usa-stocks-idUSL2N0QP0FQ20140819
2014-08-20,http://www.reuters.com/article/2014/08/19/homedepot-results-idUSL4N0QO4SA20140819
2014-08-20,http://www.reuters.com/article/2014/08/19/home-depot-earnings-idUSnPn3tG2Vw+8a+PRN20140819
2014-08-20,http://www.reuters.com/news/video/videoStory?storyID=92521508
2014-08-20,http://www.reuters.com/news/video/videoStory?storyID=92506007
2014-08-22,https://www.nytimes.com/2014/08/22/business/home-depot-chooses-insider-for-its-new-chief-executive.html
2014-08-22,http://www.reuters.com/article/2014/08/21/us-homedepot-ceo-idUSKBN0GL25720140821
2014-08-22,http://www.reuters.com/article/2014/08/21/homedepot-ceo-idUSL4N0QR55820140821
2014-08-22,http://www.reuters.com/article/2014/08/21/homedepot-ceo-idUSL4N0QR54620140821
2014-08-22,http://www.reuters.com/article/2014/08/21/ga-homedepot-elects-idUSnPnRtw20+50+PRN20140821
2014-08-22,http://www.reuters.com/article/2014/08/21/home-depot-dividend-idUSnPn7rS7ZZ+8b+PRN20140821
2014-08-22,http://www.reuters.com/article/2014/08/21/ga-home-depot-conf-idUSnPnbm016r+80+PRN20140821
2014-08-22,http://www.reuters.com/article/2014/08/21/bc-analysts-review-idUSnPn7qJKm9+8c+PRN20140821
2014-08-26,http://www.reuters.com/article/2014/08/25/il-zacks-homedepot-idUSnPn1sRG4f+8c+PRN20140825
2014-08-27,http://www.reuters.com/article/2014/08/26/ca-yardi-idUSnBw265060a+100+BSW20140826
2014-08-29,http://www.reuters.com/article/2014/08/28/am-lgn-home-depot-grant-idUSnBw285843a+100+BSW20140828
2014-08-29,http://www.reuters.com/article/2014/08/28/research-and-markets-idUSnBw285262a+100+BSW20140828
2014-08-30,http://www.reuters.com/article/2014/08/29/bc-analysts-review-idUSnPn8nb8v2+80+PRN20140829
2014-09-03,http://www.reuters.com/article/2014/09/02/us-home-depot-customer-data-idUSKBN0GX2AQ20140902
2014-09-03,http://www.reuters.com/article/2014/09/02/home-depot-customer-data-idUSL1N0R31PN20140902
2014-09-03,http://www.reuters.com/article/2014/09/02/blocklevitonhomedepot-idUSnPn2N7djV+91+PRN20140902
2014-09-03,http://www.reuters.com/article/2014/09/02/home-depot-idUSL1N0R31NS20140902
2014-09-03,http://www.reuters.com/news/video/videoStory?storyID=93521890
2014-09-04,http://www.reuters.com/article/2014/09/03/us-home-depot-customer-data-idUSKBN0GY2LF20140903
2014-09-04,http://www.reuters.com/article/2014/09/03/home-depot-customer-data-idUSL1N0R42R320140903
2014-09-04,http://www.reuters.com/article/2014/09/03/home-depot-customer-data-idUSL1N0R42DO20140903
2014-09-04,http://www.reuters.com/article/2014/09/03/idUS237720808420140903
2014-09-04,http://www.reuters.com/news/video/videoStory?storyID=93572866
2014-09-05,http://www.reuters.com/article/2014/09/04/ga-harris-penn-lowry-idUSnPn3BQ210+98+PRN20140904
2014-09-05,http://www.reuters.com/article/2014/09/04/us-usa-homedepot-dataprotection-idUSKBN0GZ1O020140904
2014-09-05,http://www.reuters.com/article/2014/09/04/usa-homedepot-dataprotection-idUSL1N0R517720140904
2014-09-05,http://www.reuters.com/article/2014/09/04/usa-homedepot-dataprotection-idUSL1N0R516920140904
2014-09-06,http://www.reuters.com/article/2014/09/05/ny-momentive-performance-idUSnBw055813a+100+BSW20140905
2014-09-06,http://www.reuters.com/article/2014/09/05/il-zacks-analyst-blog-idUSnPn7gk33n+80+PRN20140905
2014-09-09,http://www.reuters.com/article/2014/09/09/home-depot-dataprotection-breach-update-idUSL1N0R92AC20140909
2014-09-09,http://www.reuters.com/article/2014/09/08/us-usa-home-depot-databreach-idUSKBN0H327E20140908
2014-09-09,http://www.reuters.com/article/2014/09/08/home-depot-dataprotection-breach-idUSL1N0R92AC20140908
2014-09-09,http://www.reuters.com/article/2014/09/08/usa-home-depot-databreach-idUSL3N0R93TG20140908
2014-09-09,http://www.reuters.com/article/2014/09/08/home-depot-breach-idUSnPn5RZRb0+9c+PRN20140908
2014-09-09,http://www.reuters.com/article/2014/09/08/us-home-depot-dataprotection-disclosure-idUSKBN0H31UC20140908
2014-09-09,http://www.reuters.com/article/2014/09/08/home-depot-dataprotection-disclosure-idUSL3N0R64BH20140908
2014-09-09,http://www.reuters.com/article/2014/09/08/bc-analysts-review-idUSnPn2Lm6DY+93+PRN20140908
2014-09-10,https://www.nytimes.com/2014/09/10/business/daily-stock-market-activity.html
2014-09-10,http://www.reuters.com/article/2014/09/10/us-home-depot-dataprotection-lawsuit-idUSKBN0H42HE20140910
2014-09-10,http://www.reuters.com/article/2014/09/10/us-home-depot-dataprotection-breach-prob-idUSKBN0H41SQ20140910
2014-09-10,http://www.reuters.com/article/2014/09/10/home-depot-dataprotection-breach-probe-idUSL1N0RA1DL20140910
2014-09-10,http://www.reuters.com/article/2014/09/09/us-home-depot-dataprotection-lawsuit-idUSKBN0H42HE20140909
2014-09-10,http://www.reuters.com/article/2014/09/09/us-home-depot-dataprotection-breach-prob-idUSKBN0H41SQ20140909
2014-09-10,http://www.reuters.com/article/2014/09/09/home-depot-dataprotection-lawsuit-idUSL3N0RA4HS20140909
2014-09-10,http://www.reuters.com/article/2014/09/09/harwood-feffer-llp-idUSnPnb5yLlw+84+PRN20140909
2014-09-10,http://www.reuters.com/article/2014/09/09/home-depot-dataprotection-lawsuit-idUSL3N0RA4GG20140909
2014-09-10,http://www.reuters.com/article/2014/09/09/homedepot-brief-idUSWEN00DYJ20140909
2014-09-10,http://www.reuters.com/article/2014/09/09/home-depot-dataprotection-breach-probe-idUSL1N0RA1DL20140909
2014-09-10,http://www.reuters.com/article/2014/09/09/homedepot-invest-alrt-idUSnPn7t7mZr+82+PRN20140909
2014-09-10,http://www.reuters.com/article/2014/09/09/us-usa-home-depot-databreach-idUSKBN0H327E20140909
2014-09-10,http://www.reuters.com/article/2014/09/09/us-home-depot-dataprotection-breach-prob-idUSKBN0H41SC20140909
2014-09-10,http://www.reuters.com/article/2014/09/09/home-depot-dataprotection-breach-probe-idUSL1N0RA1AW20140909
2014-09-10,http://www.reuters.com/article/2014/09/09/idUSnMKW4R6sva+1d0+MKW20140909
2014-09-10,http://www.reuters.com/article/2014/09/09/idUSnMKWZH6dDa+1f2+MKW20140909
2014-09-10,http://www.reuters.com/article/2014/09/09/markets-usa-stocks-idUSL1N0RA0NX20140909
2014-09-11,http://www.reuters.com/article/2014/09/10/bc-investor-edge-idUSnPnb6vLM9+86+PRN20140910
2014-09-17,http://www.reuters.com/article/2014/09/16/bc-analysts-review-idUSnPn3jT3Xk+8a+PRN20140916
2014-09-18,http://www.reuters.com/article/2014/09/17/jpmorgan-cards-idUSL1N0RI1TO20140917
2014-09-18,http://www.reuters.com/article/2014/09/17/us-jpmorgan-cards-idUSKBN0HC1XX20140917
2014-09-18,http://www.reuters.com/article/2014/09/17/jpmorgan-cards-idUSL1N0RI1RT20140917
2014-09-19,http://www.reuters.com/article/2014/09/18/us-home-depot-dataprotection-idUSKBN0HD2J420140918
2014-09-19,http://www.reuters.com/article/2014/09/18/home-depot-dataprotection-idUSL3N0RJ5VJ20140918
2014-09-19,http://www.reuters.com/article/2014/09/18/home-depot-dataprotection-idUSL3N0RJ5SS20140918
2014-09-19,http://www.reuters.com/article/2014/09/18/ga-homedepot-malware-idUSnPn1BTBsr+9c+PRN20140918
2014-09-19,http://www.reuters.com/article/2014/09/18/idUSnMKWTFF7qa+1f8+MKW20140918
2014-09-20,https://www.nytimes.com/2014/09/20/business/ex-employees-say-home-depot-left-data-vulnerable.html
2014-09-20,http://www.reuters.com/article/2014/09/19/abine-mask-creditcard-idUSnPnL0xMh+52+PRN20140919
2014-09-21,http://www.reuters.com/article/2014/09/20/homedepot-nytimes-idUSL1N0RL0PG20140920
2014-09-23,http://www.reuters.com/article/2014/09/23/idUSnMKWS0bK5a+1e4+MKW20140923
2014-09-23,http://www.reuters.com/article/2014/09/23/idUSnCCNJjFXM+f7+MKW20140923
2014-09-23,http://www.reuters.com/article/2014/09/22/prilock-tech-security-idUSnPnc6LrRy+8a+PRN20140922
2014-09-24,http://www.reuters.com/article/2014/09/23/us-home-depot-idUSKCN0HI2M520140923
2014-09-24,http://www.reuters.com/article/2014/09/23/idUSL3N0RO5I020140923
2014-10-02,http://www.reuters.com/article/2014/10/01/il-zacksinvestment-idUSnPn5BsP0N+95+PRN20141001
2014-10-02,http://www.reuters.com/article/2014/10/01/idUSnMKWdWbvHa+1d2+MKW20141001
2014-10-03,http://www.reuters.com/article/2014/10/02/bc-analysts-review-idUSnPn5GXRpD+9d+PRN20141002
2014-10-07,http://www.reuters.com/article/2014/10/06/idUSnMKW93LW6a+1cc+MKW20141006
2014-10-09,http://www.reuters.com/article/2014/10/08/cpsc-fiskars-recall-idUSnPn7xx4VG+83+PRN20141008
2014-10-11,http://www.reuters.com/article/2014/10/10/home-depot-watersense-idUSnPn8PMrwT+99+PRN20141010
2014-10-14,https://www.nytimes.com/2014/10/14/business/jc-penney-names-marvin-ellison-as-its-next-chief.html
2014-10-14,http://www.reuters.com/article/2014/10/13/us-jc-penney-ceo-idUSKCN0I213F20141013
2014-10-14,http://www.reuters.com/article/2014/10/13/jc-penney-ceo-idUSL3N0S84FL20141013
2014-10-14,http://www.reuters.com/article/2014/10/13/jc-penney-ceo-idUSL3N0S83ZA20141013
2014-10-14,http://www.reuters.com/article/2014/10/13/jc-penney-ceo-idUSL3N0S83Y420141013
2014-10-15,http://www.reuters.com/article/2014/10/14/idUSnMKWJJWdNa+1fa+MKW20141014
2014-10-15,http://www.reuters.com/article/2014/10/14/bc-analysts-review-idUSnPn14RXf4+8c+PRN20141014
2014-10-17,http://www.reuters.com/article/2014/10/16/allure-energy-idUSnPn9f2Qxs+84+PRN20141016
2014-10-18,http://www.reuters.com/article/2014/10/17/bc-investor-edge-idUSnPn6BXNPG+9f+PRN20141017
2014-10-21,http://www.reuters.com/article/2014/10/20/homedepot-elects-evp-idUSnPn7gQlJv+8a+PRN20141020
2014-10-23,http://www.reuters.com/article/2014/10/22/zacks-equity-research-idUSnPn1msSYt+86+PRN20141022
2014-10-23,http://www.reuters.com/article/2014/10/22/bc-analysts-review-idUSnPn2DFl1P+99+PRN20141022
2014-10-25,http://www.reuters.com/article/2014/10/24/1stenergy-builds-line-idUSnPnc7nVBP+87+PRN20141024
2014-10-31,http://www.reuters.com/article/2014/10/30/home-depot-data-breac-idUSnPn5YpZR5+96+PRN20141030
2014-11-01,http://www.reuters.com/article/2014/10/31/bc-analysts-review-idUSnPn43V0Rv+8a+PRN20141031
2014-11-04,http://www.reuters.com/article/2014/11/03/dte-energy-led-bulbs-idUSnPn3Qn0mv+90+PRN20141103
2014-11-05,http://www.reuters.com/article/2014/11/04/pa-scrub-daddy-idUSnBw046351a+100+BSW20141104
2014-11-05,http://www.reuters.com/article/2014/11/04/home-depot-conf-call-idUSnPnbHvNms+94+PRN20141104
2014-11-07,http://www.reuters.com/article/2014/11/07/home-depot-dataprotection-idUSL4N0SW8RZ20141107
2014-11-07,http://www.reuters.com/article/2014/11/06/us-home-depot-dataprotection-idUSKBN0IQ2L120141106
2014-11-07,http://www.reuters.com/article/2014/11/06/home-depot-dataprotection-idUSL4N0SW8RZ20141106
2014-11-07,http://www.reuters.com/article/2014/11/06/homedepot-data-breach-idUSnPn3gxzrG+81+PRN20141106
2014-11-08,http://www.reuters.com/article/2014/11/07/nj-hiperos-idUSnBw075832a+100+BSW20141107
2014-11-08,http://www.reuters.com/article/2014/11/07/us-home-depot-dataprotection-idUSKBN0IQ2L120141107
2014-11-11,http://www.reuters.com/article/2014/11/10/bc-analysts-review-idUSnPn1Rb8r2+90+PRN20141110
2014-11-12,http://www.reuters.com/article/2014/11/11/home-depot-foundation-idUSnPn4YShQG+9b+PRN20141111
2014-11-17,https://www.nytimes.com/2014/11/17/business/retailers-earnings-fed-minutes-and-a-panel-on-wall-st.html
2014-11-18,http://www.reuters.com/article/2014/11/17/il-zacks-investments-idUSnPn3kLbVc+8a+PRN20141117
2014-11-19,https://www.nytimes.com/2014/11/19/business/home-depot-reports-strong-third-quarter-growth-despite-data-breach-disclosure.html
2014-11-19,http://www.reuters.com/article/2014/11/18/us-home-depot-results-idUSKCN0J213J20141118
2014-11-19,http://www.reuters.com/article/2014/11/18/home-depot-results-idUSL3N0T849A20141118
2014-11-19,http://www.reuters.com/article/2014/11/18/home-depot-results-idUSL3N0T75HD20141118
2014-11-19,http://www.reuters.com/article/2014/11/18/ga-home-depot-erns-idUSnPn6dsKb9+84+PRN20141118
2014-11-19,http://www.reuters.com/news/video/videoStory?storyID=99553108
2014-11-20,http://www.reuters.com/article/2014/11/19/cpsc-rugs-recall-idUSnPn1tSNrv+8c+PRN20141119
2014-11-21,http://www.reuters.com/article/2014/11/20/ga-home-depot-div-idUSnPn5Q5C8s+94+PRN20141120
2014-11-22,http://www.reuters.com/article/2014/11/21/il-zacks-analyst-blog-idUSnPn9VMM8B+9d+PRN20141121
2014-11-27,http://www.reuters.com/article/2014/11/26/bc-investor-edge-idUSnPn8jWRxF+8d+PRN20141126
2014-11-29,http://www.reuters.com/article/2014/11/28/il-zacksinvestment-idUSnPn6MXk4G+99+PRN20141128
2014-12-03,http://www.reuters.com/article/2014/12/02/il-zacks-investments-idUSnPn56JHkG+8d+PRN20141202
2014-12-03,http://www.reuters.com/article/2014/12/02/idUSnGNX7tRVY1+1ce+GNW20141202
2014-12-06,http://www.reuters.com/article/2014/12/05/ny-fitch-ratings-home-dp-idUSnBw055449a+100+BSW20141205
2014-12-06,http://www.reuters.com/article/2014/12/05/fitch-upgrades-the-home-depot-to-a-outlo-idUSFit85868020141205
2014-12-10,http://www.reuters.com/article/2014/12/09/zacks-marketvectors-idUSnPnd5pzJ+41+PRN20141209
2014-12-24,http://www.reuters.com/article/2014/12/23/il-zacks-analystblog-idUSnPn1mzpF0+82+PRN20141223
2015-01-10,http://www.reuters.com/article/2015/01/09/bc-investor-edge-idUSnPn5y9pMC+83+PRN20150109
2015-01-13,http://www.reuters.com/article/2015/01/12/idUSnGNX4WfKxQ+1d5+GNW20150112
2015-01-17,http://www.reuters.com/article/2015/01/16/home-depot-elects-idUSnPn9HqpTR+93+PRN20150116
2015-01-26,http://www.reuters.com/article/2015/01/25/us-new-york-shooting-homedepot-idUSKBN0KY10B20150125
2015-01-26,http://www.reuters.com/article/2015/01/25/new-york-shooting-homedepot-idUSL1N0V40IX20150125
2015-01-27,http://www.reuters.com/article/2015/01/26/us-new-york-shooting-homedepot-idUSKBN0KY10B20150126
2015-02-08,http://www.reuters.com/article/2015/02/07/us-usa-crime-bombplot-idUSKBN0LB0O420150207
2015-02-08,http://www.reuters.com/article/2015/02/07/usa-crime-bombplot-idUSL1N0VH0E120150207
2015-02-11,http://www.reuters.com/article/2015/02/10/home-depot-earnings-idUSnPn1lR9bZ+89+PRN20150210
2015-02-11,http://www.reuters.com/article/2015/02/10/home-depot-new-hires-idUSnPn6JV7xj+98+PRN20150210
2015-02-13,http://www.reuters.com/article/2015/02/12/idUSnMKWbHvQLa+1d6+MKW20150212
2015-02-18,http://www.reuters.com/article/2015/02/17/home-depotconf-idUSnPn7Jtbw7+90+PRN20150217
2015-02-25,https://www.nytimes.com/2015/02/25/business/west-coast-port-gridlock-hits-inventory-at-macys-and-home-depot.html
2015-02-25,http://www.reuters.com/article/2015/02/24/us-homedepot-results-idUSKBN0LS10U20150224
2015-02-25,http://www.reuters.com/article/2015/02/24/homedepot-results-idUSL4N0VY2GK20150224
2015-02-25,http://www.reuters.com/article/2015/02/24/bc-investor-edge-idUSnPn4QmzG0+92+PRN20150224
2015-02-25,http://www.reuters.com/article/2015/02/24/homedepot-results-idUSL4N0VY02A20150224
2015-02-25,http://www.reuters.com/article/2015/02/24/home-depot-earnings-idUSnPnbHJ5FT+9b+PRN20150224
2015-02-25,http://www.reuters.com/news/video/videoStory?storyID=104564560
2015-03-11,http://www.reuters.com/article/2015/03/10/idUSnMKWbq3mqa+1c0+MKW20150310
2015-03-13,http://www.reuters.com/article/2015/03/12/cpsc-westinghouse-idUSnPn8yz28D+81+PRN20150312
2015-03-19,http://www.reuters.com/article/2015/03/18/ca-schubert-homedepot-idUSnPn7M3cz7+90+PRN20150318
2015-03-24,http://www.reuters.com/article/2015/03/23/bc-investor-edge-idUSnPn7Yswmm+90+PRN20150323
2015-03-25,http://www.reuters.com/article/2015/03/25/terrapinn-ecommerce-idUSnPnw23BL+43+PRN20150325
2015-03-26,http://www.reuters.com/article/2015/03/25/terrapinn-ecommerce-idUSnPnw23BL+43+PRN20150325
2015-04-10,http://www.reuters.com/article/2015/04/09/home-depot-spring-idUSnPn4GVF8Q+9d+PRN20150409
2015-04-15,http://www.reuters.com/article/2015/04/14/home-depot-award-idUSnPn5drDnz+84+PRN20150414
2015-04-16,http://www.reuters.com/article/2015/04/15/cpsc-bike-hook-recall-idUSnPn21Y9dJ+89+PRN20150415
2015-04-22,http://www.reuters.com/article/2015/04/21/purely-organic-new-idUSnPn82wWdj+84+PRN20150421
2015-04-23,https://www.nytimes.com/2015/04/23/business/home-depot-says-it-will-phase-out-chemical-used-in-vinyl-flooring.html
2015-05-06,http://www.reuters.com/article/2015/05/05/idUSnMKWBvCfBa+1ea+MKW20150505
2015-05-06,http://www.reuters.com/article/2015/05/05/home-depot-conf-call-idUSnPnrKNJp+4e+PRN20150505
2015-05-14,http://www.reuters.com/article/2015/05/13/bc-investor-edge-idUSnPnb0V2jm+88+PRN20150513
2015-05-18,https://www.nytimes.com/2015/05/18/business/earnings-from-walmart-and-more-big-retailers-wall-streets-annual-meetings.html
2015-05-19,http://www.reuters.com/article/2015/05/18/redcross-saf-program-idUSnPn90Gk78+88+PRN20150518
2015-05-20,http://www.reuters.com/article/2015/05/19/us-home-depot-results-idUSKBN0O413I20150519
2015-05-20,http://www.reuters.com/article/2015/05/19/home-depot-results-idUSL3N0YA3MP20150519
2015-05-20,http://www.reuters.com/article/2015/05/19/home-depot-results-idUSL3N0YA3I620150519
2015-05-20,http://www.reuters.com/article/2015/05/19/home-depot-earns-idUSnPn1cv8wZ+81+PRN20150519
2015-05-20,http://www.reuters.com/news/video/videoStory?storyID=108077182
2015-05-21,http://www.reuters.com/article/2015/05/21/us-home-depot-lowes-winter-idUSKBN0O601V20150521
2015-05-21,http://www.reuters.com/article/2015/05/21/home-depot-lowes-winter-idUSL1N0YB2MX20150521
2015-05-21,http://www.reuters.com/news/video/videoStory?storyID=108116562
2015-05-22,http://www.reuters.com/article/2015/05/21/home-depot-dividend-idUSnPn7B727C+91+PRN20150521
2015-05-28,http://www.reuters.com/article/2015/05/27/home-depot-workshops-idUSnPnqzzBJ+43+PRN20150527
2015-05-29,http://www.reuters.com/article/2015/05/28/ny-fitch-ratings-home-idUSnBw286400a+100+BSW20150528
2015-06-05,http://www.reuters.com/article/2015/06/04/home-depot-dotcomm-idUSnPndq3gP+41+PRN20150604
2015-06-11,https://www.nytimes.com/2015/06/11/business/dealbook/when-it-comes-to-hackers-big-and-small-will-do.html
2015-06-26,http://www.reuters.com/article/2015/06/25/tx-realpage-idUSnBw255279a+100+BSW20150625
2015-07-01,http://www.reuters.com/article/2015/06/30/voa-home-depot-grant-idUSnPn932dlG+81+PRN20150630
2015-07-21,http://www.reuters.com/article/georgiapowerhomedepot-idUSnPn5xFMy1+8c+PRN20150720
2015-07-23,https://www.nytimes.com/2015/07/23/business/dealbook/home-depot-to-buy-interline-brands-for-1-6-billion-in-cash.html
2015-07-23,http://www.reuters.com/article/us-interline-brands-m-a-home-depot-idUSKCN0PW1G320150722
2015-07-23,http://www.reuters.com/article/interline-brands-ma-home-depot-idUSL3N10246820150722
2015-07-23,http://www.reuters.com/article/interline-brands-ma-home-depot-idUSL3N10241T20150722
2015-07-23,http://www.reuters.com/article/idUSnGNX58Htcm+1c8+GNW20150722
2015-07-23,http://www.reuters.com/article/homedepot-acqrs-idUSnPnbbJjgt+88+PRN20150722
2015-07-24,http://www.reuters.com/article/ny-fitch-ratings-home-de-idUSnBw236032a+100+BSW20150723
2015-08-05,http://www.reuters.com/article/ga-home-depot-q2-call-idUSnPn3R5tRy+92+PRN20150804
2015-08-06,http://www.reuters.com/article/home-depot-board-idUSnPn4QZ1BP+9b+PRN20150805
2015-08-19,http://www.reuters.com/article/us-home-depot-results-idUSKCN0QN0XH20150818
2015-08-19,http://www.reuters.com/article/home-depot-results-idUSL3N10T3CG20150818
2015-08-19,http://www.reuters.com/article/markets-stocks-usa-idUSL3N10T4LA20150818
2015-08-19,http://www.reuters.com/article/home-depot-results-idUSL3N10S59Q20150818
2015-08-19,http://www.reuters.com/article/home-depot-earnings-idUSnPnc5LpK3+8a+PRN20150818
2015-08-21,http://www.reuters.com/article/home-depot-dividend-idUSnPn1KCK2m+9c+PRN20150820
2015-08-22,http://www.reuters.com/article/idUSnGNXbyxzpN+1c1+GNW20150821
2015-08-25,http://www.reuters.com/article/home-depot-acquires-idUSnPn6JDqVZ+9b+PRN20150824
2015-08-28,http://www.reuters.com/article/home-depot-goldman-idUSnPn2Fzy4y+90+PRN20150827
2015-09-02,http://www.reuters.com/article/cosentino-new-colors-idUSnPn8B9V24+94+PRN20150901
2015-09-05,http://www.reuters.com/article/research-and-markets-idUSnBw045310a+100+BSW20150904
2015-09-11,http://www.reuters.com/article/ny-fitch-ratings-home-idUSnBw106576a+100+BSW20150910
2015-09-11,http://www.reuters.com/article/cpsc-product-recall-idUSnPn27B0vR+89+PRN20150910
2015-09-11,http://www.reuters.com/article/home-depot-volunteers-idUSnPn4pdc2j+80+PRN20150910
2015-09-16,http://www.reuters.com/article/me-cashstar-idUSnBw156131a+100+BSW20150915
2015-09-19,http://www.reuters.com/article/home-depot-new-center-idUSnPn3lc4M1+82+PRN20150918
2015-09-19,http://www.reuters.com/article/idUSnGNX5DhYLX+1d7+GNW20150918
2015-09-29,http://www.reuters.com/article/research-and-markets-idUSnBw285897a+100+BSW20150928
2015-09-30,http://www.reuters.com/article/home-depot-innovation-idUSnPn25JRWs+8e+PRN20150929
2015-10-06,http://www.reuters.com/article/home-depot-elect-idUSnPn3HMHKb+9e+PRN20151005
2015-10-10,http://www.reuters.com/article/homedepot-watersense-idUSnPnbjPW89+8c+PRN20151009
2015-10-15,http://www.reuters.com/article/idUSnGNX3kRFsx+1cc+GNW20151014
2015-10-16,http://www.reuters.com/article/solarcity-award-idUSnPn2Sd0wC+91+PRN20151015
2015-11-03,http://www.reuters.com/article/hub-group-home-depot-idUSnPn4Fnkjl+90+PRN20151102
2015-11-03,http://www.reuters.com/article/verizon-pumpalarm-idUSnPn76YTQX+8f+PRN20151102
2015-11-04,http://www.reuters.com/article/home-depot-conf-call-idUSnPn8W2wwD+91+PRN20151103
2015-11-12,http://www.reuters.com/article/ga-homedepot-veterans-idUSnPn37BfmV+89+PRN20151111
2015-11-18,https://www.nytimes.com/2015/11/18/business/walmart-q3-earnings-retail.html
2015-11-18,http://www.reuters.com/article/us-home-depot-results-idUSKCN0T617M20151117
2015-11-18,http://www.reuters.com/article/home-depot-results-idUSL3N13C3LT20151117
2015-11-18,http://www.reuters.com/article/usa-stocks-idUSL3N13C3PF20151117
2015-11-18,http://www.reuters.com/article/home-depot-results-idUSL3N13B47E20151117
2015-11-18,http://www.reuters.com/article/home-depot-earnings-idUSnPn5w4BSq+86+PRN20151117
2015-11-19,http://www.reuters.com/article/cpsc-homedepot-recall-idUSnPn8Rsg4b+90+PRN20151118
2015-11-20,http://www.reuters.com/article/ga-home-depot-div-idUSnPn1Q1bGP+93+PRN20151119
2015-12-03,http://www.reuters.com/article/geappliance-ma-electrolux-idUSL1N13R3A120151202
2015-12-03,http://www.reuters.com/article/us-geappliance-m-a-electrolux-idUSKBN0TL2V620151202
2015-12-03,http://www.reuters.com/article/geappliance-ma-electrolux-idUSL1N13R29R20151202
2015-12-09,http://www.reuters.com/article/ga-home-depot-update-idUSnPn59snWm+82+PRN20151208
2015-12-16,http://www.reuters.com/article/episerver-survey-idUSnPn27kg00+80+PRN20151215
2016-02-24,http://www.reuters.com/article/us-homedepot-results-idUSKCN0VW130
2016-02-24,http://www.reuters.com/article/homedepot-results-idUSL3N1623VN
2016-02-24,http://www.reuters.com/article/homedepot-results-idUSL3N1623S3
2016-02-24,http://www.reuters.com/news/video/videoStory?storyID=116279885
2016-02-25,http://www.reuters.com/article/us-lowe-s-results-idUSKCN0VX16W
2016-02-25,http://www.reuters.com/article/lowes-results-idUSL3N1633YG
2016-02-26,http://www.reuters.com/article/idUSFit950382
2016-03-09,http://www.reuters.com/article/home-depot-breach-settlement-idUSL1N16G13P
2016-03-09,http://www.reuters.com/article/us-home-depot-breach-settlement-idUSKCN0WA24Z
2016-03-09,http://www.reuters.com/article/home-depot-breach-settlement-idUSL1N16G10M
2016-03-09,http://www.reuters.com/article/home-depot-breach-settlement-idUSL1N16G0ZU
2016-03-23,http://www.reuters.com/article/google-home-depot-cloud-idUSL2N16U2BQ
2016-03-23,http://www.reuters.com/article/google-home-depot-cloud-idUSL2N16V02L
2016-03-24,http://www.reuters.com/article/us-google-home-depot-cloud-idUSKCN0WO380
2016-03-24,http://www.reuters.com/news/video/videoStory?storyID=117214868
2016-05-18,http://www.reuters.com/article/usa-stocks-idUSZXN0RQK2I
2016-05-18,http://www.reuters.com/article/us-home-depot-results-idUSKCN0Y812Z
2016-05-18,http://www.reuters.com/article/home-depot-results-idUSL3N18E3ZM
2016-05-18,http://www.reuters.com/article/idUSFWN18E0AZ
2016-05-18,http://www.reuters.com/article/home-depot-results-idUSL3N18E37L
2016-05-18,http://www.reuters.com/article/idUSASC08Q1C
2016-05-18,http://www.reuters.com/article/home-depot-results-idUSL3N18D44G
2016-05-18,http://www.reuters.com/news/video/videoStory?storyID=118779499
2016-05-18,http://www.reuters.com/news/video/videoStory?storyID=118772544
2016-05-19,http://www.reuters.com/article/idUSFWN18F0AW
2016-05-20,http://www.reuters.com/article/idUSFWN18G0Q4
2016-05-20,http://www.reuters.com/article/home-depot-dividend-idUSnPn66Sh8P+89+PRN20160519
2016-08-17,http://www.reuters.com/article/us-home-depot-results-idUSKCN10R0X2
2016-08-17,http://www.reuters.com/article/home-depot-results-idUSL3N1AX3DR
2016-08-17,http://www.reuters.com/article/idUSFWN1AX0JO
2016-08-17,http://www.reuters.com/article/home-depot-results-idUSL3N1AX396
2016-08-17,http://www.reuters.com/article/home-depot-results-idUSL3N1AT4SR
2016-08-17,http://www.reuters.com/article/idUSASC0938F
2016-08-17,http://www.reuters.com/news/video/videoStory?storyID=121341388
2016-08-19,http://www.reuters.com/article/idUSFWN1AZ0QU
2016-09-07,http://www.reuters.com/article/idUSFWN1BI0DJ
2016-09-07,http://www.reuters.com/article/idUSFWN1BI0CK
2016-09-07,http://www.reuters.com/article/idUSFit972203
2016-09-10,http://www.reuters.com/article/uscorpbonds-issuance-idUSL1N1BL1RC
2016-10-07,http://www.reuters.com/article/idUSASC09AGQ
2016-11-16,http://www.reuters.com/article/us-home-depot-results-idUSKBN13A189
2016-11-16,http://www.reuters.com/article/idUSFWN1DG0QH
2016-11-16,http://www.reuters.com/article/home-depot-results-idUSL4N1DG3TG
2016-11-16,http://www.reuters.com/article/idUSASC09IY5
2016-11-16,http://www.reuters.com/article/home-depot-results-idUSL4N1DF5DY
2016-11-16,http://www.reuters.com/news/video/videoStory?storyID=124068924
2016-11-17,http://www.reuters.com/article/us-lowes-results-idUSKBN13B17U
2016-11-17,http://www.reuters.com/article/lowes-results-idUSL4N1DH3H6
2016-11-18,http://www.reuters.com/article/idUSFWN1DI0RA
2017-02-01,http://www.reuters.com/article/idUSFWN1FL0LK
2017-02-22,http://www.reuters.com/article/us-home-depot-results-idUSKBN16015B
2017-02-22,http://www.reuters.com/article/home-depot-results-idUSL4N1G63G0
2017-02-22,http://www.reuters.com/article/brief-home-depot-q4-eps-idUSASB0B15I
2017-02-22,http://www.reuters.com/article/home-depot-results-idUSL4N1G63E7
2017-02-23,http://www.reuters.com/article/fitch-affirms-the-home-depot-incs-idr-at-idUSFit990384
2017-03-24,http://www.reuters.com/article/brief-home-depot-says-became-aware-of-ep-idUSFWN1H00N7
2017-03-25,http://www.reuters.com/article/homedepot-murder-idUSL2N1H11ZE
2017-03-25,http://www.reuters.com/article/us-homedepot-murder-idUSKBN16V2PT
2017-03-25,http://www.reuters.com/article/homedepot-murder-idUSL2N1H11JC
2017-04-04,http://www.reuters.com/article/brief-home-depot-says-ceo-craig-menears/brief-home-depot-says-ceo-craig-menears-total-compensation-for-2016-was-11-5-mln-vs-11-6-mln-in-2015-sec-filing-idUSFWN1HB0V9
2017-04-20,http://www.reuters.com/article/brief-home-depot-says-reduce-north-ameri/brief-home-depot-says-reduce-north-american-consumers-electricity-costs-by-more-than-2-8-bln-by-2020-idUSFWN1HR0HZ
2017-05-17,http://www.reuters.com/article/us-home-depot-results/home-depots-profit-tops-on-higher-sales-of-big-ticket-items-idUSKCN18C11I
2017-05-17,http://www.reuters.com/article/home-depot-results/update-3-home-depots-profit-tops-on-higher-sales-of-big-ticket-items-idUSL4N1II3NE
2017-05-17,http://www.reuters.com/article/brief-home-depot-on-conf-call-q1-drivers/brief-home-depot-on-conf-call-q1-drivers-behind-increase-in-big-ticket-purchases-were-appliances-flooring-and-roofing-idUSFWN1II0JT
2017-05-17,http://www.reuters.com/article/brief-home-depot-posts-q1-earnings-per-s/brief-home-depot-posts-q1-earnings-per-share-1-67-idUSASA09Q1L
2017-05-17,http://www.reuters.com/article/home-depot-results/home-depots-quarterly-profit-jumps-12-pct-idUSL4N1IH4LW
2017-05-17,http://www.reuters.com/news/video/videoStory?storyID=128823495
2017-05-25,http://www.reuters.com/article/us-lowes-results/lowes-results-disappoint-in-contrast-to-rival-home-depot-idUSKBN18K16G
2017-05-25,http://www.reuters.com/article/lowes-results/refile-update-3-lowes-results-disappoint-in-contrast-to-rival-home-depot-idUSL4N1IQ3JM
2017-05-25,http://www.reuters.com/article/fitch-rates-the-home-depot-incs-proposed/fitch-rates-the-home-depot-inc-s-proposed-sr-unsecured-notes-a-idUSL4N1IQ4I5
2017-05-25,http://www.reuters.com/article/brief-home-depot-files-preliminary-prosp/brief-home-depot-files-preliminary-prospectus-supplement-related-to-a-3-part-notes-offering-idUSFWN1IQ0JT
2017-05-25,http://www.reuters.com/news/video/videoStory?storyID=129104789
2017-07-06,http://www.reuters.com/article/brief-us-cpsc-says-lumicentro-internacio/brief-u-s-cpsc-says-lumicentro-internacional-with-home-depot-recalls-about-10500-crystal-chandeliers-idUSFWN1JW0I9
2017-07-07,http://www.reuters.com/article/brief-the-home-depot-agrees-to-purchase/brief-the-home-depot-agrees-to-purchase-compact-power-equipment-inc-idUSASA09W70
2017-08-16,http://www.reuters.com/article/usa-stocks/us-stocks-snapshot-wall-street-ends-flat-as-home-depot-drags-idUSZXN0R372I
2017-08-16,http://www.reuters.com/article/us-home-depot-results/looming-housing-slowdown-clouds-home-depots-strong-results-idUSKCN1AV0X4
2017-08-16,http://www.reuters.com/article/home-depot-results/update-5-looming-housing-slowdown-clouds-home-depots-strong-results-idUSL4N1L13K7
2017-08-16,http://www.reuters.com/article/brief-home-depot-on-conf-call-q2-big-tic/brief-home-depot-on-conf-call-q2-big-ticket-transactions-up-12-4-idUSFWN1L10NZ
2017-08-16,http://www.reuters.com/article/brief-home-depot-q2-earnings-per-share-2/brief-home-depot-q2-earnings-per-share-2-25-idUSASB0BFVD
2017-08-16,http://www.reuters.com/article/home-depot-results/home-depots-quarterly-profit-jumps-9-5-pct-idUSL4N1L13JI
2017-08-16,http://www.reuters.com/news/video/videoStory?storyID=131654726
2017-08-16,http://www.reuters.com/news/video/videoStory?storyID=131616200
2017-08-18,http://www.reuters.com/article/brief-home-depot-sets-quarterly-dividend/brief-home-depot-sets-quarterly-dividend-of-0-89-per-share-idUSFWN1L30SB
2017-08-18,http://www.reuters.com/article/brief-home-depot-converting-50-rooftops/brief-home-depot-converting-50-rooftops-to-solar-farms-idUSFWN1L30MI
2017-08-31,http://www.reuters.com/article/home-depot-settlement/home-depot-to-enter-5-7-mln-settlement-over-recalled-products-idUSL2N1LG21P
2017-08-31,http://www.reuters.com/article/brief-us-cpsc-says-home-depot-to-pay-57/brief-u-s-cpsc-says-home-depot-to-pay-5-7-million-civil-penalty-idUSFWN1LG0OB
2017-09-01,http://www.reuters.com/article/us-storm-harvey-homedepot/as-harvey-gained-fury-home-depot-raced-to-respond-idUSKCN1BB2U2
2017-09-01,http://www.reuters.com/article/storm-harvey-homedepot/update-1-as-harvey-gained-fury-home-depot-raced-to-respond-idUSL2N1LH2BL
2017-09-01,http://www.reuters.com/article/storm-harvey-homedepot/corrected-as-harvey-gained-fury-home-depot-raced-to-respond-idUSL4N1LG5CM
2017-09-01,http://www.reuters.com/news/video/videoStory?storyID=132061405
2017-09-06,http://www.reuters.com/article/fitch-rates-the-home-depot-incs-proposed/fitch-rates-the-home-depot-inc-s-proposed-sr-unsecured-notes-a-idUSFit93t4Kg
2017-09-06,http://www.reuters.com/article/brief-home-depot-files-preliminary-prosp/brief-home-depot-files-preliminary-prospectus-supplement-with-u-s-sec-related-to-potential-notes-offering-idUSFWN1LM0GC
2017-09-07,http://www.reuters.com/article/storm-irma-home-depot/update-1-home-depot-lowes-ship-emergency-material-to-florida-ahead-of-hurricane-idUSL2N1LN1SJ
2017-09-07,http://www.reuters.com/article/storm-irma-home-depot/home-depot-lowes-start-shipping-emergency-material-to-florida-ahead-of-hurricane-idUSL2N1LN1K6
2017-09-07,http://www.reuters.com/article/brief-home-depot-says-will-join-google-e/brief-home-depot-says-will-join-google-express-this-fall-idUSFWN1LN0DS
2017-09-08,http://www.reuters.com/article/us-storm-irma-home-depot/home-depot-lowes-ship-emergency-material-to-florida-ahead-of-hurricane-idUSKCN1BH2IG
2017-09-27,http://www.reuters.com/article/homedepot-settlement/judge-approves-27-mln-home-depot-data-breach-settlement-idUSL2N1M71PK
2017-10-11,http://www.reuters.com/article/brief-us-cpsc-says-outlet-converters-rec/brief-u-s-cpsc-says-outlet-converters-recalled-by-ningbo-litesun-electric-with-home-depot-idUSFWN1ML0QT
2017-10-12,http://www.reuters.com/news/video/videoStory?storyID=133333069
