2014-01-03,http://www.reuters.com/article/2014/01/03/caterpillar-trimble-idUSnPnCGgGHkj+16c+PRN20140103
2014-01-08,http://www.reuters.com/article/2014/01/08/research-and-markets-idUSnBw086400a+100+BSW20140108
2014-01-13,http://www.reuters.com/article/2014/01/13/caterpillar-conf-call-idUSnPnCGjzckj+160+PRN20140113
2014-01-14,http://www.reuters.com/article/2014/01/14/caterpillar-congress-idUSnPnCGjSBmd+16c+PRN20140114
2014-01-17,http://www.reuters.com/article/2014/01/17/il-zacks-investments-idUSnPnCGkSpkT+169+PRN20140117
2014-01-22,http://www.reuters.com/article/2014/01/23/caterpillar-china-special-rep-idUSL3N0IT1SV20140123
2014-01-22,http://www.reuters.com/news/video/videoStory?storyID=77089449
2014-01-23,http://www.reuters.com/article/2014/01/23/us-caterpillar-china-special-report-idUSBREA0M03720140123
2014-01-24,http://www.reuters.com/article/2014/01/24/us-caterpillar-dealers-idUSBREA0N1IG20140124
2014-01-24,http://www.reuters.com/article/2014/01/24/caterpillar-dealers-idUSL2N0KY1CC20140124
2014-01-27,https://www.theguardian.com/business/2014/jan/27/asian-shares-hit-by-stock-market-selloff-business-live
2014-01-27,http://www.reuters.com/article/2014/01/27/caterpillar-results-idUSL2N0L11R820140127
2014-01-27,http://www.reuters.com/article/2014/01/27/us-caterpillar-results-idUSBREA0Q0PS20140127
2014-01-27,http://www.reuters.com/article/2014/01/27/us-caterpillar-results-emergingmarkets-idUSBREA0Q1IB20140127
2014-01-27,http://www.reuters.com/article/2014/01/27/markets-usa-stocks-idUSL2N0L11FK20140127
2014-01-27,http://www.reuters.com/article/2014/01/27/caterpillar-results-idUSL2N0L10IW20140127
2014-01-27,http://www.reuters.com/article/2014/01/27/markets-usa-stocks-idUSL2N0L10KJ20140127
2014-01-27,http://www.reuters.com/article/2014/01/27/caterpillar-results-idUSL2N0L10H420140127
2014-01-27,http://www.reuters.com/article/2014/01/27/markets-usa-stocks-idUSL2N0L10H720140127
2014-01-27,http://www.reuters.com/article/2014/01/27/caterpillar-results-idUSL2N0KY20U20140127
2014-01-27,http://www.reuters.com/article/2014/01/27/il-cat-q4-earnings-idUSnPnCGmmcg2+160+PRN20140127
2014-01-27,http://www.reuters.com/news/video/videoStory?storyID=77378340
2014-01-28,https://www.nytimes.com/2014/01/28/business/caterpillar-earnings-reflect-economic-uptick.html
2014-01-30,http://www.reuters.com/article/2014/01/30/cat-repurchase-auth-idUSnPnCGnvskj+160+PRN20140130
2014-02-03,http://www.reuters.com/article/2014/02/03/zacks-equity-research-idUSnPnCGpd5kT+161+PRN20140203
2014-02-07,http://www.reuters.com/article/2014/02/07/ny-fitch-ratings-caterpi-idUSnBw075874a+100+BSW20140207
2014-02-07,http://www.reuters.com/article/2014/02/07/ny-fitch-ratings-idUSnBw075839a+100+BSW20140207
2014-02-07,http://www.reuters.com/article/2014/02/07/ny-fitch-ratings-caterpi-idUSnBw075765a+100+BSW20140207
2014-02-11,https://www.nytimes.com/2014/02/11/business/kellogg-workers-in-4th-month-of-lockout-in-memphis.html
2014-02-12,http://www.reuters.com/article/2014/02/12/il-caterpillar-idUSnPnCGr8Bq5+164+PRN20140212
2014-02-13,http://www.reuters.com/article/2014/02/13/research-and-markets-idUSnBw135882a+100+BSW20140213
2014-02-14,http://www.reuters.com/article/2014/02/14/il-zacks-investments-idUSnPnCGscRkT+165+PRN20140214
2014-02-18,http://www.reuters.com/article/2014/02/18/il-caterpillarinc-idUSnPnCGsxFkj+164+PRN20140218
2014-02-18,http://www.reuters.com/article/2014/02/18/il-cat-analystwebcast-idUSnPnCGsxCkj+164+PRN20140218
2014-02-20,http://www.reuters.com/article/2014/02/20/us-caterpillar-sales-idUSBREA1J1XX20140220
2014-02-20,http://www.reuters.com/article/2014/02/20/caterpillar-sales-idUSL2N0LP1PF20140220
2014-02-20,http://www.reuters.com/article/2014/02/20/idUSnMKWHX5JGa+1f6+MKW20140220
2014-03-03,http://www.reuters.com/article/2014/03/03/research-and-markets-idUSnBw036378a+100+BSW20140303
2014-03-04,http://www.reuters.com/article/2014/03/04/us-caterpillar-ceo-idUSBREA2321620140304
2014-03-04,http://www.reuters.com/article/2014/03/04/caterpillar-ceo-idUSL1N0M11ND20140304
2014-03-04,http://www.reuters.com/article/2014/03/04/caterpillar-business-idUSnPnCGx0Lt0+164+PRN20140304
2014-03-04,http://www.reuters.com/article/2014/03/04/caterpillarconexpo-idUSnPnCGwK3p8+168+PRN20140304
2014-03-05,http://www.reuters.com/article/2014/03/05/caterpillarfoundation-idUSnPnCGxKBzZ+16d+PRN20140305
2014-03-06,http://www.reuters.com/article/2014/03/06/research-and-markets-idUSnBw065633a+100+BSW20140306
2014-03-06,http://www.reuters.com/article/2014/03/06/us-caterpillar-dealers-idUSBREA250AZ20140306
2014-03-07,http://www.reuters.com/article/2014/03/07/caterpillaratconferen-idUSnPnCGy5qkj+160+PRN20140307
2014-03-07,http://www.reuters.com/article/2014/03/07/caterpillar-conferenc-idUSnPnCGy5nkj+160+PRN20140307
2014-03-12,http://www.reuters.com/article/2014/03/12/research-and-markets-idUSnBw126179a+100+BSW20140312
2014-03-17,http://www.reuters.com/article/2014/03/17/us-caterpillar-locomotives-lawsuit-idUSBREA2G1QV20140317
2014-03-20,http://www.reuters.com/article/2014/03/20/bc-investor-edge-idUSnPnbpLnyC+89+PRN20140320
2014-03-20,http://www.reuters.com/article/2014/03/20/us-caterpillar-dealers-insight-idUSBREA2J0Q320140320
2014-03-20,http://www.reuters.com/article/2014/03/20/caterpillar-dealers-idUSL2N0MA15Y20140320
2014-03-24,http://www.reuters.com/article/2014/03/24/us-usa-tax-caterpillar-idUSBREA2N1TM20140324
2014-03-24,http://www.reuters.com/article/2014/03/24/usa-tax-caterpillar-idUSL1N0ML1RY20140324
2014-03-27,http://www.reuters.com/article/2014/03/27/caterpillar-feedingam-idUSnPn2jHg6J+89+PRN20140327
2014-03-28,http://www.reuters.com/article/2014/03/28/us-usa-tax-caterpillar-idUSBREA2R1TR20140328
2014-03-31,https://www.theguardian.com/business/2014/mar/31/caterpillar-avoid-4billion-us-taxes-senate-report
2014-03-31,http://www.reuters.com/article/2014/03/31/us-usa-tax-caterpillar-idUSBREA2U1P720140331
2014-03-31,http://www.reuters.com/article/2014/03/31/usa-tax-caterpillar-idUSL1N0MS0X320140331
2014-03-31,http://www.reuters.com/article/2014/03/31/dc-caterpillar-senate-idUSnPn7Gxj9G+91+PRN20140331
2014-03-31,http://www.reuters.com/article/2014/03/31/research-and-markets-idUSnBw316493a+100+BSW20140331
2014-04-01,https://www.nytimes.com/2014/04/01/business/report-says-caterpillar-used-swiss-unit-to-pare-taxes.html
2014-04-01,http://www.reuters.com/article/2014/04/01/us-usa-tax-levin-hearing-idUSBREA3025020140401
2014-04-01,http://www.reuters.com/article/2014/04/01/usa-tax-levin-hearing-idUSL1N0MT0LS20140401
2014-04-01,http://www.reuters.com/article/2014/04/01/us-usa-tax-levin-hearing-idUSBREA300TP20140401
2014-04-01,http://www.reuters.com/article/2014/04/01/usa-tax-levin-hearing-idUSL1N0MS20B20140401
2014-04-02,https://www.nytimes.com/2014/04/02/business/at-hearing-caterpillar-defends-tax-practices.html
2014-04-02,http://www.reuters.com/article/2014/04/02/tx-caterpillar-oil-gas-idUSnBw026323a+100+BSW20140402
2014-04-04,https://www.nytimes.com/2014/04/04/business/switching-names-to-save-on-taxes.html
2014-04-04,http://www.reuters.com/article/2014/04/04/research-and-markets-idUSnBw045231a+100+BSW20140404
2014-04-08,http://www.reuters.com/article/2014/04/08/bc-investor-edge-idUSnPn36XlCB+8b+PRN20140408
2014-04-09,http://www.reuters.com/article/2014/04/09/il-caterpillar-idUSnPn4GbSM6+96+PRN20140409
2014-04-09,http://www.reuters.com/article/2014/04/09/bc-ar-idUSnPn164lPd+82+PRN20140409
2014-04-10,http://www.reuters.com/article/2014/04/10/il-caterpillar-idUSnPnbsMB4L+8d+PRN20140410
2014-04-15,http://www.reuters.com/article/2014/04/15/bc-analysts-review-idUSnPn6s2nSz+82+PRN20140415
2014-04-17,http://www.reuters.com/article/2014/04/17/research-and-markets-idUSnBw175968a+100+BSW20140417
2014-04-17,http://www.reuters.com/article/2014/04/17/research-and-markets-idUSnBw175532a+100+BSW20140417
2014-04-21,http://www.reuters.com/article/2014/04/21/us-caterpillar-ceo-salary-idUSBREA3K1E720140421
2014-04-21,http://www.reuters.com/article/2014/04/21/caterpillar-ceo-salary-idUSL2N0ND1F220140421
2014-04-22,http://www.reuters.com/article/2014/04/22/research-and-markets-idUSnBw226817a+100+BSW20140422
2014-04-22,http://www.reuters.com/article/2014/04/22/bc-e-idUSnPn2cGqYd+8a+PRN20140422
2014-04-23,http://www.reuters.com/article/2014/04/23/us-caterpillar-sales-idUSBREA3M1BV20140423
2014-04-23,http://www.reuters.com/article/2014/04/23/caterpillar-sales-idUSL2N0NF13J20140423
2014-04-24,https://www.theguardian.com/business/blog/2014/apr/24/apple-and-facebook-results-calm-fears-barclays-agm-live
2014-04-24,http://www.reuters.com/article/2014/04/24/us-neovia-sale-idUSBREA3N1XK20140424
2014-04-24,http://www.reuters.com/article/2014/04/24/neovia-sale-idUSL2N0NG1WY20140424
2014-04-24,http://www.reuters.com/article/2014/04/24/us-caterpillar-results-idUSBREA3N1SG20140424
2014-04-24,http://www.reuters.com/article/2014/04/24/caterpillar-results-idUSL2N0NG0ML20140424
2014-04-24,http://www.reuters.com/article/2014/04/24/markets-usa-stocks-idUSL2N0NG1D220140424
2014-04-24,http://www.reuters.com/article/2014/04/24/us-caterpillar-results-idUSBREA3N10A20140424
2014-04-24,http://www.reuters.com/article/2014/04/24/caterpillar-results-idUSL2N0N815020140424
2014-04-24,http://www.reuters.com/article/2014/04/24/il-cat-q1-earnings-idUSnPn5ZNglZ+99+PRN20140424
2014-04-28,http://www.reuters.com/article/2014/04/28/research-and-markets-idUSnBw286564a+100+BSW20140428
2014-04-28,http://www.reuters.com/article/2014/04/28/il-zacks-investment-idUSnPn5HclpB+91+PRN20140428
2014-04-28,http://www.reuters.com/article/2014/04/28/zacks-analyst-blog-idUSnPn4rSRFg+8e+PRN20140428
2014-04-28,http://www.reuters.com/article/2014/04/28/bc-a-idUSnPn9dz7j5+80+PRN20140428
2014-04-29,http://www.reuters.com/article/2014/04/29/levikorsinsky-probe-idUSnPn2D1hF0+92+PRN20140429
2014-04-29,http://www.reuters.com/article/2014/04/29/research-and-markets-idUSnBw296374a+100+BSW20140429
2014-04-30,http://www.reuters.com/article/2014/04/30/bc-investor-edge-idUSnPncgHt4P+89+PRN20140430
2014-05-01,http://www.reuters.com/article/2014/05/01/dieselforum-tier-idUSnPnbW1NR2+96+PRN20140501
2014-05-05,http://www.reuters.com/article/2014/05/05/ny-fitch-ratings-cater-idUSnBw056137a+100+BSW20140505
2014-05-05,http://www.reuters.com/article/2014/05/05/caterpillarwellsfargo-idUSnPnc8cwRp+82+PRN20140505
2014-05-06,http://www.reuters.com/article/2014/05/06/bc-analystsreviewcom-idUSnPn7FfTjF+95+PRN20140506
2014-05-12,http://www.reuters.com/article/2014/05/12/research-and-markets-idUSnBw126435a+100+BSW20140512
2014-05-13,http://www.reuters.com/article/2014/05/13/research-and-markets-idUSnBw136099a+100+BSW20140513
2014-05-14,http://www.reuters.com/article/2014/05/14/zacks-equity-research-idUSnPn41ZWVc+8e+PRN20140514
2014-05-14,http://www.reuters.com/article/2014/05/14/bc-analysts-review-idUSnPn5VpL9T+95+PRN20140514
2014-05-19,http://www.reuters.com/article/2014/05/19/idUSL3N0O53PR20140519
2014-05-20,http://www.reuters.com/article/2014/05/21/markets-japan-stocks-idUSL3N0O70C820140521
2014-05-20,http://www.reuters.com/article/2014/05/20/markets-usa-stocks-idUSL1N0O610J20140520
2014-05-22,http://www.reuters.com/article/2014/05/22/bc-investor-edge-idUSnPn3mT2dX+89+PRN20140522
2014-05-22,http://www.reuters.com/article/2014/05/22/bc-a-idUSnPnvP8Mf+4a+PRN20140522
2014-05-30,http://www.reuters.com/article/2014/05/30/ilcaterpillar-officer-idUSnPn5YMb1p+98+PRN20140530
2014-06-02,http://www.reuters.com/article/2014/06/02/caterpillar-deutsche-idUSnPn5nmBh9+84+PRN20140602
2014-06-03,http://www.reuters.com/article/2014/06/03/ener-core-horn-bod-idUSnPn55crVy+82+PRN20140603
2014-06-05,http://www.reuters.com/article/2014/06/05/bc-analystsreviewcom-idUSnPn8zkDJj+86+PRN20140605
2014-06-10,http://www.reuters.com/article/2014/06/10/al-cunningham-bounds-idUSnPn1rgjwN+81+PRN20140610
2014-06-10,http://www.reuters.com/article/2014/06/10/research-and-markets-idUSnBw105884a+100+BSW20140610
2014-06-11,http://www.reuters.com/article/2014/06/11/il-cat-div-increase-idUSnPn7HWzzq+98+PRN20140611
2014-06-13,http://www.reuters.com/article/2014/06/13/il-zacks-xoom-bull-idUSnPn45s1nk+80+PRN20140613
2014-06-16,http://www.reuters.com/article/2014/06/16/zacks-blog-idUSnPn2Ft62N+91+PRN20140616
2014-06-18,http://www.reuters.com/article/2014/06/18/bc-analystsreviewcom-idUSnPngG8pK+49+PRN20140618
2014-06-19,http://www.reuters.com/article/2014/06/19/bc-investor-edge-idUSnPn5lGfyH+89+PRN20140619
2014-06-23,http://www.reuters.com/article/2014/06/23/research-and-markets-idUSnBw236032a+100+BSW20140623
2014-06-24,http://www.reuters.com/article/2014/06/24/research-and-markets-idUSnBw246421a+100+BSW20140624
2014-07-10,http://www.reuters.com/article/2014/07/10/il-cat-2q14-confcall-idUSnPn64YwCQ+8b+PRN20140710
2014-07-16,http://www.reuters.com/article/2014/07/16/research-and-markets-idUSnBw165883a+100+BSW20140716
2014-07-17,http://www.reuters.com/article/2014/07/17/il-zacks-investment-idUSnPn6qrPcT+85+PRN20140717
2014-07-17,http://www.reuters.com/article/2014/07/17/bc-analysts-review-idUSnPn1hwH4F+85+PRN20140717
2014-07-18,http://www.reuters.com/article/2014/07/18/research-and-markets-idUSnBw185619a+100+BSW20140718
2014-07-21,https://www.theguardian.com/business/2014/jul/21/barclays-deutsche-bank-tax-rules-report
2014-07-24,http://www.reuters.com/article/2014/07/24/markets-usa-stocks-idUSL2N0PZ29Z20140724
2014-07-24,http://www.reuters.com/article/2014/07/24/us-caterpillar-results-idUSKBN0FT1G820140724
2014-07-24,http://www.reuters.com/article/2014/07/24/caterpillar-results-idUSL2N0PZ0Q020140724
2014-07-24,http://www.reuters.com/article/2014/07/24/zacks-blog-idUSnPnc1n9Vv+82+PRN20140724
2014-07-24,http://www.reuters.com/article/2014/07/24/bc-investor-edge-idUSnPn7h8C5y+84+PRN20140724
2014-07-24,http://www.reuters.com/article/2014/07/24/caterpillar-results-idUSL2N0PX1WH20140724
2014-07-24,http://www.reuters.com/article/2014/07/24/cat-q2-earnings-idUSnPn8rghk4+80+PRN20140724
2014-07-25,http://www.reuters.com/article/2014/07/25/idUSnMKWSMxSLa+1f6+MKW20140725
2014-07-28,http://www.reuters.com/article/2014/07/28/il-zacks-investments-idUSnPnGtDBP+57+PRN20140728
2014-07-28,http://www.reuters.com/article/2014/07/28/zacks-equity-research-idUSnPn2L614G+91+PRN20140728
2014-07-29,http://www.reuters.com/article/2014/07/29/cat-repurchase-idUSnPn8kqpVC+83+PRN20140729
2014-08-01,http://www.reuters.com/article/2014/08/01/bc-a-idUSnPn4zcspm+80+PRN20140801
2014-08-04,http://www.reuters.com/article/2014/08/05/dc-caterpillar-africa-idUSnPnbLwgSh+92+PRN20140805
2014-08-05,http://www.reuters.com/article/2014/08/05/il-zacks-investments-idUSnPn5rl4ZF+83+PRN20140805
2014-08-08,http://www.reuters.com/article/2014/08/08/il-cat-jefferiesconf-idUSnPn4WMryJ+99+PRN20140808
2014-08-11,http://www.reuters.com/article/2014/08/11/bc-ar-idUSnPn6T8GLC+97+PRN20140811
2014-08-11,http://www.reuters.com/article/2014/08/11/il-accenture-idUSnBw115016a+100+BSW20140811
2014-08-12,http://www.reuters.com/article/2014/08/12/research-and-markets-idUSnBw125297a+100+BSW20140812
2014-08-13,http://www.reuters.com/article/2014/08/12/research-and-markets-idUSnBw125297a+100+BSW20140812
2014-08-21,http://www.reuters.com/article/2014/08/20/bc-ar-idUSnPn2kBmtD+89+PRN20140820
2014-08-27,http://www.reuters.com/article/2014/08/26/research-and-markets-idUSnBw265716a+100+BSW20140826
2014-08-27,http://www.reuters.com/article/2014/08/26/il-zacks-investment-idUSnPn8710fR+81+PRN20140826
2014-08-27,http://www.reuters.com/article/2014/08/26/bc-i-idUSnPnc48lbX+81+PRN20140826
2014-08-29,http://www.reuters.com/article/2014/08/28/bc-a-idUSnPn7fvjFc+82+PRN20140828
2014-09-03,http://www.reuters.com/article/2014/09/02/il-zacks-analyst-blog-idUSnPn9QmVjV+95+PRN20140902
2014-09-05,http://www.reuters.com/article/2014/09/04/idUSnMKWzycgVa+1c2+MKW20140904
2014-09-06,http://www.reuters.com/article/2014/09/05/bc-analysts-review-idUSnPn6yb4wd+80+PRN20140905
2014-09-11,http://www.reuters.com/article/2014/09/10/il-zacks-investment-idUSnPn2C8BJt+96+PRN20140910
2014-09-16,http://www.reuters.com/article/2014/09/15/caterpillar-djsi-idUSnPnR5g3c+50+PRN20140915
2014-09-16,http://www.reuters.com/article/2014/09/15/bc-analysts-review-idUSnPn1xNdRy+8a+PRN20140915
2014-09-17,http://www.reuters.com/article/2014/09/16/research-and-markets-idUSnBw165493a+100+BSW20140916
2014-09-19,http://www.reuters.com/article/2014/09/18/caterpillar-citi-conf-idUSnPn2KWwjX+99+PRN20140918
2014-09-24,http://www.reuters.com/article/2014/09/23/il-zacksinvestment-idUSnPn172c7y+80+PRN20140923
2014-09-24,http://www.reuters.com/article/2014/09/23/bc-analysts-review-idUSnPn8bBd5k+88+PRN20140923
2014-09-26,http://www.reuters.com/article/2014/09/25/ny-cat-endpoverty-idUSnPnRpY87+54+PRN20140925
2014-10-02,http://www.reuters.com/article/2014/10/01/bc-investor-edge-idUSnPn170p89+80+PRN20141001
2014-10-02,http://www.reuters.com/article/2014/10/01/bc-analysts-review-idUSnPn8rs55n+80+PRN20141001
2014-10-08,http://www.reuters.com/article/2014/10/07/idUSnGNX254X6Q+1c5+GNW20141007
2014-10-08,http://www.reuters.com/article/2014/10/07/caterpillar-hhp-idUSnPn7rSq4v+88+PRN20141007
2014-10-09,http://www.reuters.com/article/2014/10/08/il-caterpillar-div-idUSnPnq1d69+40+PRN20141008
2014-10-10,http://www.reuters.com/article/2014/10/09/caterpillar-q3results-idUSnPn8BShy3+98+PRN20141009
2014-10-10,http://www.reuters.com/article/2014/10/09/research-and-markets-idUSnBw095373a+100+BSW20141009
2014-10-10,http://www.reuters.com/article/2014/10/09/research-and-markets-idUSnBw095361a+100+BSW20141009
2014-10-11,http://www.reuters.com/article/2014/10/10/il-caterpillar-vp-idUSnPn4Yz8R2+92+PRN20141010
2014-10-11,http://www.reuters.com/article/2014/10/10/il-caterpillar-retir-idUSnPn49s8Ht+82+PRN20141010
2014-10-11,http://www.reuters.com/article/2014/10/10/research-and-markets-idUSnBw105144a+100+BSW20141010
2014-10-11,http://www.reuters.com/article/2014/10/10/research-and-markets-idUSnBw105141a+100+BSW20141010
2014-10-14,http://www.reuters.com/article/2014/10/13/bc-analysts-review-idUSnPn1CMr9P+99+PRN20141013
2014-10-21,http://www.reuters.com/article/2014/10/20/il-zacksinvestment-idUSnPncbChT6+8a+PRN20141020
2014-10-21,http://www.reuters.com/article/2014/10/20/caterpillarfoundation-idUSnPn9r3zZ0+82+PRN20141020
2014-10-22,http://www.reuters.com/article/2014/10/21/bc-analysts-review-idUSnPnbRCYNW+9f+PRN20141021
2014-10-23,https://www.theguardian.com/business/live/2014/oct/23/tesco-updates-city-on-profits-black-hole----business-live
2014-10-23,https://www.theguardian.com/business/marketforceslive/2014/oct/23/british-airways-owner-iag-leads-ftse-100-higher
2014-10-24,http://www.reuters.com/article/2014/10/23/markets-stocks-usa-idUSZXN0RAO2I20141023
2014-10-24,http://www.reuters.com/article/2014/10/23/us-caterpillar-results-idUSKCN0IC1B920141023
2014-10-24,http://www.reuters.com/article/2014/10/23/caterpillar-results-idUSL2N0SI0PS20141023
2014-10-24,http://www.reuters.com/article/2014/10/23/markets-stocks-usa-idUSL2N0SI16H20141023
2014-10-24,http://www.reuters.com/article/2014/10/23/markets-stocks-usa-idUSL2N0SI0Y820141023
2014-10-24,http://www.reuters.com/article/2014/10/23/markets-stocks-usa-idUSL2N0SI0OH20141023
2014-10-24,http://www.reuters.com/article/2014/10/23/caterpillar-results-idUSL2N0SH23B20141023
2014-10-24,http://www.reuters.com/article/2014/10/23/il-cat-q3-earnings-idUSnPnccvsSd+82+PRN20141023
2014-10-25,http://www.reuters.com/article/2014/10/24/il-zacks-ernstrends-idUSnPn8BB3Yh+9a+PRN20141024
2014-10-25,http://www.reuters.com/article/2014/10/24/idUSnMKWlkdKna+1c4+MKW20141024
2014-10-28,http://www.reuters.com/article/2014/10/27/zacks-analyst-blog-idUSnPnblbpHT+83+PRN20141027
2014-10-29,http://www.reuters.com/article/2014/10/28/il-zacks-analyst-blog-idUSnPn8T9gc6+90+PRN20141028
2014-10-31,http://www.reuters.com/article/2014/10/30/bc-analysts-review-idUSnPn5t93sV+81+PRN20141030
2014-11-01,http://www.reuters.com/article/2014/10/31/us-caterpillar-sec-subpoena-idUSKBN0IK2BX20141031
2014-11-01,http://www.reuters.com/article/2014/10/31/caterpillar-sec-subpoena-idUSL1N0SQ2R020141031
2014-11-01,http://www.reuters.com/article/2014/10/31/research-and-markets-idUSnBw315160a+100+BSW20141031
2014-11-01,http://www.reuters.com/article/2014/10/31/research-and-markets-idUSnBw315154a+100+BSW20141031
2014-11-04,http://www.reuters.com/article/2014/11/03/research-and-markets-idUSnBw036642a+100+BSW20141103
2014-11-05,http://www.reuters.com/article/2014/11/04/research-and-markets-idUSnBw045653a+100+BSW20141104
2014-11-06,http://www.reuters.com/article/2014/11/05/commvault-williamadam-idUSnPn7YQTMp+9e+PRN20141105
2014-11-06,http://www.reuters.com/article/2014/11/05/research-and-markets-idUSnBw055427a+100+BSW20141105
2014-11-06,http://www.reuters.com/article/2014/11/05/research-and-markets-idUSnBw055401a+100+BSW20141105
2014-11-08,http://www.reuters.com/article/2014/11/07/bc-investor-edge-idUSnPnJwSWZ+57+PRN20141107
2014-11-08,http://www.reuters.com/article/2014/11/07/bc-analysts-review-idUSnPn6pPfcc+88+PRN20141107
2014-11-09,http://www.reuters.com/article/2014/11/09/caterpillar-apec-ceo-idUSnPn38qcG5+82+PRN20141109
2014-11-11,http://www.reuters.com/article/2014/11/10/cat-atgoldmansachs-idUSnPn9Nmd3G+91+PRN20141110
2014-11-11,http://www.reuters.com/article/2014/11/10/il-caterpillar-baird-idUSnPn9TMwDf+9a+PRN20141110
2014-11-18,http://www.reuters.com/article/2014/11/17/research-and-markets-idUSnBw175371a+100+BSW20141117
2014-11-20,http://www.reuters.com/article/2014/11/19/idUSL3N0T94AJ20141119
2014-11-21,http://www.reuters.com/article/2014/11/20/il-cat-unitedway-idUSnPn4rRjtY+89+PRN20141120
2014-11-21,http://www.reuters.com/article/2014/11/20/research-and-markets-idUSnBw205475a+100+BSW20141120
2014-11-21,http://www.reuters.com/article/2014/11/20/idUSnMKW92RHba+1cc+MKW20141120
2014-11-22,http://www.reuters.com/article/2014/11/21/research-and-markets-idUSnBw215457a+100+BSW20141121
2014-12-02,http://www.reuters.com/article/2014/12/01/cat-credit-suisse-idUSnPn5bpWQZ+87+PRN20141201
2014-12-09,http://www.reuters.com/article/2014/12/08/research-and-markets-idUSnBw085402a+100+BSW20141208
2014-12-10,http://www.reuters.com/article/2014/12/09/research-and-markets-idUSnBw096560a+100+BSW20141209
2014-12-11,http://www.reuters.com/article/2014/12/10/caterpillar-dividend-idUSnPnbKZXsZ+9d+PRN20141210
2014-12-12,http://www.reuters.com/article/2014/12/11/il-cat-new-vice-pres-idUSnPn9RKvd+4c+PRN20141211
2014-12-16,http://www.reuters.com/article/2014/12/15/il-zacks-invest-ideas-idUSnPnbmpY9f+84+PRN20141215
2014-12-17,http://www.reuters.com/article/2014/12/16/ct-insurity-idUSnBw165182a+100+BSW20141216
2014-12-18,http://www.reuters.com/article/2014/12/17/bc-investor-edge-idUSnPn4JT14D+99+PRN20141217
2014-12-19,http://www.reuters.com/article/2014/12/18/co-mss-provides-usb-idUSnPn7Xm2Fw+92+PRN20141218
2014-12-20,http://www.reuters.com/article/2014/12/19/caterpillar-vp-idUSnPn8gcX4k+84+PRN20141219
2014-12-23,http://www.reuters.com/article/2014/12/22/caterpillar-nyse-anni-idUSnPn3ctT0h+84+PRN20141222
2015-01-07,http://www.reuters.com/article/2015/01/06/idUSnMKWWFvFQa+1f6+MKW20150106
2015-01-07,http://www.reuters.com/article/2015/01/06/idUSnCCN3yWsmk+1c8+MKW20150106
2015-01-07,http://www.reuters.com/article/2015/01/06/research-and-markets-idUSnBw065999a+100+BSW20150106
2015-01-07,http://www.reuters.com/article/2015/01/06/bc-analysts-review-idUSnPn9WJqc0+98+PRN20150106
2015-01-14,http://www.reuters.com/article/2015/01/13/ny-fitch-solutions-oil-idUSnBw135785a+100+BSW20150113
2015-01-14,http://www.reuters.com/article/2015/01/13/caterpillarq4confcall-idUSnPn2J0g1P+91+PRN20150113
2015-01-20,https://www.theguardian.com/business/2015/jan/20/obama-state-of-the-union-auto-car-industry
2015-01-21,https://www.theguardian.com/business/2015/jan/20/barack-obama-trans-pacific-partnership-republicans
2015-01-27,https://www.theguardian.com/business/live/2015/jan/27/greek-elections-syriza-alexis-tsipras-cabinet-eurozone-live
2015-01-27,https://www.theguardian.com/business/marketforceslive/2015/jan/27/ftse-falls-on-weak-us-data-but-centrica-and-utilities-climb
2015-01-27,https://www.theguardian.com/business/marketforceslive/2015/jan/27/global-markets-tumble-after-poor-caterpillar-results-and-economic-data
2015-01-27,https://www.theguardian.com/business/2015/jan/27/procter-and-gamble-caterpillar-profits
2015-01-28,https://www.theguardian.com/business/marketforceslive/2015/jan/28/ftse-cautious-after-us-fall-but-arm-jumps-after-bumper-apple-results
2015-01-28,http://www.reuters.com/article/2015/01/27/markets-stocks-usa-idUSL1N0V62BI20150127
2015-01-28,http://www.reuters.com/article/2015/01/27/us-caterpillar-results-idUSKBN0L01E420150127
2015-01-28,http://www.reuters.com/article/2015/01/27/caterpillar-results-idUSL1N0V60RE20150127
2015-01-28,http://www.reuters.com/article/2015/01/27/markets-stocks-usa-idUSL1N0V61A720150127
2015-01-28,http://www.reuters.com/article/2015/01/27/markets-stocks-usa-idUSL1N0V612920150127
2015-01-28,http://www.reuters.com/article/2015/01/27/bc-investor-edge-idUSnPnbMWtpf+98+PRN20150127
2015-01-28,http://www.reuters.com/article/2015/01/27/markets-stocks-usa-idUSL1N0V60SR20150127
2015-01-28,http://www.reuters.com/article/2015/01/27/caterpillar-results-idUSL1N0V60R420150127
2015-01-28,http://www.reuters.com/article/2015/01/27/cat-q4-2014-earnings-idUSnPn221Vct+84+PRN20150127
2015-02-06,http://www.reuters.com/article/2015/02/05/bc-analysts-review-idUSnPn4fvqBJ+83+PRN20150205
2015-02-12,http://www.reuters.com/article/2015/02/11/caterpillar-meeting-idUSnPnc9y3C4+82+PRN20150211
2015-02-18,http://www.reuters.com/article/2015/02/18/caterpillar-sec-idUSL1N0VS02B20150218
2015-02-18,http://www.reuters.com/article/2015/02/18/us-caterpillar-sec-idUSKBN0LM02I20150218
2015-02-18,http://www.reuters.com/article/2015/02/17/il-caterpillar-inc-idUSnPn5tXBG8+8e+PRN20150217
2015-02-24,http://www.reuters.com/article/2015/02/23/research-and-markets-idUSnBw235621a+100+BSW20150223
2015-02-28,http://www.reuters.com/article/2015/02/27/cat-evercore-isi-idUSnPnbPsb3B+91+PRN20150227
2015-02-28,http://www.reuters.com/article/2015/02/27/caterpillar-aviation-idUSnPn5QwNPH+97+PRN20150227
2015-03-06,http://www.reuters.com/article/2015/03/05/caterpillar-uptake-idUSnPn8h953Y+81+PRN20150305
2015-03-14,http://www.reuters.com/article/2015/03/13/caterpillar-2015conf-idUSnPnHYr1g+58+PRN20150313
2015-03-17,http://www.reuters.com/article/2015/03/16/bc-investor-edge-idUSnPn7CTv1G+99+PRN20150316
2015-03-23,https://www.theguardian.com/business/marketforceslive/2015/mar/23/ftse-edges-to-new-peak-despite-greek-worries-but-burberry-falls
2015-03-28,http://www.reuters.com/article/2015/03/27/ny-fitch-ratings-cater-idUSnBw275519a+100+BSW20150327
2015-04-09,http://www.reuters.com/article/2015/04/08/cat-new-bod-idUSnPn3Mk4s+48+PRN20150408
2015-04-09,http://www.reuters.com/article/2015/04/08/caterpillar-div-idUSnPn2lmMVg+86+PRN20150408
2015-04-09,http://www.reuters.com/article/2015/04/08/research-and-markets-idUSnBw085419a+100+BSW20150408
2015-04-10,http://www.reuters.com/article/2015/04/09/caterpillar-inc-idUSnPnRXf2X+59+PRN20150409
2015-04-10,http://www.reuters.com/article/2015/04/09/research-and-markets-idUSnBw095314a+100+BSW20150409
2015-04-11,https://www.theguardian.com/business/2015/apr/11/jcb-britain-yellow-digger-money-machine-sales
2015-04-11,http://www.reuters.com/article/2015/04/10/il-cat-new-division-idUSnPn1WdQcm+94+PRN20150410
2015-04-21,http://www.reuters.com/article/research-and-markets-idUSnBw205509a+100+BSW20150420
2015-04-23,http://www.reuters.com/article/2015/04/22/lisc-caterpillar-fnd-idUSnPnbLXtCH+9b+PRN20150422
2015-04-24,http://www.reuters.com/article/2015/04/23/us-caterpillar-results-idUSKBN0NE18Z20150423
2015-04-24,http://www.reuters.com/article/2015/04/23/caterpillar-results-idUSL1N0XK0VJ20150423
2015-04-24,http://www.reuters.com/article/2015/04/23/caterpillar-results-idUSL1N0XJ20Q20150423
2015-04-24,http://www.reuters.com/article/2015/04/23/idUSnGNX7YY3MS+1db+GNW20150423
2015-04-24,http://www.reuters.com/article/2015/04/23/caterpillar-q1-erns-idUSnPn1LvN8f+94+PRN20150423
2015-04-25,http://www.reuters.com/article/2015/04/24/usa-oil-caterpillar-idUSL1N0XL10D20150424
2015-05-01,http://www.reuters.com/article/2015/04/30/cat-first-solar-idUSnPn3hbGw5+84+PRN20150430
2015-05-01,http://www.reuters.com/article/2015/04/30/az-first-solar-idUSnBw306943a+100+BSW20150430
2015-05-02,http://www.reuters.com/article/2015/05/01/caterpillar-inc-idUSnPn8rDNB7+8e+PRN20150501
2015-05-02,http://www.reuters.com/article/2015/05/01/idUSnMKWr2k7Ka+1c2+MKW20150501
2015-05-02,http://www.reuters.com/article/2015/05/01/idUSnCCN9Whlcy+1d0+MKW20150501
2015-05-07,http://www.reuters.com/article/2015/05/06/idUSL4N0XX49420150506
2015-05-07,http://www.reuters.com/article/2015/05/06/researchandmarkets-idUSnPn4Gw3Ky+92+PRN20150506
2015-05-07,http://www.reuters.com/article/2015/05/06/research-and-markets-idUSnBw065346a+100+BSW20150506
2015-06-06,http://www.reuters.com/article/2015/06/05/il-cat-africa-women-idUSnPn1Nh6+24+PRN20150605
2015-06-11,http://www.reuters.com/article/2015/06/10/cat-10dividendrate-idUSnPn43zb7T+81+PRN20150610
2015-06-12,http://www.reuters.com/article/2015/06/11/caterpillar-officers-idUSnPn1w5tQJ+83+PRN20150611
2015-06-19,http://www.reuters.com/article/2015/06/18/modustri-caterpillar-idUSnPn6BqspM+91+PRN20150618
2015-06-23,http://www.reuters.com/article/2015/06/22/us-caterpillar-layoffs-idUSKBN0P226720150622
2015-06-23,http://www.reuters.com/article/2015/06/22/caterpillar-layoffs-idUSL1N0Z81MJ20150622
2015-06-25,http://www.reuters.com/article/2015/06/24/caterpillar-inc-idUSnPn9fxr0Y+81+PRN20150624
2015-07-04,https://www.theguardian.com/business/2015/jul/04/powerhouse-poorhouse-north-east-fears-devolution-wont-help
2015-07-10,http://www.reuters.com/article/research-and-markets-idUSnBw096051a+100+BSW20150709
2015-07-10,http://www.reuters.com/article/cat-q2-conf-call-idUSnPn7mWZpP+8d+PRN20150709
2015-07-11,https://www.theguardian.com/business/live/2015/jul/10/greek-crisis-deal-hopes-mps-vote-tsipras-live
2015-07-21,http://www.reuters.com/article/cat-us-cuba-trade-idUSnPn8FHgFh+9a+PRN20150720
2015-07-24,https://www.nytimes.com/2015/07/24/business/daily-stock-market-activity.html
2015-07-24,http://www.reuters.com/article/us-caterpillar-results-idUSKCN0PX1KF20150723
2015-07-24,http://www.reuters.com/article/us-caterpillar-results-costs-idUSKCN0PX2OM20150723
2015-07-24,http://www.reuters.com/article/caterpillar-results-costs-idUSL1N10336X20150723
2015-07-24,http://www.reuters.com/article/markets-stocks-usa-idUSZXN0RI92I20150723
2015-07-24,http://www.reuters.com/article/markets-stocks-usa-idUSL3N10355P20150723
2015-07-24,http://www.reuters.com/article/idUSL1N10314U20150723
2015-07-24,http://www.reuters.com/article/caterpillar-results-idUSL1N1030X920150723
2015-07-24,http://www.reuters.com/article/caterpillar-results-idUSL1N1002BJ20150723
2015-07-24,http://www.reuters.com/article/caterpillar-inc-earns-idUSnPn3MBd4z+98+PRN20150723
2015-07-29,http://www.reuters.com/article/il-cat-stockrepurch-idUSnPn8rN2Qy+8a+PRN20150728
2015-07-29,http://www.reuters.com/article/international-truck-idUSnPn4RR18m+98+PRN20150728
2015-07-29,http://www.reuters.com/article/caterpillar-inc-new-idUSnPn3qV8Dp+8a+PRN20150728
2015-07-30,http://www.reuters.com/article/research-and-markets-idUSnBw295794a+100+BSW20150729
2015-07-31,http://www.reuters.com/article/research-and-markets-idUSnBw305982a+100+BSW20150730
2015-08-05,http://www.reuters.com/article/research-and-markets-idUSnBw046358a+100+BSW20150804
2015-08-06,http://www.reuters.com/article/cat-teleconference-idUSnPn33rlP+41+PRN20150805
2015-08-07,http://www.reuters.com/article/idUSnGNX2pZgNn+1ca+GNW20150806
2015-08-11,http://www.reuters.com/article/caterpillar-jefferies-idUSnPn7DmJyx+94+PRN20150810
2015-08-27,http://www.reuters.com/article/feed-amer-caterpillar-idUSnPn5xGMG+47+PRN20150826
2015-08-28,http://www.reuters.com/article/us-caterpillar-layoffs-idUSKCN0QW29520150827
2015-08-28,http://www.reuters.com/article/caterpillar-layoffs-idUSL1N1121KI20150827
2015-09-05,http://www.reuters.com/article/caterpillar-conf-idUSnPn85dxjm+80+PRN20150904
2015-09-12,http://www.reuters.com/article/caterpillar-inc-dow-idUSnPn3X3p5p+90+PRN20150911
2015-09-12,http://www.reuters.com/article/research-and-markets-idUSnBw115511a+100+BSW20150911
2015-09-15,http://www.reuters.com/article/seeing-machines-idUSnPn1jGCD0+8e+PRN20150914
2015-09-16,http://www.reuters.com/article/idUSnMKWCL0VHa+1f6+MKW20150915
2015-09-16,http://www.reuters.com/article/idUSnCCNbPbPPz+1d6+MKW20150915
2015-09-18,http://www.reuters.com/article/research-and-markets-idUSnBw175772a+100+BSW20150917
2015-09-18,http://www.reuters.com/article/research-and-markets-idUSnBw175719a+100+BSW20150917
2015-09-22,http://www.reuters.com/article/research-and-markets-idUSnBw216077a+100+BSW20150921
2015-09-23,http://www.reuters.com/article/caterpillar-personnel-idUSnPn1b4xBQ+83+PRN20150922
2015-09-23,http://www.reuters.com/article/idUSnMKWQDsKGa+1f6+MKW20150922
2015-09-23,http://www.reuters.com/article/bc-aci-association-idUSnPnMzxNZ+53+PRN20150922
2015-09-23,http://www.reuters.com/article/videonitch-award-idUSnPn7pXcqF+89+PRN20150922
2015-09-24,https://www.theguardian.com/business/live/2015/sep/24/volkswagen-scandal-vw-germany-counts-cost-of-crisis-after-ceo-quits-live-updates
2015-09-25,https://www.nytimes.com/2015/09/25/business/economy/caterpillar-feeling-global-slump-to-cut-up-to-10000-jobs.html
2015-09-25,https://www.theguardian.com/business/marketforceslive/2015/sep/25/arm-boosted-by-buy-note-while-rolls-royce-shrugs-off-warning-talk
2015-09-25,http://www.reuters.com/article/us-markets-stocks-idUSKCN0RO18720150924
2015-09-25,http://www.reuters.com/article/markets-stocks-usa-idUSL1N11U2VO20150924
2015-09-25,http://www.reuters.com/article/markets-stocks-usa-idUSL1N11U2P620150924
2015-09-25,http://www.reuters.com/article/us-caterpillar-layoffs-idUSKCN0RO1I820150924
2015-09-25,http://www.reuters.com/article/markets-stocks-usa-idUSZXN0RK02I20150924
2015-09-25,http://www.reuters.com/article/caterpillar-layoffs-idUSL4N11U3XE20150924
2015-09-25,http://www.reuters.com/article/markets-stocks-usa-idUSL1N11U24E20150924
2015-09-25,http://www.reuters.com/article/markets-stocks-usa-idUSL4N11U4IW20150924
2015-09-25,http://www.reuters.com/article/markets-stocks-usa-idUSL4N11U44E20150924
2015-09-25,http://www.reuters.com/article/markets-stocks-usa-idUSL4N11U3ZY20150924
2015-09-25,http://www.reuters.com/article/caterpillar-layoffs-idUSL4N11U3WU20150924
2015-09-25,http://www.reuters.com/article/caterpillarneworgstru-idUSnPn8vhBlr+84+PRN20150924
2015-09-25,http://www.reuters.com/article/il-caterpillar-plans-idUSnPn9pgfbd+80+PRN20150924
2015-09-25,http://www.reuters.com/news/video/videoStory?storyID=111831481
2015-09-25,http://www.reuters.com/news/video/videoStory?storyID=111829620
2015-09-25,http://www.reuters.com/news/video/videoStory?storyID=111827863
2015-09-26,http://www.reuters.com/article/us-caterpillar-suppliers-idUSKCN0RP26J20150925
2015-09-26,http://www.reuters.com/article/caterpillar-suppliers-idUSL1N11V1C020150925
2015-09-27,https://www.theguardian.com/business/2015/sep/27/china-osborne-everyone-wants-decouple
2015-09-28,https://www.theguardian.com/business/2015/sep/28/us-industries-hit-global-markets-tumble-concern-china
2015-09-30,http://www.reuters.com/article/idUSnGNX9jWbzh+1c8+GNW20150929
2015-10-01,http://www.reuters.com/article/mn-second-harvest-idUSnPn25kfxW+81+PRN20150930
2015-10-01,http://www.reuters.com/article/ny-fitch-solutions-cater-idUSnBw305987a+100+BSW20150930
2015-10-01,http://www.reuters.com/article/research-and-markets-idUSnBw305703a+100+BSW20150930
2015-10-01,http://www.reuters.com/article/research-and-markets-idUSnBw305698a+100+BSW20150930
2015-10-09,http://www.reuters.com/article/caterpillar-idUSnPn30B08V+89+PRN20151008
2015-10-15,http://www.reuters.com/article/caterpillar-dividend-idUSnPnbNgn6v+90+PRN20151014
2015-10-22,http://www.reuters.com/article/research-and-markets-idUSnBw216687a+100+BSW20151021
2015-10-23,https://www.theguardian.com/business/2015/oct/23/china-interest-rate-cut-fuels-fears-chinese-economy
2015-10-23,http://www.reuters.com/article/us-caterpillar-results-idUSKCN0SG1DK20151023
2015-10-23,http://www.reuters.com/article/us-caterpillar-results-idUSKCN0SG1DK20151022
2015-10-23,http://www.reuters.com/article/caterpillar-results-idUSL1N12M0X620151022
2015-10-23,http://www.reuters.com/article/caterpillar-results-idUSL1N12L39T20151022
2015-10-23,http://www.reuters.com/article/caterpillar-q3erns-idUSnPn541l0T+81+PRN20151022
2015-10-27,https://www.theguardian.com/business/live/2015/oct/27/uk-gdp-growth-figures-george-osborne-live-updates
2015-10-28,http://www.reuters.com/article/ny-fitch-ratings-catepil-idUSnBw276582a+100+BSW20151027
2015-10-28,http://www.reuters.com/article/caterpillar-inc-idUSnPn942Snj+84+PRN20151027
2015-10-29,http://www.reuters.com/article/us-caterpillar-rugby-idUSKCN0SM2L120151028
2015-10-29,http://www.reuters.com/article/idUSL3N12S41620151028
2015-10-29,http://www.reuters.com/news/video/videoStory?storyID=113091331
2015-11-03,http://www.reuters.com/article/caterpillar-conf-idUSnPnLbkfG+51+PRN20151102
2015-11-04,http://www.reuters.com/article/research-and-markets-idUSnBw036755a+100+BSW20151103
2015-11-04,http://www.reuters.com/article/caterpillar-conf-call-idUSnPn8nrXlG+85+PRN20151103
2015-11-05,http://www.reuters.com/article/research-and-markets-idUSnBw045916a+100+BSW20151104
2015-11-06,http://www.reuters.com/article/kab-award-caterpillar-idUSnPn3W02T3+92+PRN20151105
2015-11-07,http://www.reuters.com/article/research-and-markets-idUSnBw065371a+100+BSW20151106
2015-11-07,http://www.reuters.com/article/research-and-markets-idUSnBw065331a+100+BSW20151106
2015-11-07,http://www.reuters.com/article/research-and-markets-idUSnBw065318a+100+BSW20151106
2015-11-10,http://www.reuters.com/article/ny-scottscott-idUSnBw096461a+100+BSW20151109
2015-11-10,http://www.reuters.com/article/caterpillar-baird-idUSnPn8yFL84+8c+PRN20151109
2015-11-11,http://www.reuters.com/article/research-and-markets-idUSnBw105904a+100+BSW20151110
2015-11-13,http://www.reuters.com/article/research-and-markets-idUSnBw126080a+100+BSW20151112
2015-11-13,http://www.reuters.com/article/us-finning-intl-redundancies-idUSKCN0T11IP20151112
2015-11-13,http://www.reuters.com/article/finning-intl-redundancies-idUSL3N1374EM20151112
2015-11-13,http://www.reuters.com/article/finning-intl-redundancies-idUSL3N1374DN20151112
2015-11-16,http://www.reuters.com/article/caterpillar-china-idUSL1N13A0P220151115
2015-11-24,http://www.reuters.com/article/research-and-markets-idUSnBw235960a+100+BSW20151123
2015-11-27,http://www.reuters.com/article/research-and-markets-idUSnBw265150a+100+BSW20151126
2015-11-30,https://www.theguardian.com/business/2015/nov/30/jcb-staff-work-fewer-hours-save-jobs-redundancies
2015-12-01,http://www.reuters.com/article/caterpillar-present-idUSnPn83p2NM+83+PRN20151130
2015-12-08,https://www.theguardian.com/business/live/2015/dec/08/commodity-crunch-mining-shares-oil-chinese-trade-shock-business-live
2015-12-09,http://www.reuters.com/article/idUSnMKWlQxTra+1d4+MKW20151208
2015-12-09,http://www.reuters.com/article/idUSnCCN8qZTgk+1cc+MKW20151208
2015-12-10,http://www.reuters.com/article/caterpillar-dividend-idUSnPn4fQCvW+8d+PRN20151209
2015-12-11,http://www.reuters.com/article/idUS303496010220151210
2015-12-11,http://www.reuters.com/article/caterpillar-inc-idUSnPn7N0VXg+96+PRN20151210
2015-12-12,http://www.reuters.com/article/caterpillar-rapp-idUSnPn5FkSbL+95+PRN20151211
2015-12-22,http://www.reuters.com/article/caterpillar-lawsuit-idUSL1N14A1CH20151221
2015-12-22,http://www.reuters.com/article/us-caterpillar-lawsuit-idUSKBN0U424I20151221
2015-12-22,http://www.reuters.com/article/caterpillar-lawsuit-idUSL1N14A14G20151221
2016-01-29,http://www.reuters.com/article/us-caterpillar-results-idUSKCN0V61L4
2016-01-29,http://www.reuters.com/article/caterpillar-results-idUSL3N15C4ZO
2016-01-29,http://www.reuters.com/article/caterpillar-results-idUSL3N15C4UI
2016-02-19,http://www.reuters.com/article/finning-intl-results-idUSL3N15X4VU
2016-02-25,https://www.theguardian.com/business/live/2016/feb/25/uk-growth-figures-gdp-imf-warning-china-g20-business-live
2016-02-25,http://www.reuters.com/article/us-caterpillar-restructuring-idUSKCN0VX1ZR
2016-02-25,http://www.reuters.com/article/caterpillar-restructuring-idUSL2N1631HL
2016-02-25,http://www.reuters.com/article/caterpillar-restructuring-idUSL2N163103
2016-02-27,http://www.reuters.com/article/us-deere-and-co-restructuring-idUSKCN0VZ29P
2016-02-27,http://www.reuters.com/article/deere-and-co-restructuring-idUSL2N1651PS
2016-02-27,http://www.reuters.com/article/deere-and-co-restructuring-idUSL2N16517B
2016-03-18,http://www.reuters.com/article/us-caterpillar-outlook-idUSKCN0WJ1XV
2016-03-18,http://www.reuters.com/article/caterpillar-outlook-idUSL2N16P2FS
2016-03-18,http://www.reuters.com/article/caterpillar-outlook-idUSL2N16P112
2016-03-18,http://www.reuters.com/article/caterpillar-outlook-idUSL3N16P3ZG
2016-03-18,http://www.reuters.com/article/idUSFWN16P04Y
2016-03-18,http://www.reuters.com/news/video/videoStory?storyID=117061090
2016-04-05,http://www.reuters.com/article/idUSFWN1740N7
2016-04-14,http://www.reuters.com/article/idUSFWN17G0AL
2016-04-21,http://www.reuters.com/article/idUSFWN17N0ZB
2016-04-23,http://www.reuters.com/article/us-caterpillar-results-idUSKCN0XJ1EF
2016-04-23,http://www.reuters.com/article/caterpillar-results-idUSL2N17P0J8
2016-04-23,http://www.reuters.com/article/idUSL2N17P0ZC
2016-04-23,http://www.reuters.com/article/caterpillar-results-idUSL2N17N1HK
2016-04-23,http://www.reuters.com/article/idUSASD08EU1
2016-04-24,https://www.theguardian.com/business/2016/apr/24/bank-of-england-behind-curve-wages-inflation
2016-04-26,http://www.reuters.com/article/idUSFWN17S0EU
2016-04-26,http://www.reuters.com/article/us-caterpillar-results-china-idUSKCN0XM18K
2016-04-26,http://www.reuters.com/article/caterpillar-results-china-idUSL5N17S1JM
2016-04-29,http://www.reuters.com/article/idUSFWN17V1J8
2016-05-07,http://www.reuters.com/article/idUSFWN1830DS
2016-05-12,http://www.reuters.com/article/us-cuba-caterpillar-idUSKCN0Y301Q
2016-05-12,http://www.reuters.com/article/cuba-caterpillar-idUSL5N1887Y3
2016-05-12,http://www.reuters.com/article/idUSFWN18812I
2016-05-20,http://www.reuters.com/article/idUSFWN18G0FV
2016-06-09,http://www.reuters.com/article/idUSFWN1900K8
2016-06-11,http://www.reuters.com/article/idUSFWN1920PD
2016-06-15,http://www.reuters.com/article/idUSL1N1961TE
2016-06-21,http://www.reuters.com/article/us-caterpillar-sales-idUSKCN0Z62HT
2016-06-21,http://www.reuters.com/article/caterpillar-sales-idUSL1N19C1PI
2016-06-21,http://www.reuters.com/article/idUSFWN19B025
2016-07-26,http://www.reuters.com/article/us-caterpillar-sales-idUSKCN1052A4
2016-07-26,http://www.reuters.com/article/caterpillar-sales-idUSL1N1AB1B5
2016-07-27,http://www.reuters.com/article/us-caterpillar-results-idUSKCN1061DL
2016-07-27,http://www.reuters.com/article/caterpillar-results-idUSL1N1AC0ET
2016-07-27,http://www.reuters.com/article/idUSFWN1AC0UX
2016-07-27,http://www.reuters.com/article/idUSASC08YAI
2016-07-27,http://www.reuters.com/article/caterpillar-results-idUSL1N1A81J4
2016-08-12,http://www.reuters.com/article/us-caterpillar-demand-idUSKCN10N02W
2016-08-12,http://www.reuters.com/article/caterpillar-demand-idUSL1N1AS2NV
2016-08-19,http://www.reuters.com/article/us-caterpillar-divestiture-idUSKCN10T2DF
2016-08-19,http://www.reuters.com/article/caterpillar-divestiture-idUSL3N1AZ4ZS
2016-08-19,http://www.reuters.com/article/caterpillar-divestiture-idUSL3N1AZ4YF
2016-08-19,http://www.reuters.com/article/idUSFWN1AZ0OE
2016-08-19,http://www.reuters.com/article/idUSASC093MN
2016-08-19,http://www.reuters.com/article/idUSFWN1AZ0KC
2016-08-30,http://www.reuters.com/article/idUSASC094RL
2016-09-03,http://www.reuters.com/article/us-caterpillar-restructuring-idUSKCN1181GH
2016-09-03,http://www.reuters.com/article/caterpillar-restructuring-idUSL3N1BE35Z
2016-09-03,http://www.reuters.com/article/idUSFWN1BD0N6
2016-09-08,http://www.reuters.com/article/idUSFWN1BJ0CG
2016-09-15,http://www.reuters.com/article/idUSFWN1BQ0CE
2016-09-22,http://www.reuters.com/article/idUSFWN1BX0D6
2016-09-22,http://www.reuters.com/article/idUSFWN1BX0F1
2016-09-24,http://www.reuters.com/article/idUSFWN1BZ0HW
2016-09-30,http://www.reuters.com/article/idUSFWN1C50M5
2016-10-08,http://www.reuters.com/article/idUSFWN1CD0J1
2016-10-08,http://www.reuters.com/article/idUSFWN1CD0MW
2016-10-13,http://www.reuters.com/article/idUSFWN1CI0AX
2016-10-18,https://www.theguardian.com/business/2016/oct/18/eu-struggles-to-keep-canada-trade-deal-on-track
2016-10-18,http://www.reuters.com/article/idUSFWN1CN0C5
2016-10-18,http://www.reuters.com/article/idUSASC09BD8
2016-10-18,http://www.reuters.com/article/caterpillar-ceo-idUSL4N1CN476
2016-10-25,https://www.theguardian.com/business/live/2016/oct/25/mark-carney-brexit-bank-of-england-japanese-stock-market-dollar-business-live
2016-10-25,http://www.reuters.com/article/idUSFWN1CU0Q5
2016-10-26,http://www.reuters.com/article/us-caterpillar-ceo-idUSKBN12H1HD
2016-10-26,http://www.reuters.com/article/caterpillar-ceo-idUSL4N1CN47K
2016-10-26,http://www.reuters.com/article/us-caterpillar-results-idUSKCN12P1IS
2016-10-26,http://www.reuters.com/article/caterpillar-results-idUSL1N1CV0GF
2016-10-26,http://www.reuters.com/article/caterpillar-results-idUSL1N1CQ26S
2016-10-26,http://www.reuters.com/article/idUSASC09CT9
2016-11-05,http://www.reuters.com/article/idUSFWN1D50MK
2016-11-09,https://www.theguardian.com/business/blog/live/2016/nov/09/stock-markets-on-edge-as-us-presidential-election-heads-for-tense-climax
2016-11-09,https://www.theguardian.com/business/2016/nov/09/us-markets-react-donald-trump-victory
2016-11-10,https://www.theguardian.com/business/live/2016/nov/10/markets-rebound-investors-welcome-trump-plans-us-election-live
2016-11-10,https://www.theguardian.com/business/2016/nov/10/corporate-winners-donald-trump-election-private-prisons-pharma
2016-11-10,http://www.reuters.com/article/us-usa-election-autos-idUSKBN13425K
2016-11-10,http://www.reuters.com/article/usa-election-autos-idUSL1N1DA1NB
2016-11-11,https://www.theguardian.com/business/live/2016/nov/11/emerging-markets-currencies-trump-anxiety-bond-selloff-stock-markets-live
2016-11-19,http://www.reuters.com/article/us-caterpillar-sales-idUSKBN13D2M6
2016-11-19,http://www.reuters.com/article/caterpillar-sales-idUSL1N1DJ1IF
2016-11-19,http://www.reuters.com/article/idUSFWN1DJ0P8
2016-12-01,https://www.theguardian.com/business/live/2016/dec/01/oil-price-brent-crude-opec-cut-eurozone-italy-business-live
2016-12-02,http://www.reuters.com/article/us-caterpillar-wallstreet-idUSKBN13Q56U
2016-12-02,http://www.reuters.com/article/caterpillar-outlook-idUSL4N1DW4UG
2016-12-02,http://www.reuters.com/article/caterpillar-idUSL4N1DW4RL
2016-12-02,http://www.reuters.com/article/idUSFWN1DW0IO
2016-12-02,http://www.reuters.com/article/caterpillar-idUSL4N1DW4R0
2016-12-14,http://www.reuters.com/article/idUSFWN1E80P3
2016-12-15,http://www.reuters.com/article/idUSFWN1E90PD
2016-12-17,http://www.reuters.com/article/idUSFWN1EB0WQ
2016-12-21,http://www.reuters.com/article/idUSFWN1EF0KW
2016-12-24,http://www.reuters.com/article/idUSASC09OW9
2016-12-24,http://www.reuters.com/article/idUSFWN1EI04Z
2016-12-29,http://www.reuters.com/article/idUSFWN1EN03V
2017-01-25,https://www.theguardian.com/business/live/2017/jan/25/markets-rise-trump-rally-sp500-nasdaq-brexit-ftse-aluminium-business-live
2017-01-26,https://www.theguardian.com/business/live/2017/jan/26/uk-gdp-growth-figures-q4-2016-brexit-live
2017-01-26,http://www.reuters.com/article/idUSFWN1FF0V4
2017-02-01,http://www.reuters.com/article/us-caterpillar-headquarters-idUSKBN15F1WQ
2017-02-01,http://www.reuters.com/article/caterpillar-headquarters-idUSL4N1FL2VK
2017-02-01,http://www.reuters.com/article/caterpillar-headquarters-idUSL4N1FL2TQ
2017-02-01,http://www.reuters.com/article/idUSFWN1FL0RZ
2017-02-10,http://www.reuters.com/article/idUSASB0AZJ4
2017-02-16,https://www.theguardian.com/business/live/2017/feb/16/world-stock-markets-record-highs-ftse-trump-inflation-business-live
2017-02-18,http://www.reuters.com/article/brief-caterpillar-says-world-dealer-repo-idUSFWN1G20GM
2017-02-23,http://www.reuters.com/article/brief-continental-and-caterpillar-inc-si-idUSFWN1G707H
2017-02-24,http://www.reuters.com/article/brief-caterpillar-group-president-de-lan-idUSFWN1G819U
2017-03-01,https://www.theguardian.com/business/2017/mar/01/wall-street-donald-trump-corporate-tax-dow-jones-nasdaq
2017-03-03,https://www.nytimes.com/2017/03/03/business/dealbook/snap-caterpillar-tax-harvard-donations.html
2017-03-03,https://www.nytimes.com/2017/03/02/business/caterpillar-raid-tax-practices.html
2017-03-03,http://www.reuters.com/article/caterpillar-probe-idUSL2N1GF1CH
2017-03-03,http://www.reuters.com/article/caterpillar-probe-idUSL2N1GF19O
2017-03-03,http://www.reuters.com/article/us-usa-stocks-idUSKBN1691LO
2017-03-03,http://www.reuters.com/article/usa-stocks-idUSL2N1GF253
2017-03-03,http://www.reuters.com/article/usa-stocks-idUSL2N1GF1Y1
2017-03-03,http://www.reuters.com/article/brief-caterpillar-continues-to-cooperate-idUSFWN1GF11H
2017-03-03,http://www.reuters.com/article/usa-stocks-idUSZXN0RYL2I
2017-03-03,http://www.reuters.com/article/usa-stocks-idUSL2N1GF1LQ
2017-03-03,http://www.reuters.com/article/usa-stocks-idUSL3N1GF4OQ
2017-03-03,http://www.reuters.com/article/brief-law-enforcement-officials-searchin-idUSFWN1GF0X1
2017-03-03,http://www.reuters.com/article/caterpillar-probe-idUSL3N1GF4OE
2017-03-04,http://www.reuters.com/article/us-caterpillar-lawsuit-idUSKBN16A2OT
2017-03-04,http://www.reuters.com/article/caterpillar-lawsuit-idUSL2N1GG1TU
2017-03-04,http://www.reuters.com/article/caterpillar-lawsuit-idUSL2N1GG1T9
2017-03-04,http://www.reuters.com/article/us-caterpillar-probe-history-idUSKBN16A06L
2017-03-04,http://www.reuters.com/article/us-caterpillar-probe-idUSKBN1692GI
2017-03-04,http://www.reuters.com/article/us-caterpillar-probe-stocks-idUSKBN16A1IJ
2017-03-04,http://www.reuters.com/article/caterpillar-probe-stocks-idUSL3N1GG3SY
2017-03-04,http://www.reuters.com/article/caterpillar-probe-stocks-idUSL3N1GG3FR
2017-03-08,https://www.nytimes.com/2017/03/07/business/caterpillar-tax-fraud.html
2017-03-09,http://www.reuters.com/article/brief-caterpillar-and-trimble-partners-t-idUSFWN1GL08A
2017-03-11,http://www.reuters.com/article/us-caterpillar-probe-idUSKBN16H2LJ
2017-03-11,http://www.reuters.com/article/caterpillar-probe-idUSL3N1GN4PJ
2017-03-11,http://www.reuters.com/article/brief-caterpillar-says-the-irs-has-chall-idUSFWN1GN0SC
2017-03-16,http://www.reuters.com/article/brief-uaw-says-caterpillar-uaw-bargainin-idUSFWN1GS0VT
2017-03-17,http://www.reuters.com/article/us-caterpillar-probe-idUSKBN16N2XM
2017-03-17,http://www.reuters.com/article/caterpillar-probe-idUSL3N1GT5VZ
2017-03-17,http://www.reuters.com/article/brief-caterpillar-retains-ex-us-attorney-idUSFWN1GT0OT
2017-03-17,http://www.reuters.com/article/caterpillar-probe-idUSL3N1GT5T5
2017-03-18,http://www.reuters.com/article/caterpillar-probe-idUSL2N1GU1RH
2017-03-21,http://www.reuters.com/article/brief-caterpillar-says-north-america-mac-idUSFWN1GX0K0
2017-03-28,http://www.reuters.com/article/brief-uaw-members-at-caterpillar-voted-o-idUSFWN1H40NS
2017-04-01,http://www.reuters.com/article/caterpillar-restructuring-idUSL3N1H86GY
2017-04-01,http://www.reuters.com/article/brief-caterpillar-to-move-machine-produc-idUSFWN1H810N
2017-04-04,http://www.reuters.com/article/us-caterpillar-restructuring/caterpillar-shuts-plant-in-aurora-illinois-that-employs-800-idUSKBN17332M
2017-04-13,http://www.reuters.com/article/brief-caterpillar-maintains-dividend-rat/brief-caterpillar-maintains-dividend-rate-idUSFWN1HK0MW
2017-04-13,http://www.reuters.com/article/brief-former-att-executive-ray-wilkins-j/brief-former-att-executive-ray-wilkins-joins-caterpillars-board-idUSASA09IH6
2017-04-20,http://www.reuters.com/article/brief-caterpillar-selects-deerfield-illi/brief-caterpillar-selects-deerfield-illinois-for-new-global-headquarters-idUSL8N1HR6GB
2017-04-25,https://www.theguardian.com/business/2017/apr/25/stock-markets-us-tech-donald-trump-tax-reform-emmanuel-macron-french-election
2017-04-25,https://www.theguardian.com/business/live/2017/apr/25/world-stock-markets-hit-record-highs-uk-deficit-borrowing-live
2017-04-25,http://www.reuters.com/article/brief-caterpillar-says-world-machines-re/brief-caterpillar-says-world-machines-retail-sales-for-3-month-rolling-period-ended-march-up-1-pct-idUSFWN1HW0J8
2017-04-26,https://www.theguardian.com/business/live/2017/apr/26/stock-markets-highs-ftse-wall-street-trump-tax-reforms-business-live
2017-04-26,http://www.reuters.com/article/us-caterpillar-results/caterpillars-profit-trounces-estimates-shares-jump-idUSKBN17R1DZ
2017-04-26,http://www.reuters.com/article/caterpillar-results/update-4-caterpillars-profit-trounces-estimates-shares-jump-idUSL4N1HX4BL
2017-04-26,http://www.reuters.com/article/brief-caterpillar-reports-q1-earnings-of/brief-caterpillar-reports-q1-earnings-of-0-32-per-share-idUSB8N1C200H
2017-04-26,http://www.reuters.com/article/brief-caterpillar-posts-q1-adj-earnings/brief-caterpillar-posts-q1-adj-earnings-per-share-1-28-idUSASA09K29
2017-04-26,http://www.reuters.com/article/caterpillar-results/caterpillar-sales-rise-3-8-pct-idUSL4N1HX364
2017-04-27,http://www.reuters.com/article/brief-caterpillar-says-ceos-2016-compens/brief-caterpillar-says-ceos-2016-compensation-was-15-5-mln-idUSFWN1HY16Q
2017-05-01,http://www.reuters.com/article/caterpillar-stocks-barrons/caterpillar-shares-may-rise-20-percent-on-boost-from-trump-policies-barrons-idUSL1N1I20C3
2017-05-04,http://www.reuters.com/article/us-caterpillar-probe/caterpillar-says-probe-related-to-tax-export-activities-idUSKBN17Z25M
2017-05-04,http://www.reuters.com/article/caterpillar-probe/caterpillar-says-probe-related-to-tax-export-activities-idUSL4N1I53Y0
2017-05-04,http://www.reuters.com/article/brief-caterpillar-inc-updates-on-investi/brief-caterpillar-inc-updates-on-investigations-idUSFWN1I50W7
2017-05-18,http://www.reuters.com/article/brief-caterpillar-ctw-investment-group-u/brief-caterpillar-ctw-investment-group-urges-caterpillar-shareholders-to-vote-against-re-election-of-audit-committee-members-dickinson-muilenburg-and-osborn-idUSFWN1IJ0P7
2017-06-03,http://www.reuters.com/article/brief-ritchie-bros-and-caterpillar-launc/brief-ritchie-bros-and-caterpillar-launch-strategic-alliance-idUSFWN1IZ0MF
2017-06-15,http://www.reuters.com/article/brief-caterpillar-inc-says-increase-quar/brief-caterpillar-inc-says-increase-quarterly-cash-dividend-by-one-cent-to-78-cents-idUSASA09TUW
2017-06-16,http://www.reuters.com/article/brief-caterpillar-announces-organization/brief-caterpillar-announces-organizational-changes-idUSASA09U3Q
2017-06-17,http://www.reuters.com/article/brief-caterpillar-issues-statement-on-tr/brief-caterpillar-issues-statement-on-trump-administrations-cuba-announcement-idUSFWN1JD0HZ
2017-06-20,http://www.reuters.com/article/brief-alight-inc-announces-series-fundin/brief-alight-inc-announces-series-funding-round-of-11-mln-including-strategic-investment-by-caterpillar-venture-capital-inc-idUSASA09UAV
2017-06-21,http://www.reuters.com/article/brief-caterpillar-world-machines-retail/brief-caterpillar-world-machines-retail-sales-for-3-month-rolling-period-ended-may-up-8-percent-idUSFWN1JH0IF
2017-06-29,http://www.reuters.com/article/brief-caterpillar-says-doug-hoerr-vice-p/brief-caterpillar-says-doug-hoerr-vice-president-of-mhu-to-retire-idUSASA09VCL
2017-07-03,http://www.reuters.com/article/brief-fastbrick-robotics-signs-mou-with/brief-fastbrick-robotics-signs-mou-with-caterpillar-inc-idUSFWN1JR0U8
2017-07-18,http://www.reuters.com/article/brief-caterpillar-names-cheryl-johnson-c/brief-caterpillar-names-cheryl-johnson-chief-human-resources-officer-idUSASB0B9AZ
2017-07-25,http://www.reuters.com/article/brief-caterpillar-says-world-machines-re/brief-caterpillar-says-world-machines-retail-sales-up-7-pct-idUSFWN1KF0H9
2017-07-26,http://www.reuters.com/article/us-caterpillar-results/caterpillar-bulldozes-expectations-raises-2017-forecast-again-idUSKBN1AA1BG
2017-07-26,http://www.reuters.com/article/caterpillar-results/update-4-caterpillar-bulldozes-expectations-raises-2017-forecast-again-idUSL3N1KG3VU
2017-07-26,http://www.reuters.com/article/brief-caterpillar-expects-some-headwinds/brief-caterpillar-expects-some-headwinds-to-profitability-in-2h-conf-call-idUSFWN1KG0VC
2017-07-26,http://www.reuters.com/article/usa-stocks/us-stocks-mcdonalds-caterpillar-power-sp-to-record-idUSL3N1KG4G2
2017-07-26,http://www.reuters.com/article/usa-stocks/us-stocks-caterpillar-mcdonalds-to-lift-sp-dow-at-open-idUSL3N1KG44R
2017-07-26,http://www.reuters.com/article/brief-caterpillar-now-expects-to-incur-a/brief-caterpillar-now-expects-to-incur-about-1-2-billion-of-restructuring-costs-in-2017-idUSASB0BAFK
2017-07-26,http://www.reuters.com/article/caterpillar-results/caterpillar-posts-46-pct-rise-in-profit-boosts-forecast-idUSL3N1KG3UU
2017-08-02,http://www.reuters.com/article/brief-caterpillar-says-director-william/brief-caterpillar-says-director-william-osborn-reports-sale-of-5000-shares-of-cos-common-stock-at-average-price-of-113-67per-share-on-july-28-sec-filing-idUSFWN1KN0VF
2017-08-02,http://www.reuters.com/article/brief-caterpillar-cfo-will-receive-cash/brief-caterpillar-cfo-will-receive-cash-payment-of-2-6-mln-after-retirement-idUSFWN1KN0R9
2017-08-02,http://www.reuters.com/article/us-caterpillar-cfo/caterpillar-cfo-brad-halverson-to-retire-in-early-2018-idUSKBN1AH41B
2017-08-02,http://www.reuters.com/article/caterpillar-cfo/update-1-caterpillar-cfo-brad-halverson-to-retire-in-early-2018-idUSL4N1KN451
2017-08-02,http://www.reuters.com/article/brief-caterpillar-cfo-brad-halverson-to/brief-caterpillar-cfo-brad-halverson-to-retire-in-2018-idUSASB0BC2C
2017-08-02,http://www.reuters.com/article/caterpillar-cfo/caterpillar-cfo-brad-halverson-to-retire-idUSL4N1KN44E
2017-08-11,http://www.reuters.com/article/brief-former-us-senator-kelly-ayotte-to/brief-former-u-s-senator-kelly-ayotte-to-join-caterpillar-board-of-directors-idUSASB0BF2I
2017-08-12,http://www.reuters.com/article/brief-caterpillar-names-suzette-long-as/brief-caterpillar-names-suzette-long-as-general-counsel-and-corporate-secretary-idUSASB0BFEF
2017-08-19,http://www.reuters.com/article/brief-caterpillar-posts-12-pct-rise-in-w/brief-caterpillar-posts-12-pct-rise-in-world-machines-retail-sales-for-3-mnth-rolling-period-ended-july-idUSFWN1L40KI
2017-08-23,http://www.reuters.com/article/us-caterpillar-wirtgen-america/u-s-trade-panel-begins-patent-probe-against-caterpillar-idUSKCN1B21SC
2017-08-23,http://www.reuters.com/article/caterpillar-wirtgen-america/u-s-trade-panel-begins-patent-probe-against-caterpillar-idUSS0N1KH01E
2017-08-29,http://www.reuters.com/article/us-hewitt-m-a-toromont-indus/canadas-toromont-to-buy-caterpillar-dealer-hewitt-for-c1-02-billion-idUSKCN1B814L
2017-08-29,http://www.reuters.com/article/hewitt-ma-toromont-indus/update-1-canadas-toromont-to-buy-caterpillar-dealer-hewitt-for-c1-02-bln-idUSL4N1LE3YR
2017-08-29,http://www.reuters.com/article/hewitt-ma-toromont-indus/canadas-toromont-to-buy-caterpillar-dealer-hewitt-for-c1-02-bln-idUSL4N1LE3Y6
2017-08-30,http://www.reuters.com/article/caterpillar-pentagon/caterpillar-wins-663-mln-u-s-defense-contract-pentagon-idUSS0N1L0010
2017-09-13,http://www.reuters.com/article/brief-caterpillar-says-co-entered-credit/brief-caterpillar-says-co-entered-credit-agreement-which-provides-for-unsecured-revolving-credit-facility-idUSFWN1LT0Q0
2017-09-13,http://www.reuters.com/article/brief-caterpillar-expects-met-capex-of-a/brief-caterpillar-expects-met-capex-of-about-1-bln-to-1-5-bln-per-year-going-forward-idUSFWN1LT0LN
2017-09-22,http://www.reuters.com/article/brief-caterpillar-inc-says-latin-america/brief-caterpillar-inc-says-latin-america-machines-retail-sales-for-3-month-rolling-period-ended-aug-up-11-pct-idUSFWN1M20CR
2017-10-03,http://www.reuters.com/article/brief-caterpillar-inc-jon-huntsman-jr-to/brief-caterpillar-inc-jon-huntsman-jr-to-resign-as-boardmember-idUSFWN1MD0V0
2017-10-12,http://www.reuters.com/article/brief-caterpillar-maintains-dividend-rat/brief-caterpillar-maintains-dividend-rate-idUSFWN1MM0K4
2017-10-24,http://www.reuters.com/article/brief-caterpillar-says-world-machines-re/brief-caterpillar-says-world-machines-retail-sales-up-13-percent-for-3-month-rolling-period-ended-sept-idUSFWN1MY0M3
2017-10-25,http://www.reuters.com/article/us-usa-stocks/dow-jumps-with-upbeat-3m-caterpillar-earnings-idUSKBN1CT1KZ
2017-10-25,http://www.reuters.com/article/usa-stocks/us-stocks-dow-jumps-with-upbeat-3m-caterpillar-earnings-idUSL2N1MZ2ES
2017-10-25,http://www.reuters.com/article/usa-stocks/us-stocks-dow-jumps-with-upbeat-3m-caterpillar-earnings-idUSL2N1MZ1YQ
2017-10-25,http://www.reuters.com/article/usa-stocks/us-stocks-snapshot-3m-caterpillar-power-dow-to-record-idUSZXN0R552I
2017-10-25,http://www.reuters.com/article/usa-stocks/us-stocks-wall-st-gains-on-3m-caterpillar-earnings-dow-jumps-idUSL2N1MZ1IL
2017-10-25,http://www.reuters.com/article/us-caterpillar-results/caterpillar-smashes-market-estimates-as-north-america-sales-rebound-idUSKBN1CT1LT
2017-10-25,http://www.reuters.com/article/caterpillar-results/update-4-caterpillar-smashes-market-estimates-as-n-america-sales-rebound-idUSL4N1MZ4DR
2017-10-25,http://www.reuters.com/article/brief-caterpillar-sees-fy-power-generati/brief-caterpillar-sees-fy-power-generation-industry-sales-to-be-about-flat-to-slightly-up-idUSL8N1MZ6U1
2017-10-25,http://www.reuters.com/article/usa-stocks/us-stocks-dow-rallies-on-strong-earnings-from-3m-caterpillar-idUSL4N1MZ590
2017-10-25,http://www.reuters.com/article/us-caterpillar-results-stocks/caterpillar-set-to-replace-boeing-as-top-dow-performer-idUSKBN1CT2AC
2017-10-25,http://www.reuters.com/article/usa-stocks/us-stocks-3m-caterpillar-lift-dow-to-record-high-idUSL4N1MZ51Y
2017-10-25,http://www.reuters.com/article/caterpillar-results-stocks/caterpillar-set-to-replace-boeing-as-top-dow-performer-idUSL4N1MZ534
2017-10-25,http://www.reuters.com/article/usa-stocks/us-stocks-3m-caterpillar-lift-dow-to-record-high-idUSL4N1MZ4TD
2017-10-25,http://www.reuters.com/article/usa-stocks/us-stocks-caterpillar-sets-up-dow-for-record-open-idUSL4N1MZ4BB
2017-10-25,http://www.reuters.com/article/global-markets/global-markets-bond-yields-grind-higher-caterpillar-smashes-forecasts-idUSL8N1MZ4SO
2017-10-25,http://www.reuters.com/article/brief-caterpillar-sees-fy-sales-revenues/brief-caterpillar-sees-fy-sales-revenues-in-construction-industries-up-about-20-pct-idUSFWN1MZ0Q8
2017-10-25,http://www.reuters.com/article/brief-caterpillar-reports-q3-eps-177/brief-caterpillar-reports-q3-eps-1-77-idUSASB0BO9N
2017-10-25,http://www.reuters.com/article/caterpillar-results/caterpillar-posts-25-pct-jump-in-revenue-raises-forecast-idUSL4N1MZ4CJ
2017-10-25,http://www.reuters.com/news/video/videoStory?storyID=133762370
2017-11-02,http://www.reuters.com/article/us-cuba-usa-caterpillar/caterpillar-dealer-to-open-shop-in-cuba-special-development-zone-idUSKBN1D15D7
2017-11-02,http://www.reuters.com/article/cuba-usa-caterpillar/update-1-caterpillar-dealer-to-open-shop-in-cuba-special-development-zone-idUSL2N1N71LW
2017-11-02,http://www.reuters.com/article/cuba-usa-caterpillar/caterpillar-dealer-to-open-shop-in-cuba-special-development-zone-idUSL8N1N75MW
2017-11-03,http://www.reuters.com/article/brief-asv-holdings-says-co-and-caterpill/brief-asv-holdings-says-co-and-caterpillar-inc-entered-into-a-supply-agreement-effective-as-of-january-1-2018-idUSFWN1N81S0
