2014-01-03,http://www.reuters.com/article/2014/01/03/ny-billionaires-row-idUSnPnPHgMHp9+16c+PRN20140103
2014-01-08,http://www.reuters.com/article/2014/01/08/us-adidas-board-idUSBREA070XS20140108
2014-01-08,http://www.reuters.com/article/2014/01/08/adidas-board-idUSL6N0KI27320140108
2014-01-09,http://www.reuters.com/article/2014/01/09/il-zacks-earnings-idUSnPnCGj5LkT+165+PRN20140109
2014-01-14,http://www.reuters.com/article/2014/01/14/bluefin-solutions-idUSnBw145088a+100+BSW20140114
2014-01-21,http://www.reuters.com/article/2014/01/21/il-zacks-investments-idUSnPnCGlmRkT+165+PRN20140121
2014-01-27,http://www.reuters.com/article/2014/01/27/us-soccer-arsenal-puma-idUSBREA0Q1AG20140127
2014-01-27,http://www.reuters.com/article/2014/01/27/soccer-arsenal-puma-idUSL5N0L136N20140127
2014-01-27,http://www.reuters.com/article/2014/01/27/soccer-arsenal-puma-idUSL9N0IK00E20140127
2014-01-28,http://www.reuters.com/article/2014/01/28/soccer-manutd-kit-idUSL5N0L24G720140128
2014-01-28,http://www.reuters.com/article/2014/01/28/soccer-man-utd-kit-idUSL5N0L24EU20140128
2014-02-26,http://www.reuters.com/article/2014/02/26/ut-vivint-marketing-idUSnPnLAvFWhn+16c+PRN20140226
2014-02-27,https://www.theguardian.com/business/2014/feb/27/liberty-sales-fabric-wholesale-business-louis-vuitton-chloe
2014-03-03,http://www.reuters.com/article/2014/03/03/research-and-markets-idUSnBw036391a+100+BSW20140303
2014-03-07,https://www.theguardian.com/lifeandstyle/2014/mar/07/alex-calderwood-cool-hunter-death-ace-hotel-london
2014-03-07,http://www.reuters.com/article/2014/03/07/il-zacks-investment-idUSnPnCGybTkT+165+PRN20140307
2014-03-10,http://www.reuters.com/article/2014/03/10/us-soccer-world-cup-kit-idUSBREA290ID20140310
2014-03-10,http://www.reuters.com/article/2014/03/10/soccer-world-cup-kit-idUSL6N0M41JN20140310
2014-03-11,http://www.reuters.com/article/2014/03/11/bc-analysts-review-idUSnPnq7cdpt+80+PRN20140311
2014-03-17,https://www.theguardian.com/business/2014/mar/17/chinese-ecommerce-alibaba-float-us
2014-03-17,http://www.reuters.com/article/2014/03/17/zacks-earningspreview-idUSnPnBDZx8+5c+PRN20140317
2014-03-18,http://www.reuters.com/article/2014/03/18/dryworld-industries-idUSnBw186481a+100+BSW20140318
2014-03-19,http://www.reuters.com/article/2014/03/19/idUSnMKWkpDfGa+1ca+MKW20140319
2014-03-20,http://www.reuters.com/article/2014/03/20/us-nike-results-idUSBREA2J26120140320
2014-03-20,http://www.reuters.com/article/2014/03/20/nike-results-idUSL2N0MH1Q020140320
2014-03-20,http://www.reuters.com/article/2014/03/20/nike-results-idUSL2N0MH15M20140320
2014-03-20,http://www.reuters.com/article/2014/03/20/idUSnGNXbtd6QX+1c3+GNW20140320
2014-03-21,https://www.nytimes.com/2014/03/21/business/sales-surging-ahead-of-world-cup-nike-posts-a-higher-profit.html
2014-03-27,http://www.reuters.com/article/2014/03/27/il-zacks-investment-idUSnPn5HCKsj+9c+PRN20140327
2014-03-28,http://www.reuters.com/article/2014/03/28/bc-a-idUSnPnhXlp4+48+PRN20140328
2014-03-31,http://www.reuters.com/article/2014/03/31/il-zacks-investment-idUSnPn6MqMCC+97+PRN20140331
2014-04-01,http://www.reuters.com/news/video/videoStory?storyID=82254984
2014-04-02,http://www.reuters.com/article/2014/04/02/soccer-world-shirts-idUSL4N0MU3JD20140402
2014-04-02,http://www.reuters.com/article/2014/04/02/soccer-world-shirts-idUSL5N0MU23H20140402
2014-04-02,http://www.reuters.com/news/video/videoStory?storyID=82346868
2014-04-03,http://www.reuters.com/article/2014/04/03/us-soccer-world-shirt-idUSBREA320LD20140403
2014-04-03,http://www.reuters.com/article/2014/04/03/soccer-world-shirt-idUSL5N0MV1JR20140403
2014-04-04,http://www.reuters.com/article/2014/04/04/il-zacks-investment-idUSnPn4V7d8k+90+PRN20140404
2014-04-04,http://www.reuters.com/article/2014/04/04/bc-analystsreviewcom-idUSnPnc8C0Mt+8a+PRN20140404
2014-04-07,http://www.reuters.com/article/2014/04/07/il-zacks-erns-preview-idUSnPn7XqQKf+96+PRN20140407
2014-04-08,http://www.reuters.com/article/2014/04/08/idUSnHUGdCxW+75+ONE20140408
2014-04-10,http://www.reuters.com/article/2014/04/10/bc-analysts-review-idUSnPn7CBKyC+9d+PRN20140410
2014-04-10,http://www.reuters.com/article/2014/04/10/idUSnMKWLYbtja+1f0+MKW20140410
2014-04-10,http://www.reuters.com/article/2014/04/10/or-nike-inc-idUSnBw105422a+100+BSW20140410
2014-04-14,http://www.reuters.com/article/2014/04/14/ca-lights-out-idUSnBw146287a+100+BSW20140414
2014-04-14,http://www.reuters.com/article/2014/04/14/bc-analystsreviewcom-idUSnPn4SbtL9+92+PRN20140414
2014-04-14,http://www.reuters.com/article/2014/04/14/mi-ccs-design-summit-idUSnPn9xkWvv+84+PRN20140414
2014-04-16,http://www.reuters.com/article/2014/04/16/us-nike-athletics-idUSBREA3F23T20140416
2014-04-16,http://www.reuters.com/article/2014/04/16/nike-athletics-idUSL2N0N82FE20140416
2014-04-22,http://www.reuters.com/article/2014/04/22/oh-multi-radiance-med-idUSnBw226505a+100+BSW20140422
2014-05-01,http://www.reuters.com/article/2014/05/01/us-nike-labor-china-idUSBREA400SR20140501
2014-05-01,http://www.reuters.com/article/2014/05/01/nike-labor-china-idUSL6N0NN3DO20140501
2014-05-01,http://www.reuters.com/article/2014/05/01/bc-analysts-review-idUSnPnldFk1+44+PRN20140501
2014-05-02,http://www.reuters.com/article/2014/05/02/bc-analysts-review-idUSnPn4XK4W2+9a+PRN20140502
2014-05-05,https://www.nytimes.com/2014/05/05/business/media/accounts-and-people-of-note-in-the-advertising-industry.html
2014-05-06,http://www.reuters.com/article/2014/05/06/sls-nikesb-worldtour-idUSnPn5jvdC7+82+PRN20140506
2014-05-06,http://www.reuters.com/article/2014/05/06/us-adidas-results-idUSBREA4504L20140506
2014-05-06,http://www.reuters.com/article/2014/05/06/adidas-results-idUSL6N0NS17P20140506
2014-05-08,http://www.reuters.com/article/2014/05/08/adidas-idUSL6N0NU2RE20140508
2014-05-08,http://www.reuters.com/article/2014/05/08/us-adidas-idUSBREA4708420140508
2014-05-10,https://www.theguardian.com/business/2014/may/11/why-global-recovery-china-luxury-western-export-middle-class-consumer
2014-05-12,http://www.reuters.com/article/2014/05/12/bc-analystsreviewcom-idUSnPn2Tqmcz+90+PRN20140512
2014-05-15,http://www.reuters.com/article/2014/05/15/il-zacks-investment-idUSnPn5g8nTC+83+PRN20140515
2014-05-15,http://www.reuters.com/article/2014/05/15/nike-vietnam-idUSL3N0O13HR20140515
2014-05-20,http://www.reuters.com/article/2014/05/20/bc-a-idUSnPn4ZF6hV+99+PRN20140520
2014-05-22,http://www.reuters.com/article/2014/05/22/idUSnMKWlClxXa+1d2+MKW20140522
2014-05-27,http://www.reuters.com/article/2014/05/27/us-soccer-world-brands-idUSKBN0E72TD20140527
2014-05-27,http://www.reuters.com/article/2014/05/27/us-soccer-world-brands-idUSKBN0E72T320140527
2014-05-27,http://www.reuters.com/article/2014/05/27/soccer-world-brands-idUSL6N0NZ4TK20140527
2014-05-27,http://www.reuters.com/article/2014/05/27/belle-intl-results-idUSL3N0OD0IC20140527
2014-05-28,http://www.reuters.com/article/2014/05/28/bc-investor-edge-idUSnPnt6cPR+43+PRN20140528
2014-05-28,http://www.reuters.com/article/2014/05/28/us-soccer-world-brands-idUSKBN0E72TD20140528
2014-05-28,http://www.reuters.com/article/2014/05/28/soccer-world-brands-idUSL6N0OE1EA20140528
2014-05-29,http://www.reuters.com/news/video/videoStory?storyID=86549091
2014-06-12,http://www.reuters.com/article/2014/06/12/il-zacks-investment-idUSnPn2SDBzt+9c+PRN20140612
2014-06-18,http://www.reuters.com/article/2014/06/18/bc-ar-idUSnPnbcZtYH+8b+PRN20140618
2014-06-19,http://www.reuters.com/article/2014/06/19/research-and-markets-idUSnBw195596a+100+BSW20140619
2014-06-20,http://www.reuters.com/article/2014/06/20/soccer-world-ned-nike-idUSL6N0P155R20140620
2014-06-20,http://www.reuters.com/article/2014/06/20/soccer-world-ned-nike-idUSL6N0P154820140620
2014-06-23,http://www.reuters.com/article/2014/06/23/research-and-markets-idUSnBw235929a+100+BSW20140623
2014-06-26,http://www.reuters.com/article/2014/06/26/us-nike-results-idUSKBN0F12NT20140626
2014-06-26,http://www.reuters.com/article/2014/06/26/nike-results-idUSL4N0P74NX20140626
2014-06-26,http://www.reuters.com/article/2014/06/26/nike-results-idUSL4N0P54M120140626
2014-06-26,http://www.reuters.com/article/2014/06/26/bc-analystsreviewcom-idUSnPn4tmGsz+84+PRN20140626
2014-06-27,http://www.reuters.com/article/2014/06/27/markets-usa-stocks-idUSL2N0P80EK20140627
2014-06-27,http://www.reuters.com/article/2014/06/27/us-soccer-world-brands-idUSKBN0F211420140627
2014-06-27,http://www.reuters.com/article/2014/06/27/soccer-world-brands-idUSL6N0P72KR20140627
2014-06-27,http://www.reuters.com/article/2014/06/27/markets-usa-stocks-idUSL2N0P809720140627
2014-06-30,https://www.theguardian.com/business/marketforceslive/2014/jun/30/shire-abbvie-bid-tax-refund-canada
2014-07-03,http://www.reuters.com/article/2014/07/03/zacks-equity-research-idUSnPnc0wcw2+80+PRN20140703
2014-07-07,http://www.reuters.com/article/2014/07/07/soccer-manutd-nike-idUSL6N0PI5C520140707
2014-07-08,http://www.reuters.com/article/2014/07/08/us-soccer-world-nike-idUSKBN0FD1R220140708
2014-07-08,http://www.reuters.com/article/2014/07/08/soccer-world-nike-idUSL6N0PJ48420140708
2014-07-08,http://www.reuters.com/article/2014/07/08/us-soccer-manchester-utd-nike-idUSKBN0FD1YV20140708
2014-07-08,http://www.reuters.com/article/2014/07/08/soccer-manchester-utd-nike-idUSL6N0PJ4Q420140708
2014-07-08,http://www.reuters.com/article/2014/07/08/soccer-manchester-utd-nike-idUSL6N0PJ4O920140708
2014-07-09,http://www.reuters.com/news/video/videoStory?storyID=89540427
2014-07-10,https://www.nytimes.com/2014/07/10/business/international/nike-and-manchester-united-set-to-end-partnership.html
2014-07-10,http://www.reuters.com/article/2014/07/10/us-soccer-world-brands-idUSKBN0FF19L20140710
2014-07-10,http://www.reuters.com/article/2014/07/10/soccer-world-brands-idUSL6N0PK2JT20140710
2014-07-17,https://www.theguardian.com/business/2014/jul/17/england-world-cup-exit-rips-up-sports-direct-replica-shirt-sales
2014-07-19,https://www.theguardian.com/business/2014/jul/20/glaxosmithkline-china-second-quarter-results
2014-07-24,http://www.reuters.com/article/2014/07/24/research-and-markets-idUSnBw245919a+100+BSW20140724
2014-08-04,http://www.reuters.com/article/2014/08/04/bc-ar-idUSnPn87KZWs+8e+PRN20140804
2014-08-05,http://www.reuters.com/article/2014/08/05/us-soccer-marketing-idUSKBN0G52IB20140805
2014-08-05,http://www.reuters.com/article/2014/08/05/soccer-marketing-idUSL6N0QB4U520140805
2014-08-07,https://www.theguardian.com/business/2014/aug/07/adidas-biggest-ad-campaign-fight-nike
2014-08-08,http://www.reuters.com/article/2014/08/08/us-adidas-nike-rivalry-analysis-idUSKBN0G81MP20140808
2014-08-11,https://www.theguardian.com/lifeandstyle/2014/aug/11/footwear-brand-vans-skatepark-london-waterloo-station
2014-08-12,http://www.reuters.com/article/2014/08/12/bc-analysts-review-idUSnPn9MwtrM+91+PRN20140812
2014-08-13,http://www.reuters.com/article/2014/08/12/bc-analysts-review-idUSnPn9MwtrM+91+PRN20140812
2014-08-22,http://www.reuters.com/article/2014/08/21/us-underarmour-durant-idUSKBN0GL27C20140821
2014-08-22,http://www.reuters.com/article/2014/08/21/idUSL2N0QR2B920140821
2014-08-22,http://www.reuters.com/article/2014/08/21/bc-ar-idUSnPnJwP1T+55+PRN20140821
2014-08-30,http://www.reuters.com/article/2014/08/29/bc-analystsreviewcom-idUSnPn776c7Q+81+PRN20140829
2014-09-03,http://www.reuters.com/article/2014/09/02/us-nike-durant-idUSKBN0GX27J20140902
2014-09-03,http://www.reuters.com/article/2014/09/02/nike-durant-idUSL1N0R31C120140902
2014-09-10,http://www.reuters.com/article/2014/09/09/nike-brief-idUSL1N0RA1N220140909
2014-09-10,http://www.reuters.com/article/2014/09/09/bc-analysts-review-idUSnPn4KzSnN+95+PRN20140909
2014-09-10,http://www.reuters.com/article/2014/09/09/zacks-equity-research-idUSnPn4c718d+80+PRN20140909
2014-09-12,http://www.reuters.com/article/2014/09/11/il-zacks-investment-idUSnPn7HKhXM+9b+PRN20140911
2014-09-18,http://www.reuters.com/article/2014/09/17/nike-brief-idUSWNAB04QR020140917
2014-09-18,http://www.reuters.com/article/2014/09/17/us-nike-peterson-idUSKBN0HC1UA20140917
2014-09-18,http://www.reuters.com/article/2014/09/17/nike-peterson-idUSL3N0RI4P720140917
2014-09-18,http://www.reuters.com/article/2014/09/17/bc-analysts-review-idUSnPn5Ntnb8+90+PRN20140917
2014-09-23,http://www.reuters.com/article/2014/09/22/il-zacks-earnspreview-idUSnPn9nVfD4+8a+PRN20140922
2014-09-26,http://www.reuters.com/article/2014/09/25/us-nike-results-idUSKCN0HK2L420140925
2014-09-26,http://www.reuters.com/article/2014/09/25/nike-results-idUSL3N0RQ5IM20140925
2014-09-26,http://www.reuters.com/article/2014/09/25/nike-results-idUSL3N0RP5Y120140925
2014-09-26,http://www.reuters.com/article/2014/09/25/bc-analysts-review-idUSnPn4yjRl8+84+PRN20140925
2014-09-26,http://www.reuters.com/news/video/videoStory?storyID=95271631
2014-09-27,https://www.nytimes.com/2014/09/27/business/daily-stock-market-activity.html
2014-09-27,http://www.reuters.com/article/2014/09/26/us-nike-stocks-idUSKCN0HL1RV20140926
2014-09-27,http://www.reuters.com/article/2014/09/26/nike-stocks-idUSL3N0RR4X020140926
2014-09-27,http://www.reuters.com/article/2014/09/26/nike-stocks-idUSL3N0RR4UM20140926
2014-09-27,http://www.reuters.com/article/2014/09/26/markets-stocks-usa-idUSL2N0RR0LA20140926
2014-10-03,http://www.reuters.com/article/2014/10/02/or-nike-foundation-idUSnBw025583a+100+BSW20141002
2014-10-08,http://www.reuters.com/article/2014/10/07/bc-analysts-review-idUSnPn7VGJNH+9f+PRN20141007
2014-10-11,http://www.reuters.com/article/2014/10/10/-nikecampaign-idUSnPn15WRft+8c+PRN20141010
2014-10-14,http://www.reuters.com/article/2014/10/13/il-zacksinvestment-idUSnPn5XgR8p+94+PRN20141013
2014-10-15,http://www.reuters.com/article/2014/10/14/research-and-markets-idUSnBw145435a+100+BSW20141014
2014-10-16,http://www.reuters.com/article/2014/10/15/zacks-equity-research-idUSnPnc4ZRXj+8e+PRN20141015
2014-10-22,http://www.reuters.com/article/2014/10/21/zacks-equity-research-idUSnPn19XdpR+89+PRN20141021
2014-10-22,http://www.reuters.com/article/2014/10/21/research-and-markets-idUSnBw215647a+100+BSW20141021
2014-10-23,http://www.reuters.com/article/2014/10/22/or-nike-idUSnBw226302a+100+BSW20141022
2014-10-23,http://www.reuters.com/article/2014/10/22/research-and-markets-idUSnBw226267a+100+BSW20141022
2014-10-24,http://www.reuters.com/article/2014/10/23/bc-analysts-review-idUSnPnbJHmSs+9a+PRN20141023
2014-10-25,https://www.theguardian.com/business/2014/oct/26/normcore-goes-mainstream-american-eagle-shops-uk-london
2014-10-30,http://www.reuters.com/article/2014/10/29/fl-incentco-idUSnBw296272a+100+BSW20141029
2014-11-04,https://www.theguardian.com/business/2014/nov/04/alibaba-chinese-internet-giant-strong-growth-figures
2014-11-04,http://www.reuters.com/article/2014/11/03/bc-analysts-review-idUSnPn7pkpkg+80+PRN20141103
2014-11-08,http://www.reuters.com/article/2014/11/07/ks-sprint-idUSnBw076003a+100+BSW20141107
2014-11-20,http://www.reuters.com/article/2014/11/19/research-and-markets-idUSnBw195886a+100+BSW20141119
2014-11-20,http://www.reuters.com/article/2014/11/19/idUSnMKWcjSbqa+1c8+MKW20141119
2014-11-21,http://www.reuters.com/article/2014/11/20/il-zacks-investment-idUSnPn2HDX1t+9c+PRN20141120
2014-11-25,http://www.reuters.com/article/2014/11/24/us-olympics-usoc-nike-idUSKCN0J81S020141124
2014-11-25,http://www.reuters.com/article/2014/11/24/olympics-usoc-nike-idUSL2N0TE18Y20141124
2014-12-10,http://www.reuters.com/article/2014/12/09/nike-adidas-lawsuit-idUSL1N0TT2C820141209
2014-12-10,http://www.reuters.com/article/2014/12/09/us-nike-adidas-lawsuit-idUSKBN0JN2DV20141209
2014-12-10,http://www.reuters.com/article/2014/12/09/nike-adidas-lawsuit-idUSL1N0TT1OH20141209
2014-12-10,http://www.reuters.com/article/2014/12/09/research-and-markets-idUSnBw095986a+100+BSW20141209
2014-12-10,http://www.reuters.com/article/2014/12/09/il-zacks-investment-idUSnPn2k2MYv+86+PRN20141209
2014-12-15,https://www.theguardian.com/business/2014/dec/15/sneakers-speakers-beats-generation-making-mint-hip-hop
2014-12-19,http://www.reuters.com/article/2014/12/18/us-nike-results-idUSKBN0JW2O920141218
2014-12-19,http://www.reuters.com/article/2014/12/18/nike-results-idUSL3N0U25DH20141218
2014-12-19,http://www.reuters.com/article/2014/12/18/nike-results-idUSL3N0U14WM20141218
2014-12-20,http://www.reuters.com/article/2014/12/19/bc-analysts-review-idUSnPn7JP3hZ+99+PRN20141219
2014-12-24,https://www.theguardian.com/business/2014/dec/23/boxing-day-sales-start-early-where-are-the-best-deals
2014-12-30,http://www.reuters.com/article/2014/12/29/bc-analysts-review-idUSnPnWQC9V+5d+PRN20141229
2015-01-07,http://www.reuters.com/article/2015/01/06/research-and-markets-idUSnBw066124a+100+BSW20150106
2015-01-08,http://www.reuters.com/article/2015/01/07/bc-analysts-review-idUSnPn9BkHWw+96+PRN20150107
2015-01-28,http://www.reuters.com/article/2015/01/27/idUSnGNX1l5Mr5+1c4+GNW20150127
2015-01-31,http://www.reuters.com/article/2015/01/30/research-and-markets-idUSnBw305747a+100+BSW20150130
2015-02-13,http://www.reuters.com/article/2015/02/12/us-nike-moves-cfo-idUSKBN0LG2ZO20150212
2015-03-02,https://www.theguardian.com/business/2015/mar/02/british-airways-named-uks-most-popular-brand
2015-03-04,http://www.reuters.com/article/2015/03/03/ny-nyama-idUSnBw035978a+100+BSW20150303
2015-03-06,https://www.theguardian.com/business/2015/mar/06/apple-to-join-dow-jones-index-this-month
2015-03-07,http://www.reuters.com/article/2015/03/06/ma-tomtom-nike-idUSnPn8S8Dcd+94+PRN20150306
2015-03-07,http://www.reuters.com/article/2015/03/06/tomtom-idUSnBw065334a+100+BSW20150306
2015-03-10,http://www.reuters.com/article/2015/03/09/idUSL4N0WB37120150309
2015-03-20,https://www.nytimes.com/2015/03/20/business/despite-stronger-dollar-profit-is-up-16-at-nike.html
2015-03-20,http://www.reuters.com/article/2015/03/19/us-nike-results-idUSKBN0MF2JY20150319
2015-03-20,http://www.reuters.com/article/2015/03/19/nike-results-idUSL3N0WL5AP20150319
2015-03-20,http://www.reuters.com/article/2015/03/19/nike-results-idUSL3N0WK4SO20150319
2015-03-21,https://www.nytimes.com/2015/03/21/business/daily-stock-market-activity.html
2015-03-21,http://www.reuters.com/article/2015/03/20/us-markets-stocks-us-idUSKBN0MG19320150320
2015-03-21,http://www.reuters.com/article/2015/03/20/markets-stocks-usa-idUSL2N0WM2GG20150320
2015-03-21,http://www.reuters.com/article/2015/03/20/markets-stocks-usa-idUSL2N0WM2A920150320
2015-03-21,http://www.reuters.com/article/2015/03/20/markets-stocks-usa-idUSL2N0WM1R620150320
2015-03-21,http://www.reuters.com/article/2015/03/20/markets-stocks-usa-idUSL2N0WM1C420150320
2015-03-21,http://www.reuters.com/article/2015/03/20/markets-stocks-usa-idUSL2N0WM13A20150320
2015-03-21,http://www.reuters.com/article/2015/03/20/markets-stocks-usa-idUSZXN0RES0520150320
2015-03-21,http://www.reuters.com/article/2015/03/20/markets-stocks-usa-idUSL2N0WM0IU20150320
2015-03-25,http://www.reuters.com/article/2015/03/26/us-athletics-nike-gay-idUSKBN0MM08R20150326
2015-03-26,http://www.reuters.com/article/2015/03/26/us-athletics-nike-gay-idUSKBN0MM08R20150326
2015-04-01,http://www.reuters.com/article/2015/03/31/idUSnGNXc6C9gC+1c9+GNW20150331
2015-04-07,http://www.reuters.com/article/2015/04/06/mlstrategies-nikesuit-idUSnPn5tN0RG+8b+PRN20150406
2015-04-07,http://www.reuters.com/article/2015/04/06/ca-shawne-merriman-idUSnBw065471a+100+BSW20150406
2015-04-16,http://www.reuters.com/article/2015/04/15/researchandmarkets-idUSnPn7ngy2J+81+PRN20150415
2015-05-01,http://www.reuters.com/article/2015/04/30/us-usa-trade-obama-idUSKBN0NL2RO20150430
2015-05-01,http://www.reuters.com/article/2015/04/30/usa-trade-obama-idUSL1N0XR30520150430
2015-05-07,http://www.reuters.com/article/2015/05/06/production-glue-award-idUSnPn9jlsTt+82+PRN20150506
2015-05-07,http://www.reuters.com/article/2015/05/06/usa-trade-obama-idUSL1N0XW27020150506
2015-05-08,https://www.nytimes.com/2015/05/08/business/obama-chooses-nike-headquarters-to-make-his-pitch-on-trade.html
2015-05-08,https://www.theguardian.com/business/2015/may/08/us-adds-jobs-april-unemployment-low
2015-05-08,http://www.reuters.com/article/2015/05/07/us-usa-trade-nike-idUSKBN0NS2BX20150507
2015-05-08,http://www.reuters.com/article/2015/05/07/usa-trade-nike-idUSL1N0XY3CN20150507
2015-05-08,http://www.reuters.com/article/2015/05/07/usa-trade-nike-idUSL1N0XY28R20150507
2015-05-09,http://www.reuters.com/article/2015/05/08/us-trade-obama-nike-idUSKBN0NT0ZO20150508
2015-05-09,http://www.reuters.com/article/2015/05/08/us-trade-obama-nike-ceo-idUSKBN0NT1MW20150508
2015-05-09,http://www.reuters.com/article/2015/05/08/teamsters-nike-stmnt-idUSnPn5jTFDW+8f+PRN20150508
2015-05-09,http://www.reuters.com/article/2015/05/08/trade-obama-nike-ceo-idUSL1N0XZ19Y20150508
2015-05-09,http://www.reuters.com/article/2015/05/08/trade-obama-nike-idUSL1N0XZ02P20150508
2015-05-09,http://www.reuters.com/article/2015/05/08/or-nike-potus-tpp-idUSnBw085098a+100+BSW20150508
2015-05-12,https://www.theguardian.com/us-news/2015/may/12/trans-pacific-partnership-explainer
2015-05-12,http://www.reuters.com/article/2015/05/11/softbank-results-nikesh-arora-idUSKBN0NW14R20150511
2015-05-12,http://www.reuters.com/article/2015/05/11/softbank-results-idUSL4N0XZ52D20150511
2015-05-12,http://www.reuters.com/article/2015/05/11/us-softbank-results-idUSKBN0NW0DK20150511
2015-05-20,https://www.theguardian.com/business/live/2015/may/19/uk-inflation-greek-bailout-talks-yanis-varoufakis-live-updates
2015-05-23,http://www.reuters.com/article/2015/05/22/research-and-markets-idUSnBw225359a+100+BSW20150522
2015-05-28,http://www.reuters.com/article/2015/05/27/us-nike-idUSKBN0OC2P220150527
2015-05-28,http://www.reuters.com/article/2015/05/27/soccer-fifa-nike-idUSL1N0YI2J320150527
2015-05-28,http://www.reuters.com/article/2015/05/27/idUSL1N0YI2GA20150527
2015-05-30,http://www.reuters.com/article/2015/05/29/soccer-fifa-nike-idUSL1N0YK2U520150529
2015-05-30,http://www.reuters.com/article/2015/05/29/us-soccer-fifa-nike-idUSKBN0OE2PB20150529
2015-05-30,http://www.reuters.com/article/2015/05/29/soccer-fifa-nike-idUSL1N0YJ22E20150529
2015-05-30,http://www.reuters.com/article/2015/05/29/us-soccer-fifa-nike-idUSKBN0OE0GK20150529
2015-05-30,http://www.reuters.com/article/2015/05/29/soccer-fifa-nike-idUSL3N0YK1WS20150529
2015-06-02,http://www.reuters.com/article/soccer-fifa-nike-idUSL1N0YK2U520150601
2015-06-06,http://www.reuters.com/article/2015/06/06/us-soccer-fifa-brazil-nike-idUSKBN0OL0C220150606
2015-06-06,http://www.reuters.com/article/2015/06/05/soccer-fifa-brazil-nike-idUSL1N0YR03T20150605
2015-06-06,http://www.reuters.com/article/2015/06/05/us-soccer-fifa-brazil-nike-idUSKBN0OL0C220150605
2015-06-06,http://www.reuters.com/article/2015/06/05/soccer-fifa-brazil-nike-idUSL1N0YM0FA20150605
2015-06-10,http://www.reuters.com/article/2015/06/09/nike-adidas-settlement-idUSL1N0YV2UE20150609
2015-06-10,http://www.reuters.com/article/2015/06/09/us-nike-adidas-settlement-idUSKBN0OP2GL20150609
2015-06-10,http://www.reuters.com/article/2015/06/09/nike-adidas-settlement-idUSL1N0YV20V20150609
2015-06-11,http://www.reuters.com/article/2015/06/10/us-nike-nba-idUSKBN0OQ2LV20150610
2015-06-11,http://www.reuters.com/article/2015/06/10/nike-nba-idUSL3N0YW5N320150610
2015-06-11,http://www.reuters.com/article/2015/06/10/nike-nba-idUSL3N0YW5MJ20150610
2015-06-11,http://www.reuters.com/article/2015/06/10/soccer-fifa-netherlands-idUSL5N0YW1SJ20150610
2015-06-13,http://www.reuters.com/article/2015/06/13/us-soccer-fifa-nike-idUSKBN0OT00G20150613
2015-06-13,http://www.reuters.com/article/2015/06/13/soccer-fifa-nike-idUSL1N0YZ00P20150613
2015-06-13,http://www.reuters.com/article/2015/06/13/soccer-fifa-nike-idUSL1N0YZ00620150613
2015-06-13,http://www.reuters.com/article/2015/06/13/idUSL1N0YZ00720150613
2015-06-13,http://www.reuters.com/news/video/videoStory?storyID=108722167
2015-06-19,http://www.reuters.com/article/2015/06/18/or-nike-idUSnBw186387a+100+BSW20150618
2015-06-24,http://www.reuters.com/article/2015/06/23/hynes-keller-investig-idUSnPn6JNVcx+9c+PRN20150623
2015-06-26,https://www.theguardian.com/business/2015/jun/26/liberty-sets-sail-overseas-before-floating-on-the-stock-exchange
2015-06-26,http://www.reuters.com/article/2015/06/25/us-nike-results-idUSKBN0P52NQ20150625
2015-06-26,http://www.reuters.com/article/2015/06/25/nike-results-idUSL3N0ZB5HE20150625
2015-06-26,http://www.reuters.com/article/2015/06/25/nike-results-idUSL3N0ZA4YG20150625
2015-06-26,http://www.reuters.com/article/2015/06/25/ohsu-fundraising-idUSnPn9NxlxX+91+PRN20150625
2015-06-27,https://www.nytimes.com/2015/06/27/business/daily-stock-market-activity.html
2015-07-01,https://www.nytimes.com/2015/07/01/business/nike-chairman-set-to-exit-wants-chief-as-successor.html
2015-07-01,http://www.reuters.com/article/2015/06/30/us-nike-chairman-idUSKCN0PA2UB20150630
2015-07-01,http://www.reuters.com/article/2015/06/30/nike-chairman-idUSL3N0ZG59M20150630
2015-07-01,http://www.reuters.com/article/2015/06/30/nike-chairman-idUSL3N0ZG57920150630
2015-07-02,http://www.reuters.com/article/2015/07/01/ca-bravada-international-idUSnBw016427a+100+BSW20150701
2015-07-02,http://www.reuters.com/article/2015/07/01/research-and-markets-idUSnBw015980a+100+BSW20150701
2015-07-21,https://www.theguardian.com/business/2015/jul/21/navigating-decline-what-happened-to-tomtom-satnav
2015-07-27,https://www.theguardian.com/business/live/2015/jul/27/business-live-chinese-stock-market-rout-ftse-greece-live
2015-07-29,https://www.theguardian.com/business/2015/jul/29/skechers-shares-jump-after-hours-trading-earnings-rise
2015-07-31,https://www.theguardian.com/business/2015/jul/31/jd-sports-shares-leap-as-profits-beat-expectations
2015-08-01,https://www.theguardian.com/business/2015/aug/01/shanghai-market-crash-accelerates-slump-in-luxury-car-sales
2015-08-06,https://www.nytimes.com/2015/08/06/business/dealbook/adidas-acquires-runtastic-a-maker-of-fitness-apps-and-devices.html
2015-08-06,https://www.theguardian.com/business/2015/aug/06/adidas-golf-division-taylor-made
2015-08-08,http://www.reuters.com/article/research-and-markets-idUSnBw075776a+100+BSW20150807
2015-08-12,https://www.theguardian.com/business/2015/aug/12/chinese-economy-shockwaves-the-winners-and-losers
2015-08-14,https://www.theguardian.com/business/2015/aug/14/sainsburys-cuts-short-british-atletics-sponsorship-deal
2015-08-14,http://www.reuters.com/article/ca-freedom-innovations-idUSnBw136252a+100+BSW20150813
2015-08-26,https://www.theguardian.com/business/live/2015/aug/26/asian-markets-open-with-investors-on-edge-after-dow-extends-losses-live
2015-08-26,https://www.theguardian.com/business/2015/aug/26/mcwhopper-mcdonalds-burger-king-corporate-mashups
2015-09-11,http://www.reuters.com/article/research-and-markets-idUSnBw105983a+100+BSW20150910
2015-09-16,https://www.theguardian.com/business/2015/sep/16/jd-sports-celebrates-record-profits-rise
2015-09-18,http://www.reuters.com/article/ca-lights-out-pro-inc-idUSnBw176613a+100+BSW20150917
2015-09-20,https://www.theguardian.com/business/2015/sep/20/the-innovators-hoverboard-technology-to-become-normal-in-homes
2015-09-22,http://www.reuters.com/article/nike-vision-eyewear-idUSnPn1SLPtR+9d+PRN20150921
2015-09-25,https://www.theguardian.com/business/live/2015/sep/25/vw-scandal-carmaker-volkswagen-expected-to-name-porsche-chief-mueller-as-new-ceo
2015-09-25,http://www.reuters.com/article/us-nike-results-idUSKCN0RO2EN20150924
2015-09-25,http://www.reuters.com/article/nike-results-idUSL4N11U4UO20150924
2015-09-25,http://www.reuters.com/article/nike-results-idUSL4N11U4SP20150924
2015-09-26,https://www.nytimes.com/2015/09/26/business/daily-stock-market-activity.html
2015-09-26,http://www.reuters.com/article/us-nike-results-idUSKCN0RO2EN20150925
2015-09-26,http://www.reuters.com/article/nike-results-idUSL4N11V1U820150925
2015-09-26,http://www.reuters.com/article/nike-results-idUSL4N11U4UO20150925
2015-09-28,https://www.theguardian.com/business/2015/sep/28/us-industries-hit-global-markets-tumble-concern-china
2015-10-02,http://www.reuters.com/article/research-and-markets-idUSnBw015816a+100+BSW20151001
2015-10-05,https://www.theguardian.com/business/2015/oct/05/tpp-or-not-tpp-whats-the-trans-pacific-partnership-and-should-we-support-it
2015-10-09,http://www.reuters.com/article/research-and-markets-idUSnBw086092a+100+BSW20151008
2015-10-15,https://www.nytimes.com/2015/10/15/business/nike-foresees-50-billion-in-sales-in-five-years.html
2015-10-15,http://www.reuters.com/article/nike-shareholders-idUSL3N12E5WS20151014
2015-10-15,http://www.reuters.com/article/us-nike-shareholders-idUSKCN0S82E820151014
2015-10-15,http://www.reuters.com/article/nike-shareholders-idUSL3N12E58920151014
2015-10-15,http://www.reuters.com/article/nike-shareholders-idUSL3N12E57420151014
2015-10-15,http://www.reuters.com/article/funds-sohn-lansdowne-idUSL8N12E19R20151014
2015-10-24,http://www.reuters.com/article/oshu-nike-benefit-idUSnPn2qLRhc+8c+PRN20151023
2015-10-29,https://www.nytimes.com/2015/10/29/business/nike-embraces-weather-app-in-campaign-to-sell-gear-suited-to-local-conditions.html
2015-10-30,http://www.reuters.com/news/video/videoStory?storyID=113126214
2015-11-04,http://www.reuters.com/article/nike-lawsuit-idUSL1N12Y3LN20151103
2015-11-04,http://www.reuters.com/article/us-nike-lawsuit-idUSKCN0SS2OR20151103
2015-11-04,http://www.reuters.com/article/nike-lawsuit-idUSL1N12Y3A420151103
2015-11-05,https://www.theguardian.com/business/2015/nov/05/stars-and-stripes-kanye-west-adidas-back-in-fashion
2015-11-10,https://www.theguardian.com/business/2015/nov/10/china-singles-day-1111-expected-to-break-records
2015-11-11,https://www.theguardian.com/business/nils-pratley-on-finance/2015/nov/11/bank-of-england-mark-carney-open-forum
2015-11-19,http://www.reuters.com/article/anf-immobilier-idUSnBw186360a+100+BSW20151118
2015-11-20,http://www.reuters.com/article/ca-skechers-usa-idUSnBw196307a+100+BSW20151120
2015-11-20,http://www.reuters.com/article/nike-buyback-idUSL3N13E4TS20151119
2015-11-20,http://www.reuters.com/article/nike-buyback-idUSL3N13E4SZ20151119
2015-11-20,http://www.reuters.com/article/skechers-lawsuit-idUSL1N13E20920151119
2015-11-20,http://www.reuters.com/article/us-skechers-lawsuit-idUSKCN0T82MB20151119
2015-11-20,http://www.reuters.com/article/skechers-lawsuit-idUSL3N13E4G020151119
2015-11-20,http://www.reuters.com/article/ca-skechers-usa-idUSnBw196307a+100+BSW20151119
2015-11-21,https://www.nytimes.com/2015/11/21/business/daily-stock-market-activity.html
2015-11-21,http://www.reuters.com/article/usa-stocks-idUSL3N13F3FG20151120
2015-11-27,http://www.reuters.com/article/us-athletics-iaaf-coe-idUSKBN0TF25Y20151126
2015-11-27,http://www.reuters.com/article/athletics-iaaf-coe-idUSL3N13L4CJ20151126
2015-11-27,http://www.reuters.com/article/athletics-iaaf-coe-idUSL8N13L45E20151126
2015-11-28,http://www.reuters.com/article/us-athletics-iaaf-coe-idUSKBN0TF25Y20151127
2015-11-28,http://www.reuters.com/news/video/videoStory?storyID=113855888
2015-12-08,http://www.reuters.com/article/research-and-markets-idUSnBw075685a+100+BSW20151207
2015-12-09,https://www.theguardian.com/business/2015/dec/09/sports-direct-warehouse-work-conditions
2015-12-10,http://www.reuters.com/article/hudl-nike-new-app-idUSnPn5Z5w0m+90+PRN20151209
2015-12-23,http://www.reuters.com/article/us-nike-results-idUSKBN0U52CL20151223
2015-12-23,http://www.reuters.com/article/nike-results-idUSL3N14B4M720151223
2015-12-23,http://www.reuters.com/article/nike-results-idUSL3N14B4M720151222
2015-12-23,http://www.reuters.com/article/us-nike-results-idUSKBN0U52CL20151222
2015-12-23,http://www.reuters.com/article/nike-results-idUSL3N14B4JG20151222
2016-01-03,https://www.theguardian.com/business/2016/jan/03/mike-ashley-will-struggle-to-copy-john-lewis
2016-01-03,https://www.theguardian.com/business/2016/jan/03/bankers-financial-crisis-andrew-tyrie
2016-01-08,https://www.theguardian.com/business/2016/jan/08/sports-direct-issues-profit-warning-poor-christmas-sales
2016-01-13,https://www.theguardian.com/business/2016/jan/12/retail-christmasuk-uk-winners-and-losers
2016-01-14,https://www.theguardian.com/business/2016/jan/14/jd-sports-records-bumper-christmas
2016-01-15,http://www.reuters.com/article/nike-deal-ohiostateuniversity-idUSL3N14Y6D620160115
2016-01-15,http://www.reuters.com/article/nike-deal-ohiostateuniversity-idUSL3N14Y6D6
2016-01-15,http://www.reuters.com/article/us-nike-deal-ohiostateuniversity-idUSKCN0US2ZY20160114
2016-01-15,http://www.reuters.com/article/nike-deal-ohiostateuniversity-idUSL3N14Y64P20160114
2016-01-15,http://www.reuters.com/article/nike-deal-ohiostateuniversity-idUSL3N14Y64P
2016-01-26,https://www.theguardian.com/business/2016/jan/26/greenpeace-finds-brands-like-north-face-using-toxic-chemicals-in-outdoor-products
2016-02-08,https://www.theguardian.com/business/live/2016/feb/08/uk-business-confidence-falls-global-recession-fears-markets-business-live
2016-02-09,https://www.theguardian.com/business/live/2016/feb/09/market-turmoil-nikkei-plunges-european-stocks-germany-ftse-live
2016-02-12,http://www.reuters.com/article/ip-adidas-nike-idUSL2N15Q3F8
2016-02-18,http://www.reuters.com/article/philippines-pacquiao-nike-idUSL3N15X04K
2016-02-18,http://www.reuters.com/article/us-philippines-pacquiao-nike-idUSKCN0VQ2QC
2016-02-18,http://www.reuters.com/article/philippines-pacquiao-nike-idUSL3N15W58N
2016-02-19,http://www.reuters.com/article/us-philippines-pacquiao-idUSKCN0VR16U
2016-02-19,http://www.reuters.com/article/philippines-pacquiao-idUSL3N15X2P5
2016-02-19,http://www.reuters.com/news/video/videoStory?storyID=116122391
2016-02-24,https://www.nytimes.com/2016/02/24/business/philip-knight-of-nike-to-give-400-million-to-stanford-scholars.html
2016-03-09,https://www.nytimes.com/2016/03/09/business/media/maria-sharapovas-admission-sends-her-sponsors-fleeing.html
2016-03-09,http://www.reuters.com/article/tennis-sharapova-idUSKCN0W92A1
2016-03-09,http://www.reuters.com/article/tennis-sharapova-idUSL1N16F1IE
2016-03-17,http://www.reuters.com/article/nike-tech-idUSL2N16O2RH
2016-03-18,http://www.reuters.com/article/us-nike-tech-idUSKCN0WJ00N
2016-03-18,http://www.reuters.com/article/us-sport-doping-nike-idUSKCN0WJ25F
2016-03-18,http://www.reuters.com/article/us-brazil-corruption-nike-idUSKCN0WJ29O
2016-03-18,http://www.reuters.com/article/brazil-corruption-nike-idUSL2N16P0YS
2016-03-18,http://www.reuters.com/article/sport-doping-nike-idUSL5N16G2DX
2016-03-18,http://www.reuters.com/news/video/videoStory?storyID=117062815
2016-03-23,https://www.theguardian.com/business/2016/mar/23/sports-direct-clarifies-earnings-after-profit-warning-sinks-shares-mike-ashley
2016-03-23,http://www.reuters.com/article/idUSFWN16U0N6
2016-03-23,http://www.reuters.com/article/nike-results-idUSL3N16U4TF
2016-03-23,http://www.reuters.com/article/idUSASC08HV2
2016-03-23,http://www.reuters.com/article/nike-results-idUSL3N16U4T6
2016-03-24,https://www.nytimes.com/2016/03/24/business/daily-stock-market-activity.html
2016-03-24,http://www.reuters.com/article/us-nike-results-idUSKCN0WO2YQ
2016-03-24,http://www.reuters.com/news/video/videoStory?storyID=117207773
2016-04-14,https://www.theguardian.com/business/live/2016/apr/14/markets-rally-bank-of-england-interest-rate-decision-business-live
2016-04-14,https://www.theguardian.com/business/2016/apr/14/jd-sports-profits-rise-new-store-openings-europe
2016-04-22,http://www.reuters.com/article/idUSL5N17O8C4
2016-04-22,http://www.reuters.com/article/idUSFWN17O16A
2016-04-27,http://www.reuters.com/article/idUSFWN17T0QZ
2016-04-28,http://www.reuters.com/article/us-adidas-outlook-idUSKCN0XO0CH
2016-04-28,http://www.reuters.com/article/adidas-outlook-idUSL5N17U18Z
2016-05-12,http://www.reuters.com/article/us-nike-leave-idUSKCN0Y22JC
2016-05-12,http://www.reuters.com/article/nike-leave-idUSL2N1880LU
2016-05-12,http://www.reuters.com/article/idUSFWN1880XO
2016-05-14,http://www.reuters.com/article/idUSFWN18A151
2016-05-18,http://www.reuters.com/article/idUSFWN18E0PT
2016-05-22,http://www.reuters.com/article/us-soccer-spain-fcb-sponsor-idUSKCN0YC0E1
2016-05-22,http://www.reuters.com/article/soccer-spain-fcb-sponsor-idUSL3N18I09R
2016-05-26,https://www.theguardian.com/business/2016/may/26/debenhams-hires-amazons-sergio-bucher-as-new-chief-executive
2016-06-09,http://www.reuters.com/article/idUSFWN1900KU
2016-06-10,https://www.theguardian.com/football/2016/jun/10/business-winners-and-losers-from-the-euro-2016-tournament
2016-06-15,http://www.reuters.com/article/idUSFWN1960JU
2016-06-17,https://www.theguardian.com/business/2016/jun/17/jd-sports-nets-sales-boost-thanks-to-euro-2016-tournament
2016-06-17,http://www.reuters.com/article/adidas-soccer-idUSF9N18H01H
2016-06-22,https://www.nytimes.com/2016/06/22/business/dealbook/a-departure-leaves-softbanks-founder-firmly-in-charge.html
2016-06-22,https://www.nytimes.com/2016/06/22/business/dealbook/softbank-president-nikesh-arora-departure.html
2016-06-22,http://www.reuters.com/article/us-softbank-pres-idUSKCN0Z71DL
2016-06-22,http://www.reuters.com/article/softbank-pres-idUSL4N19D3JY
2016-06-25,http://www.reuters.com/article/idUSFWN19G07X
2016-06-29,http://www.reuters.com/article/idUSFWN19K0Z1
2016-06-29,http://www.reuters.com/article/us-nike-results-idUSKCN0ZE2MQ
2016-06-29,http://www.reuters.com/article/nike-results-idUSL4N19K4OT
2016-06-29,http://www.reuters.com/article/idUSASC08VIW
2016-06-29,http://www.reuters.com/article/nike-results-idUSL4N19K4MB
2016-06-30,http://www.reuters.com/news/video/videoStory?storyID=120074482
2016-07-01,http://www.reuters.com/article/idUS408672102320160630
2016-07-01,http://www.reuters.com/article/idUSFWN19M0Y5
2016-07-19,http://www.reuters.com/article/idUSASC08X7W
2016-07-19,http://www.reuters.com/article/idUSU8N19K006
2016-07-20,https://www.theguardian.com/business/2016/jul/20/sports-direct-secret-worker-zero-hours-contracts
2016-07-22,http://www.reuters.com/article/idUSFWN1A70WO
2016-07-22,http://www.reuters.com/article/us-nike-usa-idUSKCN1011NZ
2016-07-22,http://www.reuters.com/article/nike-usa-idUSL8N1A53W2
2016-07-26,http://www.reuters.com/article/idUSFWN1AB0QG
2016-08-03,http://www.reuters.com/article/idUSFWN1AJ0N9
2016-08-04,https://www.theguardian.com/business/blog/2016/aug/04/osborne-makes-good-point-on-economy-first-thing-hes-got-right-this-year
2016-08-04,http://www.reuters.com/article/us-nike-golf-idUSKCN10E2SF
2016-08-04,http://www.reuters.com/article/nike-golf-idUSL3N1AK5DU
2016-08-04,http://www.reuters.com/article/idUSFWN1AK1BP
2016-08-12,http://www.reuters.com/article/idUSFWN1AS0SV
2016-08-13,http://www.reuters.com/article/us-olympics-rio-nike-idUSKCN10N2AB
2016-08-13,http://www.reuters.com/article/olympics-rio-nike-idUSL1N1AT27W
2016-08-13,http://www.reuters.com/article/olympics-rio-nike-idUSL1N1AS1YF
2016-08-16,http://www.reuters.com/article/idUSFWN1AW0MX
2016-08-19,http://www.reuters.com/article/idUSASC093NM
2016-08-24,http://www.reuters.com/article/usa-employment-classaction-idUSL1N1B40DJ
2016-09-07,https://www.theguardian.com/business/2016/sep/07/sports-direct-board-turned-down-chairman-keith-hellawell-resignation
2016-09-13,https://www.theguardian.com/business/2016/sep/13/jd-sports-66-percent-profits
2016-09-15,https://www.theguardian.com/business/2016/sep/15/sports-direct-shares-fall-goldman-sachs-cuts-profit-forecast
2016-09-17,https://www.theguardian.com/business/2016/sep/17/jd-sports-clean-pair-heels-stumbling-sports-direct-athleisure
2016-09-28,http://www.reuters.com/article/us-nike-results-idUSKCN11X2ET
2016-09-28,http://www.reuters.com/article/nike-results-idUSL3N1C34IN
2016-09-28,http://www.reuters.com/article/idUSASC099G1
2016-09-28,http://www.reuters.com/article/nike-results-idUSL3N1C34HO
2016-09-29,http://www.reuters.com/article/us-nike-results-research-idUSKCN11Y1P0
2016-09-29,http://www.reuters.com/article/nike-results-research-idUSL3N1C4368
2016-09-30,http://www.reuters.com/article/us-adidas-moves-ceo-idUSKCN11Z1DA
2016-09-30,http://www.reuters.com/article/adidas-moves-ceo-idUSL8N1BY49R
2016-10-07,http://www.reuters.com/article/idUSASC09AGF
2016-10-14,http://www.reuters.com/article/us-nike-sponsorship-chelsea-idUSKCN12D22T
2016-10-14,http://www.reuters.com/article/soccer-england-che-nike-idUSL4N1CJ4IJ
2016-10-14,http://www.reuters.com/article/nike-sponsorship-chelsea-idUSL4N1CJ4J5
2016-10-14,http://www.reuters.com/article/idUSFWN1CJ0RX
2016-10-19,http://www.reuters.com/article/idUSFWN1CO0MD
2016-10-25,http://www.reuters.com/article/idUSFWN1CU0PO
2016-11-01,http://www.reuters.com/article/usa-stocks-idUSL4N1D14KS
2016-11-01,http://www.reuters.com/article/usa-stocks-idUSL4N1D148U
2016-11-16,https://www.nytimes.com/2016/11/17/business/energy-environment/us-companies-to-trump-dont-abandon-global-climate-deal.html
2016-11-18,http://www.reuters.com/article/idUSFWN1DI0RG
2016-12-07,http://www.reuters.com/article/idUSFWN1E10DP
2016-12-08,https://www.theguardian.com/business/2016/dec/08/georgetown-nike-student-protests-president-office
2016-12-18,https://www.nytimes.com/2016/12/18/business/commerce-dept-to-revise-growth-figures-nike-and-fedex-to-announce-earnings.html
2016-12-21,http://www.reuters.com/article/us-nike-results-idUSKBN1492LY
2016-12-21,http://www.reuters.com/article/nike-results-idUSL4N1EF4TS
2016-12-21,http://www.reuters.com/article/idUSFWN1EF0SH
2016-12-21,http://www.reuters.com/article/nike-results-idUSL4N1EA4LX
2016-12-21,http://www.reuters.com/article/idUSASC09OGG
2017-01-07,https://www.theguardian.com/business/2017/jan/07/is-next-doomed-to-be-new-marks-and-spencer
2017-01-18,http://www.reuters.com/article/idUSFWN1F70SV
2017-01-18,http://www.reuters.com/article/us-j-c-penney-stores-idUSKBN1512FY
2017-01-18,http://www.reuters.com/article/j-c-penney-stores-idUSL4N1F74M4
2017-01-21,http://www.reuters.com/article/idUSFWN1FA0IE
2017-02-05,https://www.theguardian.com/business/2017/feb/05/mark-carney-wages-only-true-window-to-future-bank-of-england-economy
2017-02-17,http://www.reuters.com/article/idUSFWN1G10XN
2017-03-07,https://www.theguardian.com/business/2017/mar/07/the-north-face-patagonia-saving-world-one-puffer-jacket-at-a-time
2017-03-08,https://www.theguardian.com/business/2017/mar/08/nike-launches-hijab-for-female-muslim-athletes
2017-03-09,http://www.reuters.com/article/us-nike-hijab-idUSKBN16F2N1
2017-03-09,http://www.reuters.com/article/nike-hijab-idUSL2N1GL1FP
2017-03-09,http://www.reuters.com/article/us-adidas-results-idUSKBN16F0L1
2017-03-09,http://www.reuters.com/article/adidas-results-idUSL5N1GL0RX
2017-03-12,https://www.theguardian.com/money/2017/mar/12/britons-like-vodka-nike-airbnb-survey-uncertainty-costa
2017-03-17,http://www.reuters.com/article/us-china-consumerday-idUSKBN16M17B
2017-03-17,http://www.reuters.com/article/china-consumerday-idUSL3N1GS43C
2017-03-17,http://www.reuters.com/news/video/videoStory?storyID=126987500
2017-03-22,http://www.reuters.com/article/us-nike-results-idUSKBN16S2OJ
2017-03-22,http://www.reuters.com/article/nike-results-idUSL3N1GY558
2017-03-22,http://www.reuters.com/article/brief-nike-posts-q3-earnings-per-share-0-idUSASB0B6FA
2017-03-22,http://www.reuters.com/article/nike-results-idUSL3N1GY54A
2017-03-23,http://www.reuters.com/article/usa-stocks-idUSL3N1GZ4F3
2017-04-04,http://www.reuters.com/article/us-golf-mcilroy-nike/mcilroy-agrees-new-long-term-deal-with-nike-idUSKBN17511Y
2017-04-04,http://www.reuters.com/article/golf-mcilroy-nike/golf-mcilroy-agrees-new-long-term-deal-with-nike-idUSL3N1HB3B0
2017-04-24,https://www.theguardian.com/business/2017/apr/24/disney-the-gap-and-pepsi-urged-to-quit-us-chamber-of-commerce
2017-04-25,http://www.reuters.com/article/brief-nike-says-board-approved-amendment/brief-nike-says-board-approved-amendments-to-companys-third-restated-bylaws-idUSFWN1HW0BE
2017-04-26,http://www.reuters.com/article/us-athletics-london-bekele/athletics-bekele-was-not-wearing-breaking2-shoes-say-nike-idUSKBN17R17S
2017-04-26,http://www.reuters.com/article/athletics-london-bekele/athletics-bekele-was-not-wearing-breaking2-shoes-say-nike-idUSL4N1HX3W5
2017-05-03,http://www.reuters.com/article/athletics-marathon-breaking2/rpt-feature-athletics-nikes-african-trio-target-sub-two-hour-marathon-idUSL4N1I44DE
2017-05-03,http://www.reuters.com/article/us-athletics-marathon-breaking2/nikes-african-trio-target-sub-two-hour-marathon-idUSKBN17Y11H
2017-05-03,http://www.reuters.com/article/athletics-marathon-breaking2/feature-athletics-nikes-african-trio-target-sub-two-hour-marathon-idUSL4N1I333P
2017-05-05,http://www.reuters.com/article/us-adidas-results/adidas-outpaces-nike-in-north-america-and-china-idUSKBN1800GT
2017-05-05,http://www.reuters.com/article/adidas-results/update-3-adidas-outpaces-nike-in-north-america-and-china-idUSL8N1I613Y
2017-05-06,https://www.theguardian.com/business/2017/may/06/london-tfl-strikes-deal-sell-branded-products-abroad
2017-05-10,http://www.reuters.com/article/brief-aik-fotboll-starts-new-cooperation/brief-aik-fotboll-starts-new-cooperation-with-nike-from-2018-idUSFWN1IB0GO
2017-05-12,http://www.reuters.com/article/brief-nike-declares-018-quarterly-divide/brief-nike-declares-0-18-quarterly-dividend-idUSFWN1ID15H
2017-06-15,https://www.nytimes.com/2017/06/15/business/nike-layoffs.html
2017-06-15,http://www.reuters.com/article/eu-nike-sanrio-antitrust/nike-sanrio-universal-studios-face-eu-probe-over-online-sales-idUSL1N1JB1EM
2017-06-15,http://www.reuters.com/article/us-eu-nike-sanrio-antitrust/nike-sanrio-universal-studios-face-eu-probe-over-online-sales-idUSKBN19513S
2017-06-15,http://www.reuters.com/article/eu-nike-sanrio-antitrust/update-3-nike-sanrio-universal-studios-face-eu-probe-over-online-sales-idUSL8N1JB282
2017-06-15,http://www.reuters.com/article/eu-nike-sanrio-antitrust/eu-to-investigate-nike-sanrio-universal-studios-over-licensing-practices-idUSL8N1JB24K
2017-06-16,http://www.reuters.com/article/us-nike-restructuring/nike-to-cut-2-percent-of-workforce-eliminate-shoe-styles-idUSKBN1961S0
2017-06-16,http://www.reuters.com/article/nike-restructuring/update-2-nike-to-cut-2-pct-of-workforce-eliminate-shoe-styles-idUSL3N1JC4H0
2017-06-16,http://www.reuters.com/article/nike-restructuring/nike-to-cut-2-pct-of-workforce-simplify-organizational-structure-idUSL3N1JC4G6
2017-06-16,http://www.reuters.com/article/brief-nike-says-introduced-consumer-dire/brief-nike-says-introduced-consumer-direct-offense-a-company-alignment-that-allows-to-better-serve-consumer-personally-idUSFWN1JC0G3
2017-06-16,http://www.reuters.com/news/video/videoStory?storyID=129793535
2017-06-22,http://www.reuters.com/article/us-nike-strategy-amazon-com/nike-close-to-selling-directly-on-amazon-goldman-sachs-idUSKBN19C21C
2017-06-22,http://www.reuters.com/article/nike-strategy-amazoncom/nike-close-to-selling-directly-on-amazon-goldman-sachs-idUSL3N1JI40O
2017-06-30,http://www.reuters.com/article/nike-results/update-2-nike-to-launch-pilot-program-with-amazon-results-top-estimates-idUSL3N1JQ5N8
2017-06-30,http://www.reuters.com/article/us-nike-results/nike-to-launch-pilot-program-with-amazon-results-top-estimates-idUSKBN19K2XA
2017-06-30,http://www.reuters.com/article/nike-results/nike-posts-higher-than-expected-quarterly-revenue-idUSL3N1JQ5LN
2017-06-30,http://www.reuters.com/article/brief-nike-q4-earnings-per-share-060/brief-nike-q4-earnings-per-share-0-60-idUSASA09VMS
2017-07-01,http://www.reuters.com/article/us-soccer-england-tot-kit/nike-in-multi-year-deal-to-supply-tottenham-kit-idUSKBN19M31N
2017-07-01,http://www.reuters.com/article/soccer-england-tot-kit/soccer-nike-in-multi-year-deal-to-supply-tottenham-kit-idUSL3N1JS00A
2017-07-01,http://www.reuters.com/article/us-nike-amazon-com/nike-amazon-deal-may-hurt-sporting-goods-retailers-analysts-idUSKBN19L2LO
2017-07-01,http://www.reuters.com/article/nike-amazoncom/nike-amazon-deal-may-hurt-sporting-goods-retailers-analysts-idUSL3N1JR50S
2017-07-01,http://www.reuters.com/article/usa-stocks/us-stocks-nike-lifts-sp-dow-biotechs-limit-gains-on-nasdaq-idUSL3N1JR50L
2017-07-01,http://www.reuters.com/article/usa-stocks/us-stocks-nike-lifts-dow-sp-tech-stocks-weigh-on-nasdaq-idUSL3N1JR4VC
2017-07-01,http://www.reuters.com/news/video/videoStory?storyID=130438710
2017-07-08,http://www.reuters.com/article/brief-nikes-philip-knight-reports-acquis/brief-nikes-philip-knight-reports-acquisition-cos-stock-as-a-result-of-a-private-pro-rata-distribution-from-swoosh-idUSFWN1JY0M2
2017-07-19,http://www.reuters.com/article/brief-nike-inc-appoints-monique-matheson/brief-nike-inc-appoints-monique-matheson-as-new-evp-global-human-resources-idUSASB0B9JF
2017-07-26,http://www.reuters.com/article/brief-nike-ceo-mark-parkers-2017-total-c/brief-nike-ceo-mark-parkers-2017-total-compensation-13-9-mln-vs-47-6-mln-in-2016-sec-filing-idUSFWN1KG10Q
2017-07-31,https://www.theguardian.com/technology/2017/jul/31/cryptocurrencies-more-investment-way-pay-bitcoin-regulation
2017-08-11,http://www.reuters.com/article/brief-nike-declares-018-quarterly-divide/brief-nike-declares-0-18-quarterly-dividend-idUSFWN1KW1AN
2017-09-14,http://www.reuters.com/article/employment-nike/judge-tosses-workers-class-action-against-nike-over-security-checks-idUSL2N1LU2C7
2017-09-23,http://www.reuters.com/article/brief-nike-says-phyllis-wise-director-no/brief-nike-says-phyllis-wise-director-notified-co-of-her-decision-not-to-stand-for-re-election-as-director-at-cos-2017-annual-meeting-of-shareholders-idUSFWN1M30N0
2017-09-26,http://www.reuters.com/article/brief-nike-inc-recasts-segment-financial/brief-nike-inc-recasts-segment-financials-in-connection-with-the-consumer-direct-offense-idUSFWN1M60TP
2017-09-27,http://www.reuters.com/article/us-nike-results/nike-posts-slowest-quarterly-sales-growth-in-nearly-7-years-idUSKCN1C12YV
2017-09-27,http://www.reuters.com/article/nike-results/update-3-nike-posts-slowest-quarterly-sales-growth-in-nearly-7-years-idUSL4N1M759U
2017-09-27,http://www.reuters.com/article/brief-nike-inc-q1-earnings-per-share-057/brief-nike-inc-q1-earnings-per-share-0-57-idUSASB0BKZC
2017-09-27,http://www.reuters.com/article/nike-results/nikes-quarterly-profit-drops-24-pct-idUSL4N1M759D
2017-09-28,http://www.reuters.com/article/us-nike-results-research/nikes-road-to-recovery-in-north-america-likely-a-long-one-idUSKCN1C21LY
2017-09-28,http://www.reuters.com/article/nike-results-research/update-1-nikes-road-to-recovery-in-north-america-likely-a-long-one-idUSL4N1M848V
2017-09-28,http://www.reuters.com/article/nike-results-research/nikes-road-to-recovery-in-north-america-likely-a-long-one-idUSL4N1M83SS
2017-10-26,http://www.reuters.com/article/brief-nike-expects-average-roic-in-low-3/brief-nike-expects-average-roic-in-low-30-percent-range-over-next-5-years-idUSFWN1N01K9
2017-10-26,http://www.reuters.com/article/brief-nike-expects-eps-to-grow-in-the-mi/brief-nike-expects-eps-to-grow-in-the-mid-teens-over-the-next-five-years-idUSFWN1N01A4
2017-10-26,http://www.reuters.com/article/us-nike-outlook/nike-gives-upbeat-forecast-at-investor-conference-shares-rise-idUSKBN1CU2XW
