2014-01-06,http://www.reuters.com/article/2014/01/06/idUSnMKWB3Wp2a+1e8+MKW20140106
2014-01-07,http://www.reuters.com/article/2014/01/07/ny-american-express-idUSnBw076241a+100+BSW20140107
2014-01-07,http://www.reuters.com/article/2014/01/07/bc-aaa-idUSnPn7F7qhn+90+PRN20140107
2014-01-07,http://www.reuters.com/article/2014/01/07/jack-henry-assoc-idUSnPnCGh5hhn+160+PRN20140107
2014-01-09,http://www.reuters.com/article/2014/01/09/ny-american-express-idUSnBw096210a+100+BSW20140109
2014-01-16,http://www.reuters.com/article/2014/01/17/us-americanexpress-results-idUSBREA0F1PK20140117
2014-01-16,http://www.reuters.com/article/2014/01/17/americanexpress-results-idUSL3N0KQ4X820140117
2014-01-16,http://www.reuters.com/article/2014/01/16/us-americanexpress-results-idUSBREA0F1PK20140116
2014-01-16,http://www.reuters.com/article/2014/01/16/americanexpress-results-idUSL3N0KQ4X820140116
2014-01-16,http://www.reuters.com/article/2014/01/16/americanexpress-brief-idUSWEN00C5B20140116
2014-01-16,http://www.reuters.com/article/2014/01/16/americanexpress-results-idUSL3N0KQ4WI20140116
2014-01-16,http://www.reuters.com/article/2014/01/16/ny-american-express-idUSnBw166438a+100+BSW20140116
2014-01-17,http://www.reuters.com/article/2014/01/17/american-express-idUSnBw166579a+100+BSW20140117
2014-01-28,http://www.reuters.com/article/2014/01/28/ny-american-express-idUSnBw286349a+100+BSW20140128
2014-01-28,http://www.reuters.com/article/2014/01/28/ny-american-express-open-idUSnBw286079a+100+BSW20140128
2014-02-04,http://www.reuters.com/article/2014/02/04/ny-american-express-idUSnBw046480a+100+BSW20140204
2014-02-12,http://www.reuters.com/article/2014/02/12/ny-american-express-idUSnBw126442a+100+BSW20140212
2014-02-19,http://www.reuters.com/article/2014/02/19/ny-american-express-idUSnBw196141a+100+BSW20140219
2014-03-03,http://www.reuters.com/article/2014/03/03/ny-american-express-idUSnBw035527a+100+BSW20140303
2014-03-04,http://www.reuters.com/article/2014/03/04/brandads-oscars-ads-idUSnPnSFx8dp8+160+PRN20140304
2014-03-05,http://www.reuters.com/article/2014/03/05/ny-fitch-ratings-idUSnBw056420a+100+BSW20140305
2014-03-06,http://www.reuters.com/article/2014/03/06/ny-usdistrictcourt-idUSnPnSFxszgB+161+PRN20140306
2014-03-10,http://www.reuters.com/article/2014/03/10/bc-investor-edge-idUSnPnq3qNj0+84+PRN20140310
2014-03-10,http://www.reuters.com/article/2014/03/10/ny-american-express-idUSnBw105449a+100+BSW20140310
2014-03-11,http://www.reuters.com/article/2014/03/11/il-zacks-investment-idUSnPnCGyV0kT+169+PRN20140311
2014-03-13,http://www.reuters.com/article/2014/03/13/bc-analystsreviewcom-idUSnPnqgKxhX+89+PRN20140313
2014-03-17,http://www.reuters.com/article/2014/03/17/us-americanexpress-travel-idUSBREA2G1ML20140317
2014-03-17,http://www.reuters.com/article/2014/03/17/americanexpress-travel-idUSL6N0ME4BG20140317
2014-03-17,http://www.reuters.com/article/2014/03/17/ny-american-express-idUSnBw176280a+100+BSW20140317
2014-03-20,http://www.reuters.com/article/2014/03/20/ny-american-express-idUSnBw205974a+100+BSW20140320
2014-03-20,http://www.reuters.com/article/2014/03/20/ny-american-express-idUSnBw205957a+100+BSW20140320
2014-03-24,http://www.reuters.com/article/2014/03/24/ny-american-express-idUSnBw246189a+100+BSW20140324
2014-03-24,http://www.reuters.com/article/2014/03/24/bc-analysts-review-idUSnPn38vt2l+80+PRN20140324
2014-03-24,http://www.reuters.com/article/2014/03/24/penfed-poscard-troops-idUSnPnc192FB+83+PRN20140324
2014-03-26,http://www.reuters.com/article/2014/03/26/ny-american-express-co-idUSnBw266480a+100+BSW20140326
2014-03-26,http://www.reuters.com/article/2014/03/26/ny-american-express-idUSnBw265985a+100+BSW20140326
2014-03-27,http://www.reuters.com/article/2014/03/27/ny-american-express-co-idUSnBw275769a+100+BSW20140327
2014-04-01,http://www.reuters.com/article/2014/04/01/bc-analysts-review-idUSnPn92fV4s+84+PRN20140401
2014-04-02,http://www.reuters.com/article/2014/04/02/ny-american-express-idUSnBw026063a+100+BSW20140402
2014-04-03,http://www.reuters.com/article/2014/04/03/ny-american-express-open-idUSnBw035791a+100+BSW20140403
2014-04-08,http://www.reuters.com/article/2014/04/08/amex-merchant-offers-idUSnPn7Bj4mp+90+PRN20140408
2014-04-09,http://www.reuters.com/article/2014/04/09/bc-es-idUSnPn6NSkjf+98+PRN20140409
2014-04-09,http://www.reuters.com/article/2014/04/09/bc-analysts-review-idUSnPn3qq36d+80+PRN20140409
2014-04-10,http://www.reuters.com/article/2014/04/10/americanexpress-brief-idUSWEN00CV820140410
2014-04-15,http://www.reuters.com/article/2014/04/15/idUSnMKWxFCkHa+1da+MKW20140415
2014-04-16,http://www.reuters.com/article/2014/04/16/american-express-results-idUSL3N0N84D720140416
2014-04-16,http://www.reuters.com/article/2014/04/16/ny-american-express-idUSnBw166425a+100+BSW20140416
2014-04-16,http://www.reuters.com/article/2014/04/16/ny-fitch-ratings-axp-idUSnBw166298a+100+BSW20140416
2014-04-16,http://www.reuters.com/article/2014/04/16/fitch-affirms-american-express-outlook-s-idUSFit69740820140416
2014-04-17,http://www.reuters.com/article/2014/04/17/american-express-idUSnBw166454a+100+BSW20140417
2014-04-21,http://www.reuters.com/article/2014/04/21/esrt-am-ex-lease-ct-idUSnPnbx6bP1+82+PRN20140421
2014-04-21,http://www.reuters.com/article/2014/04/21/zacks-equity-research-idUSnPnbNXFcT+9d+PRN20140421
2014-04-21,http://www.reuters.com/article/2014/04/21/ny-american-express-idUSnBw215198a+100+BSW20140421
2014-04-21,http://www.reuters.com/article/2014/04/21/bc-analystsreviewcom-idUSnPn21M2Rm+8a+PRN20140421
2014-04-23,http://www.reuters.com/article/2014/04/23/foodwine-classic-idUSnPnFn0gc+50+PRN20140423
2014-04-24,http://www.reuters.com/article/2014/04/24/ny-american-express-open-idUSnBw246489a+100+BSW20140424
2014-04-24,http://www.reuters.com/article/2014/04/24/ny-american-express-idUSnBw245264a+100+BSW20140424
2014-04-28,http://www.reuters.com/article/2014/04/28/bc-investor-edge-idUSnPnbktgF5+82+PRN20140428
2014-05-01,http://www.reuters.com/article/2014/05/01/ny-american-express-idUSnBw015163a+100+BSW20140501
2014-05-02,http://www.reuters.com/article/2014/05/02/ny-fitch-ratings-amex-idUSnBw025833a+100+BSW20140502
2014-05-05,http://www.reuters.com/article/2014/05/05/ny-american-express-idUSnBw055944a+100+BSW20140505
2014-05-05,http://www.reuters.com/article/2014/05/05/bc-analysts-review-idUSnPn9V4jZR+93+PRN20140505
2014-05-06,http://www.reuters.com/article/2014/05/06/fl-american-express-idUSnBw066770a+100+BSW20140506
2014-05-06,http://www.reuters.com/article/2014/05/06/bc-analystsreviewcom-idUSnPnc1bSWJ+87+PRN20140506
2014-05-06,http://www.reuters.com/article/2014/05/06/ca-wells-fargo-company-idUSnBw065654a+100+BSW20140506
2014-05-07,http://www.reuters.com/article/2014/05/07/research-and-markets-idUSnBw075710a+100+BSW20140507
2014-05-09,http://www.reuters.com/article/2014/05/09/ny-american-express-idUSnBw095744a+100+BSW20140509
2014-05-12,http://www.reuters.com/article/2014/05/12/ny-fitch-ratings-amex-idUSnBw126112a+100+BSW20140512
2014-05-13,http://www.reuters.com/article/2014/05/13/ny-american-express-idUSnBw136656a+100+BSW20140513
2014-05-14,http://www.reuters.com/article/2014/05/14/ny-american-express-idUSnBw145914a+100+BSW20140514
2014-05-14,http://www.reuters.com/article/2014/05/14/bc-analystsreviewcom-idUSnPn9Bp2KY+93+PRN20140514
2014-05-15,http://www.reuters.com/article/2014/05/15/ny-american-express-idUSnBw155138a+100+BSW20140515
2014-05-19,http://www.reuters.com/article/2014/05/19/ny-fitch-ratings-amer-ex-idUSnBw196416a+100+BSW20140519
2014-05-19,http://www.reuters.com/article/2014/05/19/il-zacks-investment-idUSnPn1k93DG+83+PRN20140519
2014-05-22,http://www.reuters.com/article/2014/05/22/bc-analysts-review-idUSnPn9pb5bM+81+PRN20140522
2014-05-23,http://www.reuters.com/article/2014/05/23/bc-investor-edge-idUSnPn9zQ7d1+88+PRN20140523
2014-05-23,http://www.reuters.com/article/2014/05/23/bc-analysts-review-idUSnPnbp9NHt+86+PRN20140523
2014-05-26,http://www.reuters.com/article/2014/05/26/research-and-markets-idUSnBw265250a+100+BSW20140526
2014-05-27,http://www.reuters.com/article/2014/05/27/ny-american-express-idUSnBw275712a+100+BSW20140527
2014-05-28,http://www.reuters.com/article/2014/05/28/ny-american-express-idUSnBw286087a+100+BSW20140528
2014-06-03,http://www.reuters.com/article/2014/06/03/gbta-convention-idUSnPn3PYXft+9c+PRN20140603
2014-06-04,https://www.nytimes.com/2014/06/04/business/media/a-docu-ad-looks-at-hardship-of-those-without-bank-access.html
2014-06-05,http://www.reuters.com/article/2014/06/05/ny-american-express-idUSnBw055421a+100+BSW20140605
2014-06-05,http://www.reuters.com/article/2014/06/05/bc-analystsreview-idUSnPn4gGLMv+8e+PRN20140605
2014-06-09,http://www.reuters.com/article/2014/06/09/ny-axp-uber-program-idUSnPn9KpSpp+94+PRN20140609
2014-06-09,http://www.reuters.com/article/2014/06/09/ny-american-express-idUSnBw095824a+100+BSW20140609
2014-06-12,http://www.reuters.com/article/2014/06/12/ny-american-express-idUSnBw125172a+100+BSW20140612
2014-06-12,http://www.reuters.com/article/2014/06/12/bc-ar-idUSnPn5bHVFl+8e+PRN20140612
2014-06-17,http://www.reuters.com/article/2014/06/17/fl-avoya-travel-award-idUSnPn1v8MZV+87+PRN20140617
2014-06-17,http://www.reuters.com/article/2014/06/17/bc-investor-edge-idUSnPn3XK37k+98+PRN20140617
2014-06-20,http://www.reuters.com/article/2014/06/20/bc-ar-idUSnPnb7fVJP+87+PRN20140620
2014-06-23,http://www.reuters.com/article/2014/06/23/ny-american-express-idUSnBw235803a+100+BSW20140623
2014-06-24,http://www.reuters.com/article/2014/06/24/ny-fitch-ratings-americ-idUSnBw246107a+100+BSW20140624
2014-06-30,http://www.reuters.com/article/2014/06/30/ny-american-express-idUSnBw306500a+100+BSW20140630
2014-07-01,http://www.reuters.com/article/2014/07/01/ny-fitch-ratings-america-idUSnBw016454a+100+BSW20140701
2014-07-01,http://www.reuters.com/article/2014/07/01/ny-american-express-idUSnBw015420a+100+BSW20140701
2014-07-01,http://www.reuters.com/article/2014/07/01/bc-analysts-review-idUSnPnpGc1j+48+PRN20140701
2014-07-01,http://www.reuters.com/article/2014/07/01/idUSnGNX4zdXZG+1c7+GNW20140701
2014-07-08,http://www.reuters.com/article/2014/07/08/idUSnMKWwMhtFa+1d2+MKW20140708
2014-07-21,http://www.reuters.com/article/2014/07/21/il-zacks-investment-idUSnPn9r21LW+83+PRN20140721
2014-07-22,http://www.reuters.com/article/2014/07/22/ny-american-express-idUSnBw226550a+100+BSW20140722
2014-07-22,http://www.reuters.com/article/2014/07/22/bc-investor-edge-idUSnPnKk1Fl+52+PRN20140722
2014-07-24,http://www.reuters.com/article/2014/07/24/ny-american-express-idUSnBw245873a+100+BSW20140724
2014-07-24,http://www.reuters.com/article/2014/07/24/idUSnHUGFm9FFa+1e6+ONE20140724
2014-07-28,http://www.reuters.com/article/2014/07/28/ca-amex-global-idUSnBw285090a+100+BSW20140728
2014-07-28,http://www.reuters.com/article/2014/07/28/bc-a-idUSnPn2X8CV5+96+PRN20140728
2014-07-29,http://www.reuters.com/article/2014/07/29/ny-american-express-idUSnBw296536a+100+BSW20140729
2014-07-29,http://www.reuters.com/article/2014/07/29/gbta-amex-new-index-idUSnPn77h03C+81+PRN20140729
2014-07-30,http://www.reuters.com/article/2014/07/30/zacks-analyst-blog-idUSnPn77QvcG+89+PRN20140730
2014-07-30,http://www.reuters.com/article/2014/07/30/american-express-idUSnBw296541a+100+BSW20140730
2014-07-31,http://www.reuters.com/article/2014/07/31/ny-phoenix-house-idUSnBw315945a+100+BSW20140731
2014-08-04,http://www.reuters.com/article/2014/08/04/ny-american-express-idUSnBw045931a+100+BSW20140804
2014-08-04,http://www.reuters.com/article/2014/08/04/bc-analystsreviewcom-idUSnPn81GtCQ+8b+PRN20140804
2014-08-11,http://www.reuters.com/article/2014/08/11/bc-analysts-review-idUSnPn59NT4q+8c+PRN20140811
2014-08-12,http://www.reuters.com/article/2014/08/12/ny-american-express-idUSnBw125212a+100+BSW20140812
2014-08-13,http://www.reuters.com/article/2014/08/12/ny-american-express-idUSnBw125212a+100+BSW20140812
2014-08-21,http://www.reuters.com/article/2014/08/20/ny-american-express-idUSnBw205941a+100+BSW20140820
2014-08-21,http://www.reuters.com/article/2014/08/20/bc-ar-idUSnPn4hd0nR+81+PRN20140820
2014-08-21,http://www.reuters.com/article/2014/08/20/co-inspirato-idUSnBw205080a+100+BSW20140820
2014-08-22,http://www.reuters.com/article/2014/08/21/ny-american-express-idUSnBw215920a+100+BSW20140821
2014-08-26,http://www.reuters.com/article/2014/08/25/ny-american-express-idUSnBw255683a+100+BSW20140825
2014-08-27,http://www.reuters.com/article/2014/08/26/bc-i-idUSnPnc7B7hM+89+PRN20140826
2014-08-28,http://www.reuters.com/article/2014/08/27/ne-first-bankcard-idUSnBw275404a+100+BSW20140827
2014-08-29,http://www.reuters.com/article/2014/08/28/bc-analysts-review-idUSnPn53CLNj+8e+PRN20140828
2014-08-29,http://www.reuters.com/article/2014/08/28/jdpower-credit-card-idUSnPn51vVGc+86+PRN20140828
2014-09-11,http://www.reuters.com/article/2014/09/10/bc-amex-osman-competitio-idUSnPn1H4KYB+97+PRN20140910
2014-09-16,http://www.reuters.com/article/2014/09/15/bc-analysts-review-idUSnPn3lZsFb+8a+PRN20140915
2014-09-16,http://www.reuters.com/article/2014/09/15/ny-american-express-idUSnBw155240a+100+BSW20140915
2014-09-17,http://www.reuters.com/article/2014/09/16/ma-savingstar-idUSnBw165075a+100+BSW20140916
2014-09-19,http://www.reuters.com/article/2014/09/18/cits-travel-awards-idUSnPn8tNv9j+88+PRN20140918
2014-09-25,http://www.reuters.com/article/2014/09/24/ny-american-express-idUSnBw245105a+100+BSW20140924
2014-10-01,http://www.reuters.com/article/2014/09/30/tx-intuit-americanexp-idUSnPn947vLW+83+PRN20140930
2014-10-01,http://www.reuters.com/article/2014/09/30/ny-american-express-idUSnBw305550a+100+BSW20140930
2014-10-02,http://www.reuters.com/article/2014/10/01/bc-analysts-review-idUSnPn9D8H2r+94+PRN20141001
2014-10-02,http://www.reuters.com/article/2014/10/01/research-and-markets-idUSnBw015615a+100+BSW20141001
2014-10-03,http://www.reuters.com/article/2014/10/02/made-amex-musicians-idUSnPn5wNJnz+8c+PRN20141002
2014-10-03,http://www.reuters.com/article/2014/10/02/ca-wells-fargo-amex-idUSnBw025226a+100+BSW20141002
2014-10-07,http://www.reuters.com/article/2014/10/06/ny-american-express-idUSnBw066199a+100+BSW20141006
2014-10-07,http://www.reuters.com/article/2014/10/06/ny-american-express-idUSnBw066148a+100+BSW20141006
2014-10-09,http://www.reuters.com/article/2014/10/08/ny-newtek-amexprogram-idUSnPn9hmfp8+80+PRN20141008
2014-10-09,http://www.reuters.com/article/2014/10/08/ny-american-express-idUSnBw085247a+100+BSW20141008
2014-10-09,http://www.reuters.com/article/2014/10/08/ny-american-express-gbt-idUSnBw085228a+100+BSW20141008
2014-10-09,http://www.reuters.com/article/2014/10/08/ne-first-bankcard-idUSnBw085149a+100+BSW20141008
2014-10-11,http://www.reuters.com/article/2014/10/10/ny-pubmatic-adrevenue-idUSnPnpr7vr+40+PRN20141010
2014-10-14,http://www.reuters.com/article/2014/10/13/ny-american-express-idUSnBw135212a+100+BSW20141013
2014-10-14,http://www.reuters.com/article/2014/10/13/bc-analysts-review-idUSnPnbrPqb2+88+PRN20141013
2014-10-15,http://www.reuters.com/article/2014/10/14/nv-american-express-idUSnBw145348a+100+BSW20141014
2014-10-15,http://www.reuters.com/article/2014/10/14/ny-american-express-idUSnBw145371a+100+BSW20141014
2014-10-16,http://www.reuters.com/article/2014/10/15/us-americanexpress-results-idUSKCN0I42JK20141015
2014-10-16,http://www.reuters.com/article/2014/10/15/americanexpress-results-idUSL3N0SA5U420141015
2014-10-16,http://www.reuters.com/article/2014/10/15/ny-american-express-idUSnBw156609a+100+BSW20141015
2014-10-17,http://www.reuters.com/article/2014/10/16/american-express-idUSnBw156624a+100+BSW20141016
2014-10-18,http://www.reuters.com/article/2014/10/17/idUSnCCN7vWpb+e4+MKW20141017
2014-10-18,http://www.reuters.com/article/2014/10/17/idUSnMKW3xWZha+1cc+MKW20141017
2014-10-18,http://www.reuters.com/article/2014/10/17/ny-american-express-idUSnBw175772a+100+BSW20141017
2014-10-18,http://www.reuters.com/article/2014/10/17/bc-investor-edge-idUSnPn8PmtVh+92+PRN20141017
2014-10-21,http://www.reuters.com/article/2014/10/20/americanexpressapple-idUSnPn7qvDqm+84+PRN20141020
2014-10-22,http://www.reuters.com/article/2014/10/21/bc-analysts-review-idUSnPnSb0LV+53+PRN20141021
2014-10-23,http://www.reuters.com/article/2014/10/22/ny-american-express-open-idUSnBw226273a+100+BSW20141022
2014-10-23,http://www.reuters.com/article/2014/10/22/ny-american-express-idUSnBw225126a+100+BSW20141022
2014-10-28,http://www.reuters.com/article/2014/10/27/us-american-express-venteprivee-idUSKBN0IG2AA20141027
2014-10-28,http://www.reuters.com/article/2014/10/27/american-express-venteprivee-idUSL4N0SM5VQ20141027
2014-10-28,http://www.reuters.com/article/2014/10/27/zacks-investment-idUSnPn3zLbTH+8b+PRN20141027
2014-10-31,http://www.reuters.com/article/2014/10/30/bc-analysts-review-idUSnPn3TS48L+99+PRN20141030
2014-11-04,http://www.reuters.com/article/2014/11/03/mn-us-bancorp-idUSnBw036268a+100+BSW20141103
2014-11-04,http://www.reuters.com/article/2014/11/03/ny-american-express-idUSnBw035255a+100+BSW20141103
2014-11-04,http://www.reuters.com/article/2014/11/03/ny-american-express-idUSnBw035277a+100+BSW20141103
2014-11-05,http://www.reuters.com/article/2014/11/04/ny-american-express-idUSnBw046444a+100+BSW20141104
2014-11-05,http://www.reuters.com/article/2014/11/04/idUSnMKWjRZBHa+1de+MKW20141104
2014-11-07,http://www.reuters.com/article/2014/11/06/ny-american-express-idUSnBw065231a+100+BSW20141106
2014-11-08,http://www.reuters.com/article/2014/11/07/bc-analysts-review-idUSnPn3Qv3l7+90+PRN20141107
2014-11-11,http://www.reuters.com/article/2014/11/10/ny-fitch-ratings-axp-idUSnBw106389a+100+BSW20141110
2014-11-11,http://www.reuters.com/article/2014/11/10/fitch-rates-american-express-preferred-s-idUSFit82234020141110
2014-11-12,http://www.reuters.com/article/2014/11/11/ny-american-express-idUSnBw116252a+100+BSW20141111
2014-11-12,http://www.reuters.com/article/2014/11/11/fl-american-express-idUSnBw115043a+100+BSW20141111
2014-11-13,http://www.reuters.com/article/2014/11/12/ny-american-express-idUSnBw126428a+100+BSW20141112
2014-11-13,http://www.reuters.com/article/2014/11/12/ny-fitch-ratings-amex-idUSnBw125846a+100+BSW20141112
2014-11-13,http://www.reuters.com/article/2014/11/12/ny-fitch-ratings-amex-idUSnBw125834a+100+BSW20141112
2014-11-13,http://www.reuters.com/article/2014/11/12/ny-american-express-idUSnBw125093a+100+BSW20141112
2014-11-15,http://www.reuters.com/article/2014/11/14/ny-american-express-idUSnBw145106a+100+BSW20141114
2014-11-18,http://www.reuters.com/article/2014/11/17/ny-american-express-idUSnBw176319a+100+BSW20141117
2014-11-18,http://www.reuters.com/article/2014/11/17/ny-american-express-idUSnBw175680a+100+BSW20141117
2014-11-20,http://www.reuters.com/article/2014/11/19/ny-fitch-ratings-amex-idUSnBw196529a+100+BSW20141119
2014-11-20,http://www.reuters.com/article/2014/11/19/ny-fitch-ratings-amex-tr-idUSnBw196512a+100+BSW20141119
2014-11-21,http://www.reuters.com/article/2014/11/20/ny-amrcan-exp-glbl-trvl-idUSnBw205176a+100+BSW20141120
2014-12-02,http://www.reuters.com/article/2014/12/01/ny-american-express-idUSnPn8Hfzrt+90+PRN20141201
2014-12-02,http://www.reuters.com/article/2014/12/01/ny-american-express-idUSnBw015608a+100+BSW20141201
2014-12-03,http://www.reuters.com/article/2014/12/02/ny-american-express-idUSnBw026638a+100+BSW20141202
2014-12-03,http://www.reuters.com/article/2014/12/02/ny-fitch-ratings-axp-idUSnBw026525a+100+BSW20141202
2014-12-04,http://www.reuters.com/article/2014/12/03/ny-american-express-idUSnBw036283a+100+BSW20141203
2014-12-05,http://www.reuters.com/article/2014/12/04/idUSnMKWYd1jya+1e0+MKW20141204
2014-12-09,http://www.reuters.com/article/2014/12/08/bc-investor-edge-idUSnPn3GBPQ9+9e+PRN20141208
2014-12-10,http://www.reuters.com/article/2014/12/09/ny-american-express-idUSnBw096034a+100+BSW20141209
2014-12-10,http://www.reuters.com/article/2014/12/09/dc-american-express-idUSnBw095214a+100+BSW20141209
2014-12-12,http://www.reuters.com/article/2014/12/11/ca-american-express-idUSnBw115999a+100+BSW20141211
2014-12-12,http://www.reuters.com/article/2014/12/11/american-express-delta-idUSnBw115734a+100+BSW20141211
2014-12-13,http://www.reuters.com/article/2014/12/12/ny-american-express-idUSnBw125730a+100+BSW20141212
2014-12-19,http://www.reuters.com/article/2014/12/18/il-zacks-delta-idUSnPnccb6d5+80+PRN20141218
2015-01-07,http://www.reuters.com/article/2015/01/06/ny-american-express-idUSnBw065159a+100+BSW20150106
2015-01-13,http://www.reuters.com/article/2015/01/12/ny-american-express-idUSnBw125102a+100+BSW20150112
2015-01-22,https://www.nytimes.com/2015/01/22/business/profit-for-american-express-and-elimination-of-4000-jobs.html
2015-01-22,http://www.reuters.com/article/2015/01/22/us-american-express-results-idUSKBN0KU2MZ20150122
2015-01-22,http://www.reuters.com/article/2015/01/22/american-express-results-idUSL4N0V05LH20150122
2015-01-22,http://www.reuters.com/article/2015/01/21/us-american-express-results-idUSKBN0KU2MZ20150121
2015-01-22,http://www.reuters.com/article/2015/01/21/american-express-results-idUSL4N0V05LH20150121
2015-01-22,http://www.reuters.com/article/2015/01/21/ny-american-express-idUSnBw216346a+100+BSW20150121
2015-01-23,http://www.reuters.com/article/2015/01/22/american-express-idUSnBw216392a+100+BSW20150122
2015-01-28,http://www.reuters.com/article/2015/01/27/us-american-express-cuba-idUSKBN0L02LE20150127
2015-01-28,http://www.reuters.com/article/2015/01/27/american-express-cuba-idUSL4N0V656W20150127
2015-02-03,http://www.reuters.com/article/2015/02/02/bc-investor-edge-idUSnPn6hRjf4+88+PRN20150202
2015-02-04,http://www.reuters.com/article/2015/02/03/mn-digital-river-inc-idUSnBw036222a+100+BSW20150203
2015-02-11,http://www.reuters.com/article/2015/02/10/ny-american-express-idUSnBw106367a+100+BSW20150210
2015-02-13,https://www.nytimes.com/2015/02/13/business/costco-says-it-will-not-renew-contract-with-amex-next-year.html
2015-02-13,http://www.reuters.com/article/2015/02/12/american-express-costco-wholesale-idUSL4N0VM5RV20150212
2015-02-13,http://www.reuters.com/article/2015/02/12/ny-american-express-idUSnBw125458a+100+BSW20150212
2015-02-14,http://www.reuters.com/article/2015/02/13/us-american-express-jetblue-airways-idUSKBN0LH2H320150213
2015-02-14,http://www.reuters.com/article/2015/02/13/american-express-jetblue-airways-idUSL1N0VN2CG20150213
2015-02-14,http://www.reuters.com/article/2015/02/13/tx-bbva-compass-nba-idUSnPn1TwSBC+97+PRN20150213
2015-02-18,http://www.reuters.com/article/2015/02/17/ny-amrcan-expr-glbl-trav-idUSnBw175326a+100+BSW20150217
2015-02-20,https://www.nytimes.com/2015/02/20/business/american-express-violated-antitrust-laws-us-judge-rules.html
2015-02-20,http://www.reuters.com/article/2015/02/19/us-american-express-antitrust-idUSKBN0LN1JW20150219
2015-02-20,http://www.reuters.com/article/2015/02/19/american-express-antitrust-idUSL1N0VT1ML20150219
2015-02-20,http://www.reuters.com/article/2015/02/19/american-express-antitrust-idUSL1N0VT1N720150219
2015-02-20,http://www.reuters.com/article/2015/02/19/ca-nilson-report-idUSnBw196254a+100+BSW20150219
2015-02-20,http://www.reuters.com/article/2015/02/19/ny-american-express-idUSnBw196085a+100+BSW20150219
2015-02-20,http://www.reuters.com/article/2015/02/19/ny-american-express-idUSnBw196019a+100+BSW20150219
2015-02-20,http://www.reuters.com/article/2015/02/19/american-express-antitrust-idUSL1N0VT1KM20150219
2015-02-21,http://www.reuters.com/article/2015/02/20/ny-fitch-ratings-amex-idUSnBw205551a+100+BSW20150220
2015-02-21,http://www.reuters.com/article/2015/02/20/bc-london-fashion-week-idUSnPn8P8CRt+96+PRN20150220
2015-02-24,https://www.nytimes.com/2015/02/24/business/dealbook/amexs-loss-in-court-may-not-help-consumers.html
2015-02-25,http://www.reuters.com/article/2015/02/24/ny-american-express-idUSnBw245146a+100+BSW20150224
2015-02-25,http://www.reuters.com/article/2015/02/24/idUSnGNX152vwk+1c0+GNW20150224
2015-02-26,http://www.reuters.com/article/2015/02/25/ny-american-express-idUSnBw256599a+100+BSW20150225
2015-02-26,http://www.reuters.com/article/2015/02/25/ny-fitch-ratings-amex-idUSnBw256387a+100+BSW20150225
2015-02-26,http://www.reuters.com/article/2015/02/25/wpo-fastest-growing-idUSnPn3mcjxN+81+PRN20150225
2015-02-26,http://www.reuters.com/article/2015/02/25/us-american-express-rates-idUSKBN0LT11T20150225
2015-02-26,http://www.reuters.com/article/2015/02/25/american-express-rates-idUSL4N0VZ39R20150225
2015-02-26,http://www.reuters.com/article/2015/02/25/american-express-rates-idUSL4N0VZ2FV20150225
2015-02-27,https://www.nytimes.com/2015/02/27/business/american-express-turns-to-its-core-customers-the-affluent.html
2015-02-27,http://www.reuters.com/article/2015/02/26/ny-american-express-idUSnBw266499a+100+BSW20150226
2015-03-03,https://www.nytimes.com/2015/03/03/business/costco-to-offer-citigroup-and-visa-co-branded-cards.html
2015-03-03,http://www.reuters.com/article/2015/03/02/bc-investor-edge-idUSnPn1p8gkF+81+PRN20150302
2015-03-05,http://www.reuters.com/article/2015/03/04/ny-american-express-idUSnBw045828a+100+BSW20150304
2015-03-05,http://www.reuters.com/article/2015/03/04/ny-american-express-idUSnBw045787a+100+BSW20150304
2015-03-12,http://www.reuters.com/article/2015/03/11/ny-american-express-idUSnBw116443a+100+BSW20150311
2015-03-13,http://www.reuters.com/article/2015/03/12/ny-american-express-idUSnBw125961a+100+BSW20150312
2015-03-13,http://www.reuters.com/article/2015/03/12/va-easna-idUSnBw125038a+100+BSW20150312
2015-03-17,http://www.reuters.com/article/2015/03/16/ny-american-express-idUSnBw165883a+100+BSW20150316
2015-03-17,http://www.reuters.com/article/2015/03/16/bbva-compass-idUSnPn6wjytX+81+PRN20150316
2015-03-17,http://www.reuters.com/article/2015/03/16/bc-analysts-review-idUSnPn6FSZTn+9e+PRN20150316
2015-03-19,http://www.reuters.com/article/2015/03/18/ny-ipsa-international-idUSnPn795ZSJ+87+PRN20150318
2015-03-19,http://www.reuters.com/article/2015/03/18/american-express-global-idUSnBw185672a+100+BSW20150318
2015-03-19,http://www.reuters.com/article/2015/03/18/ny-american-express-idUSnBw185192a+100+BSW20150318
2015-03-20,http://www.reuters.com/article/2015/03/19/ny-american-express-idUSnBw195087a+100+BSW20150319
2015-03-20,http://www.reuters.com/article/2015/03/19/us-american-express-charles-schwab-card-idUSKBN0MF0B320150319
2015-03-20,http://www.reuters.com/article/2015/03/19/american-express-charles-schwab-card-idUSL2N0WK2BY20150319
2015-03-24,http://www.reuters.com/article/2015/03/23/ny-american-express-idUSnBw236264a+100+BSW20150323
2015-04-01,http://www.reuters.com/article/2015/03/31/ny-american-express-idUSnBw316481a+100+BSW20150331
2015-04-03,http://www.reuters.com/article/2015/04/02/ny-american-express-idUSnBw026147a+100+BSW20150402
2015-04-09,http://www.reuters.com/article/2015/04/08/ny-fitch-ratings-amex-idUSnBw086542a+100+BSW20150408
2015-04-09,http://www.reuters.com/article/2015/04/08/idUSFit91910920150408
2015-04-15,http://www.reuters.com/article/2015/04/14/ny-american-express-idUSnBw146423a+100+BSW20150414
2015-04-17,https://www.nytimes.com/2015/04/17/business/stronger-dollar-drives-revenue-down-at-american-express.html
2015-04-17,http://www.reuters.com/article/2015/04/16/american-express-results-idUSL4N0XD5MZ20150416
2015-04-17,http://www.reuters.com/article/2015/04/16/ny-american-express-idUSnBw166582a+100+BSW20150416
2015-04-17,http://www.reuters.com/article/2015/04/16/ny-amex-meeting-events-idUSnBw165085a+100+BSW20150416
2015-04-17,http://www.reuters.com/article/2015/04/16/ny-american-express-idUSnBw156679a+100+BSW20150416
2015-04-18,http://www.reuters.com/article/2015/04/17/ny-american-express-idUSnBw176021a+100+BSW20150417
2015-04-18,http://www.reuters.com/article/2015/04/17/american-express-idUSnBw166643a+100+BSW20150417
2015-04-23,http://www.reuters.com/article/2015/04/22/bc-analysts-review-idUSnPn6FrdlX+91+PRN20150422
2015-04-28,http://www.reuters.com/article/ny-fitch-ratings-amex-idUSnBw276477a+100+BSW20150427
2015-05-01,http://www.reuters.com/article/2015/05/01/us-american-express-antitrust-idUSKBN0NL2S220150501
2015-05-01,http://www.reuters.com/article/2015/05/01/american-express-antitrust-idUSL1N0XR3ZS20150501
2015-05-01,http://www.reuters.com/article/2015/04/30/us-american-express-antitrust-idUSKBN0NL2S220150430
2015-05-01,http://www.reuters.com/article/2015/04/30/american-express-antitrust-idUSL1N0XR44020150430
2015-05-01,http://www.reuters.com/article/2015/04/30/american-express-antitrust-idUSL1N0XR3ZS20150430
2015-05-01,http://www.reuters.com/article/2015/04/30/american-express-antitrust-idUSL1N0XR3TM20150430
2015-05-05,http://www.reuters.com/article/2015/05/04/ny-american-express-idUSnBw045587a+100+BSW20150504
2015-05-05,http://www.reuters.com/article/2015/05/04/ca-coupa-software-idUSnBw045312a+100+BSW20150504
2015-05-05,http://www.reuters.com/article/2015/05/04/ny-american-express-idUSnBw045097a+100+BSW20150504
2015-05-06,http://www.reuters.com/article/2015/05/05/netsuite-amex-idUSnPn1CFT7k+9c+PRN20150505
2015-05-06,http://www.reuters.com/article/2015/05/05/idUSnGNX220bmc+1c0+GNW20150505
2015-05-07,http://www.reuters.com/article/2015/05/06/ny-american-express-idUSnBw065123a+100+BSW20150506
2015-05-07,http://www.reuters.com/article/2015/05/06/bc-investor-edge-idUSnPn2Fdhn7+90+PRN20150506
2015-05-12,http://www.reuters.com/article/2015/05/11/ny-american-express-idUSnBw115980a+100+BSW20150511
2015-05-12,http://www.reuters.com/article/2015/05/11/ny-american-express-idUSnBw115684a+100+BSW20150511
2015-05-13,https://www.nytimes.com/2015/05/13/business/dealbook/barclaycard-chief-executive-to-step-down.html
2015-05-13,http://www.reuters.com/article/2015/05/12/ny-american-express-idUSnBw126671a+100+BSW20150512
2015-05-15,http://www.reuters.com/article/2015/05/14/ny-american-express-idUSnBw146240a+100+BSW20150514
2015-05-15,http://www.reuters.com/article/2015/05/14/ny-certares-idUSnBw145788a+100+BSW20150514
2015-05-15,http://www.reuters.com/article/2015/05/14/fl-american-express-idUSnBw145665a+100+BSW20150514
2015-05-20,http://www.reuters.com/article/2015/05/19/ny-american-express-idUSnBw196403a+100+BSW20150519
2015-05-22,http://www.reuters.com/article/2015/05/21/co-american-express-idUSnBw216064a+100+BSW20150521
2015-05-30,https://www.nytimes.com/2015/05/30/business/edward-p-gilligan-american-express-executive-dies-at-55.html
2015-05-30,http://www.reuters.com/article/2015/05/29/us-american-express-president-idUSKBN0OE2R420150529
2015-05-30,http://www.reuters.com/article/2015/05/29/american-express-president-idUSL3N0YK5SI20150529
2015-05-30,http://www.reuters.com/article/2015/05/29/mmp-kathyireland-idUSnPn4w20yy+80+PRN20150529
2015-06-03,http://www.reuters.com/article/2015/06/02/ny-american-express-idUSnBw026763a+100+BSW20150602
2015-06-04,http://www.reuters.com/article/2015/06/03/ny-american-express-idUSnBw035977a+100+BSW20150603
2015-06-05,http://www.reuters.com/article/2015/06/04/ny-american-express-idUSnBw046149a+100+BSW20150604
2015-06-11,http://www.reuters.com/article/2015/06/10/ruckus-wireless-wifi-idUSnPn7Nv3Zn+92+PRN20150610
2015-06-12,http://www.reuters.com/article/2015/06/11/ga-bank-of-amer-merch-idUSnBw116028a+100+BSW20150611
2015-06-12,http://www.reuters.com/article/2015/06/11/ny-american-express-idUSnBw115638a+100+BSW20150611
2015-06-12,http://www.reuters.com/article/2015/06/11/harbortouch-amexrates-idUSnPn2m947j+80+PRN20150611
2015-06-17,http://www.reuters.com/article/2015/06/16/american-express-antitrust-idUSL1N0Z22K620150616
2015-06-17,http://www.reuters.com/article/2015/06/16/us-american-express-antitrust-idUSKBN0OW2TP20150616
2015-06-17,http://www.reuters.com/article/2015/06/16/american-express-antitrust-idUSL1N0Z22HT20150616
2015-06-23,http://www.reuters.com/article/2015/06/22/ga-global-payments-idUSnBw225395a+100+BSW20150622
2015-06-25,http://www.reuters.com/article/2015/06/24/ny-american-express-idUSnBw246153a+100+BSW20150624
2015-06-25,http://www.reuters.com/article/2015/06/24/ny-amex-meeting-events-idUSnBw245175a+100+BSW20150624
2015-06-27,http://www.reuters.com/article/2015/06/26/ny-american-express-idUSnBw265431a+100+BSW20150626
2015-07-01,http://www.reuters.com/article/2015/06/30/ny-american-express-idUSnBw306034a+100+BSW20150630
2015-07-09,http://www.reuters.com/article/cqn-ny-american-express-idUSnBw086289a+100+BSW20150708
2015-07-09,http://www.reuters.com/article/ny-american-express-idUSnBw085959a+100+BSW20150708
2015-07-10,http://www.reuters.com/article/sr-pago-amex-alliance-idUSnPn6ZZFdb+9c+PRN20150709
2015-07-10,http://www.reuters.com/article/ny-american-express-idUSnBw095624a+100+BSW20150709
2015-07-14,http://www.reuters.com/article/ny-fitch-ratings-america-idUSnBw136096a+100+BSW20150713
2015-07-20,http://www.reuters.com/article/american-express-gbt-idUSnBw195006a+100+BSW20150720
2015-07-21,http://www.reuters.com/article/ny-american-express-idUSnBw206381a+100+BSW20150720
2015-07-21,http://www.reuters.com/article/ny-fitch-ratings-am-ex-idUSnBw206131a+100+BSW20150720
2015-07-21,http://www.reuters.com/article/ny-american-express-idUSnBw205877a+100+BSW20150720
2015-07-22,http://www.reuters.com/article/ny-american-express-idUSnBw216354a+100+BSW20150721
2015-07-23,http://www.reuters.com/article/ny-american-express-idUSnBw226489a+100+BSW20150722
2015-07-23,http://www.reuters.com/article/americanexpress-results-idUSL3N1022RP20150722
2015-07-23,http://www.reuters.com/article/ny-american-express-idUSnBw226381a+100+BSW20150722
2015-07-24,https://www.nytimes.com/2015/07/24/business/daily-stock-market-activity.html
2015-07-24,http://www.reuters.com/article/us-americanexpress-results-idUSKCN0PW2BB20150723
2015-07-24,http://www.reuters.com/article/americanexpress-results-idUSL3N10257520150723
2015-07-24,http://www.reuters.com/article/american-express-idUSnBw226392a+100+BSW20150723
2015-07-28,http://www.reuters.com/article/ny-amex-meetings-events-idUSnBw275166a+100+BSW20150727
2015-07-29,http://www.reuters.com/article/tn-unum-group-idUSnBw285305a+100+BSW20150728
2015-07-31,http://www.reuters.com/article/american-express-lawsuit-idUSL1N10A4F220150730
2015-07-31,http://www.reuters.com/article/us-american-express-lawsuit-idUSKCN0Q42T420150730
2015-07-31,http://www.reuters.com/article/american-express-lawsuit-idUSL1N10A47J20150730
2015-07-31,http://www.reuters.com/article/american-express-lawsuit-idUSL1N10A45820150730
2015-07-31,http://www.reuters.com/article/robbins-amex-alert-idUSnPn7VHJh8+9c+PRN20150730
2015-07-31,http://www.reuters.com/article/ny-american-express-idUSnBw305816a+100+BSW20150730
2015-07-31,http://www.reuters.com/article/ny-american-express-idUSnBw305803a+100+BSW20150730
2015-08-01,http://www.reuters.com/article/idUSnGNX8rgvKT+1c3+GNW20150801
2015-08-01,http://www.reuters.com/article/idUSnGNX4r874P+1c1+GNW20150731
2015-08-01,http://www.reuters.com/article/bernstein-llp-amex-idUSnPn5LsmKP+93+PRN20150731
2015-08-05,https://www.nytimes.com/2015/08/05/business/dealbook/judge-rejects-settlement-in-american-express-case.html
2015-08-05,http://www.reuters.com/article/ny-starwood-hotels-idUSnBw045609a+100+BSW20150804
2015-08-05,http://www.reuters.com/article/american-express-antitrust-idUSL1N10F1X520150804
2015-08-05,http://www.reuters.com/article/us-american-express-antitrust-idUSKCN0Q91QD20150804
2015-08-05,http://www.reuters.com/article/american-express-antitrust-idUSL1N10F1PK20150804
2015-08-05,http://www.reuters.com/article/american-express-antitrust-idUSL1N10F1LD20150804
2015-08-06,http://www.reuters.com/article/idUSnGNX9zfgln+1c0+GNW20150805
2015-08-06,http://www.reuters.com/article/amex-cn-travel-award-idUSnPn8mJsqX+89+PRN20150805
2015-08-07,http://www.reuters.com/article/idUSnGNX3G70f5+1d0+GNW20150806
2015-08-08,https://www.nytimes.com/2015/08/08/business/dealbook/valueact-takes-stake-in-american-express.html
2015-08-08,http://www.reuters.com/article/ny-rosen-law-firm-idUSnBw075594a+100+BSW20150807
2015-08-08,http://www.reuters.com/article/ny-american-express-idUSnBw075507a+100+BSW20150807
2015-08-08,http://www.reuters.com/article/ny-american-express-gbt-idUSnBw075505a+100+BSW20150807
2015-08-11,http://www.reuters.com/article/idUSnMKWqt45na+1c0+MKW20150810
2015-08-11,http://www.reuters.com/article/ny-american-express-idUSnBw105593a+100+BSW20150810
2015-08-12,http://www.reuters.com/article/ny-american-express-idUSnBw115908a+100+BSW20150811
2015-08-14,http://www.reuters.com/article/md-brower-piven-idUSnBw136315a+100+BSW20150813
2015-08-15,http://www.reuters.com/article/ny-zamansky-llc-idUSnBw145585a+100+BSW20150814
2015-08-18,http://www.reuters.com/article/ny-amer-express-unstaged-idUSnBw176130a+100+BSW20150817
2015-08-18,http://www.reuters.com/article/ny-american-express-idUSnBw176092a+100+BSW20150817
2015-08-19,http://www.reuters.com/article/ny-american-express-idUSnBw186224a+100+BSW20150818
2015-08-20,http://www.reuters.com/article/ny-american-express-idUSnBw195094a+100+BSW20150819
2015-08-20,http://www.reuters.com/article/bluetarp-executives-idUSnPn6mplgG+81+PRN20150819
2015-08-21,http://www.reuters.com/article/idUSnGNXbqVlZf+1ca+GNW20150820
2015-08-22,http://www.reuters.com/article/ny-rosen-law-firm-idUSnBw215706a+100+BSW20150821
2015-08-25,http://www.reuters.com/article/dc-american-express-sca-idUSnBw245691a+100+BSW20150824
2015-08-26,http://www.reuters.com/article/idUSnGNX2WHxsf+1d8+GNW20150825
2015-08-26,http://www.reuters.com/article/dc-american-express-sca-idUSnBw255114a+100+BSW20150825
2015-09-04,http://www.reuters.com/article/ny-american-express-idUSnBw036102a+100+BSW20150903
2015-09-05,https://www.nytimes.com/2015/09/05/business/dealbook/american-express-may-get-same-treatment-as-microsoft-from-valueact-capital.html
2015-09-05,http://www.reuters.com/article/idUSnGNXfWDn+76+GNW20150904
2015-09-05,http://www.reuters.com/article/idUS35596777620150904
2015-09-10,http://www.reuters.com/article/ny-american-express-idUSnBw096142a+100+BSW20150909
2015-09-11,http://www.reuters.com/article/ny-american-express-idUSnBw106249a+100+BSW20150910
2015-09-11,http://www.reuters.com/article/us-wal-mart-stores-american-express-cred-idUSKCN0RA1G420150910
2015-09-11,http://www.reuters.com/article/wal-mart-stores-american-express-creditc-idUSL1N11F30G20150910
2015-09-11,http://www.reuters.com/article/ny-american-express-idUSnBw105211a+100+BSW20150910
2015-09-17,http://www.reuters.com/article/ny-american-express-idUSnBw165224a+100+BSW20150916
2015-09-17,http://www.reuters.com/article/md-brower-piven-idUSnBw165270a+100+BSW20150916
2015-09-18,http://www.reuters.com/article/ny-american-express-idUSnBw176068a+100+BSW20150917
2015-09-18,http://www.reuters.com/article/ny-amex-meeting-events-idUSnBw175208a+100+BSW20150917
2015-09-19,http://www.reuters.com/article/ny-american-express-idUSnBw185527a+100+BSW20150918
2015-09-23,http://www.reuters.com/article/ny-american-express-idUSnBw225830a+100+BSW20150922
2015-09-24,http://www.reuters.com/article/ny-american-express-idUSnBw235254a+100+BSW20150923
2015-09-25,http://www.reuters.com/article/ny-fitch-ratings-axp-idUSnBw246449a+100+BSW20150924
2015-09-26,http://www.reuters.com/article/idUSnGNX3cRX94+1cc+GNW20150926
2015-09-29,http://www.reuters.com/article/ny-american-express-idUSnBw286551a+100+BSW20150928
2015-10-02,http://www.reuters.com/article/ny-american-express-idUSnBw015205a+100+BSW20151001
2015-10-03,http://www.reuters.com/article/dc-american-express-idUSnBw025517a+100+BSW20151002
2015-10-06,http://www.reuters.com/article/ny-american-express-idUSnBw056724a+100+BSW20151005
2015-10-08,http://www.reuters.com/article/bc-nxt-id-inc-idUSnPn82YlNC+8b+PRN20151007
2015-10-08,http://www.reuters.com/article/research-and-markets-idUSnBw075722a+100+BSW20151007
2015-10-10,http://www.reuters.com/article/ny-american-express-idUSnBw095104a+100+BSW20151009
2015-10-14,http://www.reuters.com/article/ny-american-express-idUSnBw135626a+100+BSW20151013
2015-10-16,http://www.reuters.com/article/ny-american-express-idUSnBw155811a+100+BSW20151015
2015-10-22,http://www.reuters.com/article/ny-american-express-idUSnBw216645a+100+BSW20151021
2015-10-23,http://www.reuters.com/article/american-express-idUSnBw216680a+100+BSW20151022
2015-10-24,http://www.reuters.com/article/ny-american-express-idUSnBw235919a+100+BSW20151023
2015-10-28,http://www.reuters.com/article/ny-american-express-idUSnBw277064a+100+BSW20151027
2015-10-29,http://www.reuters.com/article/social-impact-umich-idUSnPn9hhQpb+84+PRN20151028
2015-10-29,http://www.reuters.com/article/ny-in-pact-personnel-idUSnPn9xYyYJ+8b+PRN20151028
2015-10-29,http://www.reuters.com/article/ny-american-express-idUSnBw285980a+100+BSW20151028
2015-10-30,http://www.reuters.com/article/ny-american-express-idUSnBw296467a+100+BSW20151029
2015-10-30,http://www.reuters.com/article/ca-american-express-idUSnBw296397a+100+BSW20151029
2015-11-04,http://www.reuters.com/article/ny-american-express-idUSnBw035532a+100+BSW20151103
2015-11-06,http://www.reuters.com/article/ny-american-express-idUSnBw056860a+100+BSW20151105
2015-11-06,http://www.reuters.com/article/ny-american-express-idUSnBw055169a+100+BSW20151105
2015-11-07,http://www.reuters.com/article/ny-american-express-idUSnBw065710a+100+BSW20151106
2015-11-13,http://www.reuters.com/article/us-employment-classaction-idUSL1N1370Q520151112
2015-11-20,http://www.reuters.com/article/idUSL1N13F00M20151120
2015-11-20,http://www.reuters.com/article/sf-cityatty-sues-amex-idUSnPnb46Fnx+84+PRN20151119
2015-11-24,http://www.reuters.com/article/ny-american-express-idUSnBw235385a+100+BSW20151123
2015-11-26,http://www.reuters.com/article/ny-american-express-idUSnBw255569a+100+BSW20151125
2015-12-01,http://www.reuters.com/article/idUSnMKWF3GZva+1ec+MKW20151130
2015-12-01,http://www.reuters.com/article/ny-american-express-gbt-idUSnBw305087a+100+BSW20151130
2015-12-02,http://www.reuters.com/article/ny-american-express-idUSnBw016492a+100+BSW20151201
2015-12-02,http://www.reuters.com/article/ny-american-express-idUSnBw015316a+100+BSW20151201
2015-12-11,http://www.reuters.com/article/lendingtree-am-ex-idUSnPnW6MKF+57+PRN20151210
2015-12-19,http://www.reuters.com/article/us-american-express-antitrust-idUSKBN0U12DO20151218
2015-12-19,http://www.reuters.com/article/american-express-antitrust-idUSL1N1472DJ20151218
2015-12-19,http://www.reuters.com/article/american-express-antitrust-idUSL1N14729P20151218
2015-12-19,http://www.reuters.com/article/american-express-antitrust-idUSL1N14720A20151218
2016-01-05,http://www.reuters.com/article/us-fidelity-banks-creditcards-idUSKBN0UI0BW20160104
2016-01-05,http://www.reuters.com/article/fidelity-banks-creditcards-idUSL3N14O3OP20160104
2016-01-05,http://www.reuters.com/article/fidelity-banks-creditcards-idUSL1N14N09120160104
2016-01-07,https://www.nytimes.com/2016/01/07/business/dealbook/morgan-stanley-management-shuffle-puts-a-ceo-on-the-market.html
2016-01-22,http://www.reuters.com/article/american-express-results-idUSL3N155541
2016-01-23,https://www.nytimes.com/2016/01/23/business/daily-stock-market-activity.html
2016-02-10,http://www.reuters.com/article/us-american-express-loans-smallbusiness-idUSKCN0VI28R
2016-02-10,http://www.reuters.com/article/american-express-loans-smallbusiness-idUSL2N15N26S
2016-03-08,http://www.reuters.com/article/us-american-express-m-a-stocks-idUSKCN0W92CW
2016-03-08,http://www.reuters.com/article/american-express-ma-stocks-idUSL1N16F1OU
2016-03-08,http://www.reuters.com/article/american-express-ma-stocks-idUSnL1N16F1I
2016-03-22,http://www.reuters.com/article/idUSFWN16T0J7
2016-04-16,http://www.reuters.com/article/idUSL5N17I4HO
2016-04-21,http://www.reuters.com/article/idUSFWN17N10Y
2016-04-21,http://www.reuters.com/article/american-express-results-idUSL3N17N4SZ
2016-04-28,http://www.reuters.com/article/idUSFWN17U1BV
2016-05-03,http://www.reuters.com/article/idUSASD08GMH
2016-05-18,http://www.reuters.com/article/idUSFWN18E0GW
2016-06-21,http://www.reuters.com/article/idUSFWN19C0K9
2016-06-23,http://www.reuters.com/article/idUSFWN19E05C
2016-06-24,http://www.reuters.com/article/idUSFWN19F0CL
2016-06-30,http://www.reuters.com/article/idUSFWN19L107
2016-07-13,http://www.reuters.com/article/idUSFWN19Y0E2
2016-07-16,http://www.reuters.com/article/idUSL8N1A1446
2016-07-21,http://www.reuters.com/article/idUSFWN1A60W3
2016-07-21,http://www.reuters.com/article/idUSFWN1A60W2
2016-07-21,http://www.reuters.com/article/american-express-results-idUSL4N1A641N
2016-07-29,http://www.reuters.com/article/idUSFWN1AE1II
2016-09-01,http://www.reuters.com/article/idUSFWN1BC0G8
2016-09-10,http://www.reuters.com/article/idUSFWN1BL0EP
2016-09-16,http://www.reuters.com/article/idUSFWN1BR0EU
2016-09-27,https://www.nytimes.com/2016/09/27/business/american-express-can-stop-merchants-from-steering-clients-to-other-cards.html
2016-09-27,http://www.reuters.com/article/american-express-antitrust-idUSL2N16B2HG
2016-09-28,http://www.reuters.com/article/idUSFWN1C30DO
2016-09-29,http://www.reuters.com/article/idUSFit974721
2016-10-04,http://www.reuters.com/article/idUSFWN1C909Q
2016-10-18,http://www.reuters.com/article/idUSFWN1CN0H8
2016-10-20,http://www.reuters.com/article/idUSFWN1CP0VM
2016-10-20,http://www.reuters.com/article/idUSASC09BVV
2016-11-16,http://www.reuters.com/article/idUSFWN1DG0XU
2016-11-23,http://www.reuters.com/article/idUSFWN1DN0TD
2016-12-01,http://www.reuters.com/article/idUSFWN1DV0CP
2016-12-07,http://www.reuters.com/article/idUSASC09M22
2016-12-16,http://www.reuters.com/article/idUSFWN1EA0OQ
2016-12-16,http://www.reuters.com/article/idUSFWN1EA0MX
2017-01-18,http://www.reuters.com/article/idUSFWN1F70PV
2017-01-20,http://www.reuters.com/article/idUSFWN1F90VY
2017-01-20,http://www.reuters.com/article/idUSFWN1F90YJ
2017-02-07,http://www.reuters.com/article/idUSFWN1FR0N6
2017-02-16,http://www.reuters.com/article/idUSFWN1G00V5
2017-03-03,http://www.reuters.com/article/brief-american-express-co-announces-new-idUSFWN1GF0Q5
2017-03-03,http://www.reuters.com/article/us-american-express-fees-idUSKBN1690FF
2017-03-03,http://www.reuters.com/article/american-express-fees-idUSL2N1GE178
2017-03-16,http://www.reuters.com/article/brief-american-express-co-reports-card-m-idUSL5N1GS5VP
2017-03-21,http://www.reuters.com/article/brief-american-express-ceo-chenaults-fy-idUSFWN1GX0S4
2017-03-23,http://www.reuters.com/article/brief-american-express-announces-new-hir-idUSFWN1GZ0DM
2017-03-28,http://www.reuters.com/article/brief-american-express-sets-regular-quar-idUSFWN1H40NK
2017-04-18,http://www.reuters.com/article/brief-american-express-preliminary-card/brief-american-express-preliminary-card-member-loans-stats-for-march-idUSL8N1HP2B9
2017-04-20,http://www.reuters.com/article/brief-american-express-reports-q1-earnin/brief-american-express-reports-q1-earnings-per-share-1-34-idUSASA09J9B
2017-05-02,http://www.reuters.com/article/brief-american-express-sets-regular-quar/brief-american-express-sets-regular-quarterly-dividend-of-0-32-per-share-idUSFWN1I30BD
2017-05-16,http://www.reuters.com/article/brief-american-express-card-member-loans/brief-american-express-card-member-loans-stats-for-april-idUSFWN1IH123
2017-06-16,http://www.reuters.com/article/brief-american-express-card-member-loans/brief-american-express-card-member-loans-stats-for-may-idUSFWN1JC0M2
2017-06-21,http://www.reuters.com/article/us-american-express-investment/american-express-invests-in-insurance-startup-next-insurance-idUSKBN19B29R
2017-06-21,http://www.reuters.com/article/american-express-investment/american-express-invests-in-insurance-startup-next-insurance-idUSL1N1JH0QR
2017-06-28,http://www.reuters.com/article/brief-american-express-checkout-rolls-ou/brief-american-express-checkout-rolls-out-to-new-merchant-partners-in-2016-and-2017-idUSFWN1JO09L
2017-06-29,http://www.reuters.com/article/brief-american-express-plans-to-buy-back/brief-american-express-plans-to-buy-back-up-to-4-4-billion-of-common-shares-through-q2-2018-idUSASA09VFX
2017-07-18,http://www.reuters.com/article/brief-american-express-reports-prelimina/brief-american-express-reports-preliminary-credit-card-statistics-for-june-idUSFWN1K80PU
2017-07-20,http://www.reuters.com/article/brief-american-express-q2-eps-147/brief-american-express-q2-eps-1-47-idUSFWN1KA0SB
2017-07-20,http://www.reuters.com/article/brief-american-express-q2-earnings-per-s/brief-american-express-q2-earnings-per-share-1-47-idUSFWN1KA0S9
2017-07-20,http://www.reuters.com/article/american-express-results/american-express-profit-dips-36-pct-idUSL3N1KA4ZM
2017-07-21,http://www.reuters.com/article/brief-american-express-open-extends-smal/brief-american-express-open-extends-small-business-co-brand-credit-card-partnership-with-lowes-idUSFWN1KB0PM
2017-07-28,http://www.reuters.com/article/brief-american-express-files-for-prelimi/brief-american-express-files-for-preliminary-prospectus-supplement-for-potential-notes-offering-idUSFWN1KI11Z
2017-08-02,http://www.reuters.com/article/brief-american-express-and-mineraltree-a/brief-american-express-and-mineraltree-announce-partnership-to-help-streamline-b2b-payments-idUSFWN1KN0LD
2017-08-16,http://www.reuters.com/article/brief-american-express-reports-credit-ca/brief-american-express-reports-credit-card-statistics-for-july-idUSFWN1L10V5
2017-08-24,http://www.reuters.com/article/us-usa-cfpb-amex/american-express-to-pay-96-million-over-discriminatory-card-terms-idUSKCN1B321E
2017-08-24,http://www.reuters.com/article/usa-cfpb-amex/update-1-american-express-to-pay-96-mln-over-discriminatory-card-terms-idUSL2N1L915E
2017-08-24,http://www.reuters.com/article/brief-american-express-says-disagrees-wi/brief-american-express-says-disagrees-with-cfpbs-review-of-discriminatory-card-terms-idUSFWN1L90GH
2017-08-24,http://www.reuters.com/article/usa-cfpb-amex/american-express-to-pay-96-mln-to-consumers-over-discriminatory-card-terms-idUSL2N1L912X
2017-08-30,http://www.reuters.com/article/american-express-cards-loans/american-express-targets-debt-leery-consumers-with-new-card-features-idUSL2N1LE14B
2017-08-30,http://www.reuters.com/article/brief-american-express-and-regal-softwar/brief-american-express-and-regal-software-offers-integration-for-accounts-payable-idUSFWN1LF0KX
2017-08-31,http://www.reuters.com/article/us-american-express-cards-loans/american-express-targets-debt-leery-consumers-with-new-card-features-idUSKCN1B92TW
2017-09-08,http://www.reuters.com/article/brief-american-express-and-delta-to-laun/brief-american-express-and-delta-to-launch-new-blue-delta-skymiles-credit-card-idUSFWN1LO0ND
2017-09-09,http://www.reuters.com/article/fitch-affirms-american-express-at-a-f1-o/fitch-affirms-american-express-at-a-f1-outlook-revised-to-stable-idUSFit9Lr6kV
2017-09-16,http://www.reuters.com/article/brief-american-express-reports-credit-ca/brief-american-express-reports-credit-card-stats-for-august-idUSFWN1LW0JB
2017-09-27,http://www.reuters.com/article/brief-american-express-board-authorizes/brief-american-express-board-authorizes-9-percent-dividend-increase-idUSASB0BKYS
2017-09-30,http://www.reuters.com/article/brief-american-express-expands-centurion/brief-american-express-expands-centurion-lounge-in-hong-kong-philadelphia-international-airports-idUSFWN1MA0FG
2017-10-03,http://www.reuters.com/article/us-american-express-lawsuit/american-express-wins-dismissal-of-lawsuit-over-lost-costco-contract-idUSKCN1C72W6
2017-10-03,http://www.reuters.com/article/american-express-lawsuit/american-express-wins-dismissal-of-lawsuit-over-lost-costco-contract-idUSL2N1MD25H
2017-10-17,http://www.reuters.com/article/us-usa-court-american-express/u-s-top-court-to-review-antitrust-claims-against-american-express-idUSKBN1CL1X6
2017-10-17,http://www.reuters.com/article/usa-court-american-express/update-2-u-s-top-court-to-review-antitrust-claims-against-american-express-idUSL2N1MR0O5
2017-10-17,http://www.reuters.com/article/brief-american-express-reports-prelimina/brief-american-express-reports-preliminary-card-member-loans-stats-for-september-idUSFWN1MR0VY
2017-10-17,http://www.reuters.com/article/usa-court-american-express/u-s-top-court-to-review-antitrust-claims-against-american-express-idUSL2N1LP27Q
2017-10-19,https://www.nytimes.com/2017/10/19/business/dealbook/ken-chenault-american-express.html
2017-10-19,http://www.reuters.com/article/brief-american-express-says-on-track-to/brief-american-express-says-on-track-to-take-1-bln-out-of-its-expense-base-conf-call-idUSFWN1MT0W6
2017-10-19,http://www.reuters.com/article/brief-american-express-names-stephen-j-s/brief-american-express-names-stephen-j-squeri-as-new-ceo-idUSASB0BNLF
2017-10-19,http://www.reuters.com/article/brief-american-express-says-qtrly-earnin/brief-american-express-says-qtrly-earnings-per-share-1-50-idUSFWN1MT0VP
2017-10-19,http://www.reuters.com/article/brief-american-express-says-fy2017-eps-g/brief-american-express-says-fy2017-eps-guidance-raised-to-5-80-5-90-idUSFWN1MT0ST
2017-10-19,http://www.reuters.com/article/brief-american-express-reports-third-qua/brief-american-express-reports-third-quarter-eps-of-1-50-idUSASB0BNKH
2017-10-25,http://www.reuters.com/article/brief-american-express-says-possible-tha/brief-american-express-says-possible-that-unrecognized-tax-benefits-could-decrease-within-next-12-months-by-as-much-as-307-mln-idUSFWN1MZ107
2017-10-25,http://www.reuters.com/article/brief-american-express-incoming-ceo-sque/brief-american-express-incoming-ceo-squeri-to-get-annual-base-salary-of-1-5-mln-sec-filing-idUSFWN1MZ0Z5
2017-10-28,http://www.reuters.com/article/brief-american-express-enters-agreement/brief-american-express-enters-agreement-for-issuance-of-notes-idUSFWN1N21UG
2017-11-01,http://www.reuters.com/article/us-citigroup-credit-sale/citigroup-expects-150-million-gain-on-sale-of-hilton-cards-to-american-express-idUSKBN1D02Y0
2017-11-01,http://www.reuters.com/article/citigroup-credit-sale/citigroup-expects-150-mln-gain-on-sale-of-hilton-cards-to-american-express-idUSL2N1N620V
