2014-01-07,http://www.reuters.com/article/2014/01/07/general-electric-capital-idUSnBw076442a+100+BSW20140107
2014-01-14,http://www.reuters.com/article/2014/01/15/or-pge-idUSnBw146811a+100+BSW20140115
2014-01-16,http://www.reuters.com/article/2014/01/16/bc-aaa-research-reports-idUSnPn8hMchN+89+PRN20140116
2014-01-17,http://www.reuters.com/article/2014/01/17/generalelectric-results-idUSWEN00C5Y20140117
2014-01-18,https://www.nytimes.com/2014/01/18/business/daily-stock-market-activity.html
2014-01-18,https://www.nytimes.com/2014/01/18/business/General-Electric-Reports-Fourth-Quarter-Earnings.html
2014-01-20,http://www.reuters.com/article/2014/01/20/zacks-bull-and-bear-idUSnPnCGl6dkT+161+PRN20140120
2014-01-31,http://www.reuters.com/article/2014/01/31/us-ge-thermofisher-eu-idUSBREA0U1DF20140131
2014-01-31,http://www.reuters.com/article/2014/01/31/ge-thermofisher-eu-idUSB5N0IC02I20140131
2014-02-12,http://www.reuters.com/article/2014/02/12/general-electric-capital-idUSnBw125961a+100+BSW20140212
2014-02-14,http://www.reuters.com/article/2014/02/14/or-pge-idUSnBw145130a+100+BSW20140214
2014-02-18,http://www.reuters.com/article/2014/02/18/us-usa-tax-ge-idUSBREA1H22M20140218
2014-02-18,http://www.reuters.com/article/2014/02/18/usa-tax-ge-idUSL2N0LN11420140218
2014-02-18,http://www.reuters.com/article/2014/02/18/general-electric-capital-idUSnBw186284a+100+BSW20140218
2014-02-19,http://www.reuters.com/article/2014/02/19/or-pge-idUSnBw196721a+100+BSW20140219
2014-02-25,http://www.reuters.com/article/2014/02/26/indonesia-press-ge-idUSL3N0LV0QG20140226
2014-03-03,http://www.reuters.com/article/2014/03/03/ca-heritage-global-idUSnBw036160a+100+BSW20140303
2014-03-03,http://www.reuters.com/article/2014/03/03/il-zacks-investment-idUSnPnCGwRfkT+169+PRN20140303
2014-03-05,http://www.reuters.com/article/2014/03/05/bc-i-idUSnPnpHN5wv+98+PRN20140305
2014-03-05,http://www.reuters.com/article/2014/03/05/zacks-analyst-blog-idUSnPnCGxyMkT+165+PRN20140305
2014-03-06,http://www.reuters.com/article/2014/03/06/gen-electric-cap-corp-idUSnBw065962a+100+BSW20140306
2014-03-14,http://www.reuters.com/article/2014/03/14/gen-electric-cap-corp-idUSnBw145658a+100+BSW20140314
2014-03-18,http://www.reuters.com/article/2014/03/18/gen-electric-capcorp-idUSnBw186423a+100+BSW20140318
2014-03-18,http://www.reuters.com/article/2014/03/18/gen-electric-cap-corp-idUSnBw186369a+100+BSW20140318
2014-03-18,http://www.reuters.com/article/2014/03/18/general-electric-capital-idUSnBw186366a+100+BSW20140318
2014-03-18,http://www.reuters.com/article/2014/03/18/gen-electric-cap-corp-idUSnBw186362a+100+BSW20140318
2014-03-18,http://www.reuters.com/article/2014/03/18/gen-electric-cap-corp-idUSnBw186359a+100+BSW20140318
2014-03-18,http://www.reuters.com/article/2014/03/18/gen-electric-cap-corp-idUSnBw186356a+100+BSW20140318
2014-03-19,http://www.reuters.com/article/2014/03/19/us-algeria-energy-idUSBREA2I1NX20140319
2014-03-19,http://www.reuters.com/article/2014/03/19/algeria-energy-idUSL6N0MG4MR20140319
2014-03-20,http://www.reuters.com/article/2014/03/20/gen-electric-capcorp-idUSnBw206136a+100+BSW20140320
2014-03-20,http://www.reuters.com/article/2014/03/20/general-elec-cap-corp-idUSnBw206134a+100+BSW20140320
2014-03-21,http://www.reuters.com/article/2014/03/21/il-zacks-investments-idUSnPn4W69Cv+92+PRN20140321
2014-03-28,http://www.reuters.com/article/2014/03/28/bc-investor-edge-idUSnPn6rwn2j+80+PRN20140328
2014-03-31,http://www.reuters.com/article/2014/03/31/bc-investor-edge-idUSnPn65GVtx+8c+PRN20140331
2014-04-04,http://www.reuters.com/article/2014/04/04/or-portland-general-idUSnBw045721a+100+BSW20140404
2014-04-04,http://www.reuters.com/article/2014/04/04/us-general-electric-ansaldo-st-idUSBREA331IE20140404
2014-04-04,http://www.reuters.com/article/2014/04/04/general-electric-ansaldo-st-idUSL5N0MW43P20140404
2014-04-05,https://www.nytimes.com/2014/04/05/business/international/us-permits-export-to-iran-of-plane-parts.html
2014-04-07,http://www.reuters.com/article/2014/04/07/general-electric-capital-idUSnBw076222a+100+BSW20140407
2014-04-09,http://www.reuters.com/article/2014/04/09/bc-es-idUSnPnK1p7W+51+PRN20140409
2014-04-15,http://www.reuters.com/article/2014/04/15/bc-analystsreviewcom-idUSnPn8MqPy9+94+PRN20140415
2014-04-17,http://www.reuters.com/article/2014/04/17/generalelectric-results-idUSWEN00CXE20140417
2014-04-18,https://www.nytimes.com/2014/04/18/business/ge-posts-strong-growth-in-industrial-business-units.html
2014-04-21,http://www.reuters.com/article/2014/04/21/bc-ie-idUSnPn5Pqznw+90+PRN20140421
2014-04-21,http://www.reuters.com/article/2014/04/21/bc-ar-idUSnPn1sdh8f+80+PRN20140421
2014-04-22,http://www.reuters.com/article/2014/04/22/bc-investor-edge-idUSnPn4YfFgm+94+PRN20140422
2014-04-22,http://www.reuters.com/article/2014/04/22/research-and-markets-idUSnBw225655a+100+BSW20140422
2014-04-27,http://www.reuters.com/article/2014/04/27/ny-spinoff-report-idUSnBw275035a+100+BSW20140427
2014-04-28,http://www.reuters.com/article/2014/04/28/research-and-markets-idUSnBw286370a+100+BSW20140428
2014-04-28,http://www.reuters.com/article/2014/04/28/bc-earnings-source-idUSnPnGqfmX+51+PRN20140428
2014-04-29,http://www.reuters.com/article/2014/04/29/or-pge-idUSnBw295554a+100+BSW20140429
2014-04-30,http://www.reuters.com/article/2014/04/30/idUSWLB0083H20140430
2014-04-30,http://www.reuters.com/article/2014/04/30/generalelectric-brief-idUSWEN00D4V20140430
2014-05-02,http://www.reuters.com/article/2014/05/02/bc-analystsreviewcom-idUSnPn8BWxC6+9a+PRN20140502
2014-05-07,http://www.reuters.com/article/2014/05/07/us-general-electric-wayne-idUSBREA4612920140507
2014-05-07,http://www.reuters.com/article/2014/05/07/general-electric-wayne-idUSL2N0NT2AV20140507
2014-05-07,http://www.reuters.com/article/2014/05/07/or-pge-idUSnBw076908a+100+BSW20140507
2014-05-07,http://www.reuters.com/article/2014/05/07/ansys-ge-collaborate-idUSnPn8hYzRX+8b+PRN20140507
2014-05-12,http://www.reuters.com/article/2014/05/12/zackscom-idUSnPn4txdWt+82+PRN20140512
2014-05-16,http://www.reuters.com/article/2014/05/16/bc-investor-edge-idUSnPn6DgcVY+93+PRN20140516
2014-05-19,http://www.reuters.com/article/2014/05/19/bc-ie-idUSnPn3KMLDF+9f+PRN20140519
2014-05-21,http://www.reuters.com/article/2014/05/21/generalelectric-brief-idUSWEN00DCB20140521
2014-05-23,https://www.nytimes.com/2014/05/23/business/international/ge-to-extend-deadline-on-bid-for-alstom-power-unit.html
2014-05-26,https://www.nytimes.com/2014/05/26/business/international/general-electric-joint-venture-in-france.html
2014-05-28,http://www.reuters.com/article/2014/05/28/idUSnGNX3KDhCZ+1db+GNW20140528
2014-06-04,http://www.reuters.com/article/2014/06/04/idUSnMKWB1RLHa+1ee+MKW20140604
2014-06-04,http://www.reuters.com/article/2014/06/04/idUSnCCN5YxRcx+1d4+MKW20140604
2014-06-04,http://www.reuters.com/article/2014/06/04/gen-electric-cap-corp-idUSnBw046037a+100+BSW20140604
2014-06-06,http://www.reuters.com/article/2014/06/06/il-zacks-investment-idUSnPn1Lfrth+90+PRN20140606
2014-06-10,http://www.reuters.com/article/2014/06/10/bc-investor-edge-idUSnPn5GvKtv+94+PRN20140610
2014-06-16,http://www.reuters.com/article/2014/06/16/il-zacks-investment-idUSnPn7xqc5k+80+PRN20140616
2014-06-18,http://www.reuters.com/article/2014/06/18/gen-electric-cap-corp-idUSnBw186133a+100+BSW20140618
2014-06-18,http://www.reuters.com/article/2014/06/18/general-electric-capital-idUSnBw186132a+100+BSW20140618
2014-06-18,http://www.reuters.com/article/2014/06/18/gen-electric-cap-corp-idUSnBw186131a+100+BSW20140618
2014-06-18,http://www.reuters.com/article/2014/06/18/gen-electric-cap-corp-idUSnBw186129a+100+BSW20140618
2014-06-19,http://www.reuters.com/article/2014/06/19/gen-electric-capcorp-idUSnBw196326a+100+BSW20140619
2014-06-19,http://www.reuters.com/article/2014/06/19/general-elec-cap-corp-idUSnBw196322a+100+BSW20140619
2014-06-19,http://www.reuters.com/article/2014/06/19/us-alstom-offer-general-electric-idUSKBN0EU1KN20140619
2014-06-19,http://www.reuters.com/article/2014/06/19/alstom-offer-general-electric-idUSWEB00OLP20140619
2014-06-19,http://www.reuters.com/news/video/videoStory?storyID=88132678
2014-06-21,http://www.reuters.com/article/2014/06/21/idUSnHUGSNs6Ya+1f2+ONE20140621
2014-06-26,http://www.reuters.com/article/2014/06/26/in-ge-idUSnBw266065a+100+BSW20140626
2014-06-27,http://www.reuters.com/article/2014/06/27/il-zacks-investment-idUSnPn6CxQJv+96+PRN20140627
2014-06-30,http://www.reuters.com/article/2014/06/30/il-zacks-investments-idUSnPnmCMgQ+4d+PRN20140630
2014-07-01,http://www.reuters.com/article/2014/07/01/il-zacks-investment-idUSnPn9Lvwrx+90+PRN20140701
2014-07-02,http://www.reuters.com/article/2014/07/02/or-portland-general-idUSnBw026077a+100+BSW20140702
2014-07-02,http://www.reuters.com/article/2014/07/02/il-zacks-genelectric-idUSnPn4DYTS5+9e+PRN20140702
2014-07-07,http://www.reuters.com/article/2014/07/07/general-electric-capital-idUSnBw075755a+100+BSW20140707
2014-07-10,http://www.reuters.com/article/2014/07/10/us-general-electric-engines-idUSKBN0FF1UR20140710
2014-07-10,http://www.reuters.com/article/2014/07/10/general-electric-engines-idUSL2N0PL1A720140710
2014-07-10,http://www.reuters.com/article/2014/07/10/general-electric-engines-idUSL2N0PL17020140710
2014-07-11,http://www.reuters.com/article/2014/07/11/gen-electric-cap-corp-idUSnBw115544a+100+BSW20140711
2014-07-15,http://www.reuters.com/article/2014/07/15/bc-investor-edge-idUSnPn8bYlCv+8a+PRN20140715
2014-07-18,http://www.reuters.com/article/2014/07/18/generalelectric-results-idUSWEN00DLK20140718
2014-07-22,http://www.reuters.com/article/2014/07/22/zacks-equity-research-idUSnPn5877gN+81+PRN20140722
2014-07-24,http://www.reuters.com/article/2014/07/24/or-portland-general-idUSnBw246461a+100+BSW20140724
2014-07-25,http://www.reuters.com/article/2014/07/25/il-zacks-investment-idUSnPn12Bmlt+88+PRN20140725
2014-07-29,http://www.reuters.com/article/2014/07/29/or-portland-general-idUSnBw295270a+100+BSW20140729
2014-07-30,http://www.reuters.com/article/2014/07/30/research-and-markets-idUSnBw305550a+100+BSW20140730
2014-08-01,http://www.reuters.com/article/2014/08/01/il-zacks-silica-idUSnPn7Zd7Wb+92+PRN20140801
2014-08-08,http://www.reuters.com/article/2014/08/08/bc-analysts-review-idUSnPn6RPLTZ+9f+PRN20140808
2014-08-27,http://www.reuters.com/article/2014/08/26/il-zacks-investment-idUSnPn8710fR+81+PRN20140826
2014-08-27,http://www.reuters.com/article/2014/08/26/il-zacks-investments-idUSnPn38dw1Y+81+PRN20140826
2014-08-28,http://www.reuters.com/article/2014/08/27/bc-analystsreviewcom-idUSnPn3trPcm+84+PRN20140827
2014-09-03,http://www.reuters.com/article/2014/09/02/il-zacks-analyst-blog-idUSnPn9QmVjV+95+PRN20140902
2014-09-05,http://www.reuters.com/article/2014/09/04/gen-electric-cap-corp-idUSnBw045938a+100+BSW20140904
2014-09-10,http://www.reuters.com/article/2014/09/09/gen-electric-cap-corp-idUSnBw096213a+100+BSW20140909
2014-09-10,http://www.reuters.com/article/2014/09/09/ma-medimaps-group-idUSnBw095180a+100+BSW20140909
2014-09-16,http://www.reuters.com/article/2014/09/15/bc-investor-edge-idUSnPnTfvnC+51+PRN20140915
2014-09-19,http://www.reuters.com/article/2014/09/18/gen-electric-cap-corp-idUSnBw185954a+100+BSW20140918
2014-09-19,http://www.reuters.com/article/2014/09/18/general-electric-capital-idUSnBw185950a+100+BSW20140918
2014-09-19,http://www.reuters.com/article/2014/09/18/gen-electric-cap-corp-idUSnBw185947a+100+BSW20140918
2014-09-19,http://www.reuters.com/article/2014/09/18/gen-electric-cap-corp-idUSnBw185942a+100+BSW20140918
2014-09-19,http://www.reuters.com/article/2014/09/18/gen-electric-cap-corp-idUSnBw185937a+100+BSW20140918
2014-09-23,http://www.reuters.com/article/2014/09/22/bc-analysts-review-idUSnPn1ykY6y+84+PRN20140922
2014-09-24,http://www.reuters.com/article/2014/09/23/research-and-markets-idUSnBw235371a+100+BSW20140923
2014-09-25,http://www.reuters.com/article/2014/09/24/research-and-markets-idUSnBw245312a+100+BSW20140924
2014-09-26,http://www.reuters.com/article/2014/09/25/gen-electric-capcorp-idUSnBw255871a+100+BSW20140925
2014-09-27,http://www.reuters.com/article/2014/09/26/or-portland-general-idUSnBw265524a+100+BSW20140926
2014-10-01,http://www.reuters.com/article/2014/09/30/bc-analysts-review-idUSnPn9X0M7Q+95+PRN20140930
2014-10-03,http://www.reuters.com/article/2014/10/02/zacks-equity-research-idUSnPn2XC0vX+99+PRN20141002
2014-10-08,http://www.reuters.com/article/2014/10/07/general-electric-capital-idUSnBw076251a+100+BSW20141007
2014-10-11,http://www.reuters.com/article/2014/10/10/bc-analysts-review-idUSnPn6ZmMLw+96+PRN20141010
2014-10-14,http://www.reuters.com/article/2014/10/13/il-zacksinvestment-idUSnPn2R9DmG+95+PRN20141013
2014-10-15,http://www.reuters.com/article/2014/10/14/il-zacks-ge-idUSnPnWB4gK+59+PRN20141014
2014-10-17,http://www.reuters.com/article/2014/10/16/ca-load-dynamix-idUSnBw165250a+100+BSW20141016
2014-10-18,https://www.nytimes.com/2014/10/18/business/ge-profit-rises-11-in-third-quarter.html
2014-10-18,http://www.reuters.com/article/2014/10/17/generalelectric-results-idUSWEN00E3420141017
2014-10-24,http://www.reuters.com/article/2014/10/23/or-portland-general-idUSnBw236658a+100+BSW20141023
2014-10-28,http://www.reuters.com/article/2014/10/27/zacks-analyst-blog-idUSnPnblbpHT+83+PRN20141027
2014-10-29,http://www.reuters.com/article/2014/10/28/or-portland-general-idUSnBw285352a+100+BSW20141028
2014-10-31,http://www.reuters.com/article/2014/10/30/idUSnGNX5nJKCs+1ce+GNW20141030
2014-11-06,http://www.reuters.com/article/2014/11/05/idUSnHUG2cmWkd+1c4+ONE20141105
2014-11-14,http://www.reuters.com/article/2014/11/13/idUSnMKW2GFZda+1dc+MKW20141113
2014-11-21,http://www.reuters.com/article/2014/11/20/bc-investor-edge-idUSnPnb0j8s2+80+PRN20141120
2014-11-24,https://www.nytimes.com/2014/11/24/business/international/leading-by-honing-the-ability-to-influence.html
2014-11-29,http://www.reuters.com/article/2014/11/28/research-and-markets-idUSnBw285426a+100+BSW20141128
2014-12-05,http://www.reuters.com/article/2014/12/04/gen-electric-cap-corp-idUSnBw046033a+100+BSW20141204
2014-12-10,http://www.reuters.com/article/2014/12/09/gen-electric-cap-corp-idUSnBw096236a+100+BSW20141209
2014-12-16,http://www.reuters.com/article/2014/12/16/cambodia-press-general-electric-idUSL3N0U01JK20141216
2014-12-16,http://www.reuters.com/article/2014/12/15/il-zacks-analystblog-idUSnPnbDh4fD+91+PRN20141215
2014-12-16,http://www.reuters.com/article/2014/12/15/wordlogic-corporation-idUSnBw155111a+100+BSW20141215
2014-12-20,http://www.reuters.com/article/2014/12/19/idUSnHUG68Ty6C+1c9+ONE20141219
2014-12-23,http://www.reuters.com/article/2014/12/22/gen-electric-cap-corp-idUSnBw225780a+100+BSW20141222
2014-12-23,http://www.reuters.com/article/2014/12/22/gen-electric-capcorp-idUSnBw225778a+100+BSW20141222
2014-12-23,http://www.reuters.com/article/2014/12/22/general-electric-capital-idUSnBw225776a+100+BSW20141222
2014-12-23,http://www.reuters.com/article/2014/12/22/gen-electric-cap-corp-idUSnBw225775a+100+BSW20141222
2014-12-23,http://www.reuters.com/article/2014/12/22/gen-electric-cap-corp-idUSnBw225772a+100+BSW20141222
2014-12-23,http://www.reuters.com/article/2014/12/22/gen-electric-cap-corp-idUSnBw225771a+100+BSW20141222
2015-01-06,http://www.reuters.com/article/2015/01/05/bc-investor-edge-idUSnPn1z8Hlf+84+PRN20150105
2015-01-08,http://www.reuters.com/article/2015/01/07/general-electric-capital-idUSnBw075989a+100+BSW20150107
2015-01-16,http://www.reuters.com/article/2015/01/15/research-and-markets-idUSnBw155215a+100+BSW20150115
2015-01-17,http://www.reuters.com/article/2015/01/17/or-portland-general-idUSnBw165995a+100+BSW20150117
2015-01-17,http://www.reuters.com/article/2015/01/16/research-and-markets-idUSnBw165774a+100+BSW20150116
2015-01-19,https://www.nytimes.com/2015/01/19/business/international/economic-data-from-china-and-stimulus-from-the-ecb.html
2015-01-28,http://www.reuters.com/article/2015/01/27/general-electric-ghana-idUSL6N0V64BY20150127
2015-01-28,http://www.reuters.com/article/2015/01/27/general-electric-ghana-idUSL6N0V648320150127
2015-02-03,http://www.reuters.com/article/2015/02/02/us-general-electric-oil-idUSKBN0L62D920150202
2015-02-03,http://www.reuters.com/article/2015/02/02/general-electric-oil-idUSL1N0VC2DP20150202
2015-02-03,http://www.reuters.com/article/2015/02/02/research-and-markets-idUSnBw025368a+100+BSW20150202
2015-02-05,http://www.reuters.com/article/2015/02/04/research-and-markets-idUSnBw046060a+100+BSW20150204
2015-02-07,http://www.reuters.com/article/2015/02/06/bc-investor-edge-idUSnPn4GkJlm+94+PRN20150206
2015-02-12,http://www.reuters.com/article/2015/02/11/us-general-electric-proxy-idUSKBN0LF2FE20150211
2015-02-12,http://www.reuters.com/article/2015/02/11/general-electric-proxy-idUSL1N0VL2P020150211
2015-02-12,http://www.reuters.com/article/2015/02/11/general-electric-proxy-idUSL1N0VL2NV20150211
2015-02-14,http://www.reuters.com/article/2015/02/13/or-portland-general-idUSnBw135102a+100+BSW20150213
2015-02-15,https://www.nytimes.com/2015/02/15/business/yourtaxes/another-reason-to-detest-tax-season.html
2015-02-19,http://www.reuters.com/article/2015/02/18/or-pge-idUSnBw186659a+100+BSW20150218
2015-02-20,http://www.reuters.com/article/2015/02/19/cpsc-ge-civil-penalty-idUSnPn3cWrWy+8a+PRN20150219
2015-02-24,https://www.nytimes.com/2015/02/24/business/dealbook/ge-alstom-deal-raises-concerns-among-european-authorities.html
2015-03-04,http://www.reuters.com/article/2015/03/03/transdata-ge-patent-idUSnPn7c2P8p+84+PRN20150303
2015-03-06,http://www.reuters.com/article/2015/03/05/gen-electric-cap-corp-idUSnBw056208a+100+BSW20150305
2015-03-12,http://www.reuters.com/article/2015/03/11/general-electric-powerstation-idUSL1N0WC17U20150311
2015-03-18,https://www.nytimes.com/2015/03/18/business/dealbook/if-only-ge-had-an-activist-investor-who-cared.html
2015-03-19,http://www.reuters.com/article/2015/03/18/gen-electric-cap-corp-idUSnBw186044a+100+BSW20150318
2015-03-19,http://www.reuters.com/article/2015/03/18/gen-electric-capcorp-idUSnBw186041a+100+BSW20150318
2015-03-19,http://www.reuters.com/article/2015/03/18/general-electric-capital-idUSnBw186036a+100+BSW20150318
2015-03-19,http://www.reuters.com/article/2015/03/18/gen-electric-cap-corp-idUSnBw186028a+100+BSW20150318
2015-03-19,http://www.reuters.com/article/2015/03/18/gen-electric-cap-corp-idUSnBw186022a+100+BSW20150318
2015-03-19,http://www.reuters.com/article/2015/03/18/gen-electric-cap-corp-idUSnBw186017a+100+BSW20150318
2015-03-19,http://www.reuters.com/article/2015/03/18/bc-analysts-review-idUSnPnb8fpX6+82+PRN20150318
2015-03-25,http://www.reuters.com/article/2015/03/25/transdata-ge-patent-idUSnPn9qBbjL+89+PRN20150325
2015-03-26,http://www.reuters.com/article/2015/03/25/transdata-ge-patent-idUSnPn9qBbjL+89+PRN20150325
2015-03-27,http://www.reuters.com/article/2015/03/26/or-pge-idUSnBw265003a+100+BSW20150326
2015-04-08,http://www.reuters.com/article/2015/04/07/general-electric-capital-idUSnBw076098a+100+BSW20150407
2015-04-11,https://www.nytimes.com/2015/04/11/business/dealbook/do-it-all-era-ending-as-ge-returns-to-core.html
2015-04-11,https://www.nytimes.com/2015/04/11/business/dealbook/longtime-ge-advisers-tapped-again-for-plum-assignment.html
2015-04-11,https://www.nytimes.com/2015/04/11/business/dealbook/ges-move-is-enticing-to-banks-but-hard-to-copy.html
2015-04-11,http://www.reuters.com/article/2015/04/10/research-and-markets-idUSnBw105193a+100+BSW20150410
2015-04-14,https://www.nytimes.com/2015/04/14/business/general-electric-planning-television-series-covering-science-and-tech.html
2015-04-14,https://www.nytimes.com/2015/04/14/business/dealbook/general-electrics-days-as-wall-streets-golden-goose-may-be-numbered.html
2015-04-18,https://www.nytimes.com/2015/04/18/business/general-electric-q1-earnings.html
2015-04-18,http://www.reuters.com/article/2015/04/17/bc-analysts-review-idUSnPn1DcYR2+96+PRN20150417
2015-04-23,https://www.nytimes.com/2015/04/23/business/energy-environment/survey-says-companies-not-meeting-minerals-rule.html
2015-04-23,http://www.reuters.com/article/2015/04/22/bc-analysts-review-idUSnPnD2Dt2+54+PRN20150422
2015-04-29,http://www.reuters.com/article/2015/04/28/research-and-markets-idUSnBw285565a+100+BSW20150428
2015-04-29,http://www.reuters.com/article/2015/04/28/or-pge-idUSnBw285312a+100+BSW20150428
2015-05-07,http://www.reuters.com/article/2015/05/07/or-portland-general-idUSnBw066917a+100+BSW20150507
2015-05-09,http://www.reuters.com/article/2015/05/08/bc-analysts-review-idUSnPn6tmDD2+86+PRN20150508
2015-05-14,http://www.reuters.com/article/2015/05/13/bc-analysts-review-idUSnPn9ZWmQy+9a+PRN20150513
2015-05-29,http://www.reuters.com/article/2015/05/28/us-gecapital-interbanca-idUSKBN0OD2MV20150528
2015-05-29,http://www.reuters.com/article/2015/05/28/gecapital-interbanca-idUSL5N0YJ57V20150528
2015-05-29,http://www.reuters.com/article/2015/05/28/research-and-markets-idUSnBw286217a+100+BSW20150528
2015-06-05,http://www.reuters.com/article/2015/06/04/gen-electric-cap-corp-idUSnBw045900a+100+BSW20150604
2015-06-08,https://www.nytimes.com/2015/06/08/business/dealbook/ge-nears-deal-on-major-step-in-retreat-from-banking.html
2015-06-10,http://www.reuters.com/article/2015/06/09/research-and-markets-idUSnBw096417a+100+BSW20150609
2015-06-10,http://www.reuters.com/article/2015/06/09/research-and-markets-idUSnBw095779a+100+BSW20150609
2015-06-19,http://www.reuters.com/article/2015/06/18/idUSnGNX2z2t9j+1c0+GNW20150618
2015-06-19,http://www.reuters.com/article/2015/06/18/gen-electric-cap-corp-idUSnBw185985a+100+BSW20150618
2015-06-19,http://www.reuters.com/article/2015/06/18/gen-electric-capcorp-idUSnBw185984a+100+BSW20150618
2015-06-19,http://www.reuters.com/article/2015/06/18/general-electric-capital-idUSnBw185981a+100+BSW20150618
2015-06-19,http://www.reuters.com/article/2015/06/18/gen-electric-cap-corp-idUSnBw185978a+100+BSW20150618
2015-06-19,http://www.reuters.com/article/2015/06/18/gen-electric-cap-corp-idUSnBw185977a+100+BSW20150618
2015-06-19,http://www.reuters.com/article/2015/06/18/gen-electric-cap-corp-idUSnBw185976a+100+BSW20150618
2015-06-19,http://www.reuters.com/article/2015/06/18/asbl-ge-contract-data-idUSnPn6WbM7w+94+PRN20150618
2015-06-26,http://www.reuters.com/article/2015/06/25/or-pge-idUSnBw255007a+100+BSW20150625
2015-07-02,http://www.reuters.com/article/2015/07/01/research-and-markets-idUSnBw015586a+100+BSW20150701
2015-07-08,http://www.reuters.com/article/general-electric-capital-idUSnBw076075a+100+BSW20150707
2015-07-18,https://www.nytimes.com/2015/07/18/business/ge-q2-earnings.html
2015-07-18,http://www.reuters.com/article/general-electric-results-idUSL2N0ZX09U20150717
2015-07-24,http://www.reuters.com/article/or-pge-idUSnBw236673a+100+BSW20150724
2015-07-24,http://www.reuters.com/article/research-and-markets-idUSnBw236388a+100+BSW20150723
2015-07-24,http://www.reuters.com/article/research-and-markets-idUSnBw236357a+100+BSW20150723
2015-07-24,http://www.reuters.com/article/research-and-markets-idUSnBw236337a+100+BSW20150723
2015-07-24,http://www.reuters.com/article/bc-aci-association-idUSnPn9Jr9Vh+92+PRN20150723
2015-07-27,http://www.reuters.com/article/us-general-electric-energy-storage-idUSKCN0Q00FS20150726
2015-07-27,http://www.reuters.com/article/general-electric-energy-storage-idUSL1N0ZM2DU20150726
2015-07-28,http://www.reuters.com/article/idUSnHUG7VZ48b+1d8+ONE20150727
2015-07-29,http://www.reuters.com/article/or-portland-general-idUSnBw285555a+100+BSW20150728
2015-08-05,http://www.reuters.com/article/research-and-markets-idUSnBw046358a+100+BSW20150804
2015-08-12,https://www.nytimes.com/2015/08/12/business/dealbook/ge-continues-sell-off-with-health-care-lending-business.html
2015-08-12,http://www.reuters.com/article/bc-aci-association-idUSnPn2BZ2xZ+99+PRN20150811
2015-08-14,https://www.nytimes.com/2015/08/14/business/dealbook/goldman-expands-retail-banking-by-taking-on-ge-capitals-deposits.html
2015-09-02,https://www.nytimes.com/2015/09/02/business/dealbook/ge-capital-buyers-narrowed-to-sankaty-lone-star-hna.html
2015-09-02,http://www.reuters.com/article/us-general-electric-comstock-idUSKCN0R148920150901
2015-09-02,http://www.reuters.com/article/general-electric-comstock-idUSL1N11712L20150901
2015-09-05,http://www.reuters.com/article/gen-electric-cap-corp-idUSnBw045598a+100+BSW20150904
2015-09-09,https://www.nytimes.com/2015/09/09/business/international/ge-alstom-deal-europe-regulators.html
2015-09-09,http://www.reuters.com/article/idUSnHUG4W2gv6+1d0+ONE20150908
2015-09-11,http://www.reuters.com/article/idUSnMKWwdNbKa+1ca+MKW20150910
2015-09-11,http://www.reuters.com/article/idUSnCCN75XzwF+1c9+MKW20150910
2015-09-11,http://www.reuters.com/article/research-and-markets-idUSnBw106033a+100+BSW20150910
2015-09-15,http://www.reuters.com/article/bc-aci-association-idUSnPnwZS9Y+4d+PRN20150914
2015-09-16,https://www.nytimes.com/2015/09/16/business/economy/export-import-bank-general-electric-boeing.html
2015-09-17,http://www.reuters.com/article/transdata-patentsuit-idUSnPn371LTC+87+PRN20150916
2015-09-18,http://www.reuters.com/article/gen-electric-cap-corp-idUSnBw176016a+100+BSW20150917
2015-09-18,http://www.reuters.com/article/gen-electric-capcorp-idUSnBw176013a+100+BSW20150917
2015-09-18,http://www.reuters.com/article/general-electric-capital-idUSnBw176012a+100+BSW20150917
2015-09-18,http://www.reuters.com/article/gen-electric-cap-corp-idUSnBw176010a+100+BSW20150917
2015-09-18,http://www.reuters.com/article/gen-electric-cap-corp-idUSnBw176006a+100+BSW20150917
2015-09-19,http://www.reuters.com/article/idUSnMKWsPlMna+1d4+MKW20150919
2015-09-19,http://www.reuters.com/article/idUSnCCN82LzrL+1c9+MKW20150919
2015-09-19,http://www.reuters.com/article/gen-electric-cap-corp-idUSnBw185649a+100+BSW20150918
2015-09-19,http://www.reuters.com/article/bc-equity-research-insti-idUSnPn7j0q3j+80+PRN20150918
2015-09-25,http://www.reuters.com/article/gen-electric-capcorp-idUSnBw246112a+100+BSW20150924
2015-09-29,http://www.reuters.com/article/bankbph-ma-pzu-idUSW8N11L00I20150928
2015-09-30,http://www.reuters.com/article/us-general-electric-digital-idUSKCN0RT2KD20150929
2015-09-30,http://www.reuters.com/article/general-electric-digital-idUSL1N11Z2MR20150929
2015-09-30,http://www.reuters.com/article/general-electric-digital-idUSL1N11Z26520150929
2015-09-30,http://www.reuters.com/article/bc-aci-association-idUSnPnpYSx+26+PRN20150929
2015-10-03,http://www.reuters.com/article/us-ge-podcasts-idUSKCN0RW1CD20151002
2015-10-03,http://www.reuters.com/article/ge-podcasts-idUSL1N11Y1D120151002
2015-10-03,http://www.reuters.com/article/research-and-markets-idUSnBw025205a+100+BSW20151002
2015-10-06,https://www.nytimes.com/2015/10/06/business/dealbook/nelson-peltzs-trian-takes-big-stake-in-general-electric.html
2015-10-06,http://www.reuters.com/article/us-general-electric-stake-idUSKCN0RZ0HY20151005
2015-10-06,http://www.reuters.com/article/general-electric-stake-idUSL3N12533L20151005
2015-10-07,http://www.reuters.com/article/or-portland-general-idUSnBw066986a+100+BSW20151006
2015-10-09,http://www.reuters.com/article/general-electric-capital-idUSnBw085549a+100+BSW20151008
2015-10-17,https://www.nytimes.com/2015/10/17/business/daily-stock-market-activity.html
2015-10-20,http://www.reuters.com/article/probe-acq-geheat-idUSnPn8F12c1+90+PRN20151019
2015-10-23,http://www.reuters.com/article/or-portland-general-idUSnBw226681a+100+BSW20151022
2015-10-28,http://www.reuters.com/article/or-portland-general-idUSnBw275579a+100+BSW20151027
2015-11-11,http://www.reuters.com/article/idUSnCCN98Chlv+1c8+MKW20151110
2015-11-11,http://www.reuters.com/article/idUSnMKWkS50sa+1d0+MKW20151110
2015-11-13,http://www.reuters.com/article/research-and-markets-idUSnBw126054a+100+BSW20151112
2015-11-24,http://www.reuters.com/article/idUSnMKW5jwlYa+1c2+MKW20151123
2015-11-24,http://www.reuters.com/article/idUSnCCN6qdcvR+1c1+MKW20151123
2015-11-26,http://www.reuters.com/article/ca-flatiron-solutions-idUSnBw245340a+100+BSW20151125
2015-12-02,http://www.reuters.com/article/idUSnMKWHb6b3a+1e0+MKW20151201
2015-12-02,http://www.reuters.com/article/idUSnCCN6KkdT9+1d2+MKW20151201
2015-12-04,https://www.nytimes.com/2015/12/04/business/ge-finance-credit-mutuel.html
2015-12-05,http://www.reuters.com/article/gen-electric-cap-corp-idUSnBw045636a+100+BSW20151204
2015-12-08,https://www.nytimes.com/2015/12/08/business/dealbook/ge-electrolux-appliances.html
2015-12-12,http://www.reuters.com/article/research-and-markets-idUSnBw115756a+100+BSW20151211
2015-12-12,http://www.reuters.com/article/research-and-markets-idUSnBw115731a+100+BSW20151211
2015-12-12,http://www.reuters.com/article/research-and-markets-idUSnBw115721a+100+BSW20151211
2015-12-15,http://www.reuters.com/article/us-ge-valuation-idUSKBN0TX2F020151214
2015-12-15,http://www.reuters.com/article/ge-valuation-idUSL1N13Z2PD20151214
2015-12-16,https://www.nytimes.com/2015/12/16/business/dealbook/general-electric-to-sell-commercial-lending-business-in-japan.html
2015-12-17,https://www.nytimes.com/2015/12/17/business/ge-expects-growth-in-its-earnings-in-an-uncertain-2016.html
2015-12-17,http://www.reuters.com/article/usa-ge-idUSL8N1454ZF20151216
2015-12-18,http://www.reuters.com/article/gen-electric-cap-corp-idUSnBw176106a+100+BSW20151217
2015-12-18,http://www.reuters.com/article/gen-electric-capcorp-idUSnBw176103a+100+BSW20151217
2015-12-18,http://www.reuters.com/article/general-electric-capital-idUSnBw176101a+100+BSW20151217
2015-12-18,http://www.reuters.com/article/gen-electric-cap-corp-idUSnBw176097a+100+BSW20151217
2015-12-18,http://www.reuters.com/article/gen-electric-cap-corp-idUSnBw176093a+100+BSW20151217
2015-12-19,http://www.reuters.com/article/gen-electric-cap-corp-idUSnBw185680a+100+BSW20151218
2015-12-19,http://www.reuters.com/article/idUSnHUG93hCXK+1c7+ONE20151218
2015-12-21,http://www.reuters.com/article/us-ge-headquarters-idUSKBN0U404Y20151221
2015-12-21,http://www.reuters.com/article/ge-headquarters-idUSL1N14A01A20151221
2016-01-07,https://www.nytimes.com/2016/01/07/business/global-brands-taking-cue-from-tinkerers-explore-crowdfunding.html
2016-01-14,http://www.reuters.com/article/usa-ge-headquarters-idUSL2N14X1DF20160113
2016-01-23,http://www.reuters.com/article/general-electric-results-idUSL3N1544YA
2016-01-29,http://www.reuters.com/article/idUSFWN15B05J
2016-01-30,http://www.reuters.com/article/us-ge-italy-idUSKCN0V71LA
2016-01-30,http://www.reuters.com/article/ge-italy-idUSL8N15D379
2016-02-01,http://www.reuters.com/article/us-ge-italy-idUSKCN0V90XX
2016-02-01,http://www.reuters.com/article/ge-italy-idUSL8N15F0RZ
2016-03-31,https://www.nytimes.com/2016/03/31/business/dealbook/state-street-to-buy-ges-asset-management-business.html
2016-04-01,https://www.nytimes.com/2016/04/01/business/dealbook/ge-asks-for-removal-of-too-big-to-fail-label-from-ge-capital.html
2016-04-26,https://www.nytimes.com/2016/04/26/business/dealbook/ge-money-bank-ipo.html
2016-04-28,http://www.reuters.com/article/idUSASC08M15
2016-04-30,http://www.reuters.com/article/idUSASD08G6F
2016-05-07,http://www.reuters.com/article/idUSFWN18310H
2016-05-19,http://www.reuters.com/article/us-ge-outlook-idUSKCN0Y929Y
2016-05-19,http://www.reuters.com/article/ge-outlook-idUSL2N18F165
2016-05-19,http://www.reuters.com/article/ge-outlook-idUSL2N18F0ZS
2016-06-04,http://www.reuters.com/article/idUSASC08SLD
2016-06-10,http://www.reuters.com/article/idUSFWN19102K
2016-06-19,https://www.nytimes.com/2016/06/19/business/granting-permission-to-try-something-new.html
2016-06-24,https://www.nytimes.com/2016/06/24/business/dealbook/cerberus-offers-to-buy-ges-french-consumer-finance-business.html
2016-06-28,http://www.reuters.com/article/idUSFWN19J0SZ
2016-06-30,https://www.nytimes.com/2016/06/30/business/dealbook/general-electric-wins-ok-to-shed-too-big-to-fail-label.html
2016-07-01,http://www.reuters.com/article/us-general-electric-pentagon-idUSKCN0ZG340
2016-07-01,http://www.reuters.com/article/general-electric-pentagon-idUSW1N191021
2016-07-07,https://www.nytimes.com/2016/07/07/business/stanley-gault-who-led-rubbermaid-and-goodyear-dies-at-90.html
2016-07-20,http://www.reuters.com/article/ge-china-idUSB9N1A200P
2016-07-21,http://www.reuters.com/article/us-ge-internet-idUSKCN10004A
2016-08-02,https://www.nytimes.com/2016/08/02/business/economy/why-corporate-america-is-leaving-the-suburbs-for-the-city.html
2016-08-03,http://www.reuters.com/article/idUSFWN1AJ0Q9
2016-08-03,http://www.reuters.com/article/idUSFit969164
2016-08-09,http://www.reuters.com/article/idUSFWN1AP0OM
2016-08-19,http://www.reuters.com/article/idUSFWN1AZ0NK
2016-08-23,http://www.reuters.com/article/us-areva-m-a-adwen-idUSKCN10X1R7
2016-08-23,http://www.reuters.com/article/areva-ma-adwen-idUSL8N1B33MA
2016-08-29,https://www.nytimes.com/2016/08/29/business/dealbook/silicon-valley-ge-federal-reserve.html
2016-08-31,http://www.reuters.com/article/idUSFWN1BB0C9
2016-08-31,http://www.reuters.com/article/idUSFWN1BB07Z
2016-09-02,http://www.reuters.com/article/idUSFWN1BD0G0
2016-09-07,http://www.reuters.com/article/idUSFWN1BI0H3
2016-09-07,http://www.reuters.com/article/slm-solutions-ma-ge-idUSFWN1BI044
2016-09-20,http://www.reuters.com/article/idUSFWN1BV0E4
2016-10-04,http://www.reuters.com/article/us-nigeria-economy-idUSKCN1231LX
2016-10-04,http://www.reuters.com/article/nigeria-economy-idUSL5N1C941X
2016-10-12,http://www.reuters.com/article/idUSFWN1CH0K4
2016-10-20,http://www.reuters.com/article/idUSFWN1CP0UV
2016-10-21,https://www.nytimes.com/2016/10/22/business/stock-markets.html
2016-10-28,https://www.nytimes.com/2016/10/29/business/dealbook/baker-hughes-could-be-a-good-fit-for-general-electric.html
2016-10-28,http://www.reuters.com/article/us-generalelectric-brazil-exclusive-idUSKCN12R0ME
2016-10-29,http://www.reuters.com/article/idUSASC09E2Q
2016-10-31,https://www.nytimes.com/2016/11/01/business/dealbook/general-electrics-baker-hughes-deal-sets-precedent-for-others.html
2016-10-31,https://www.nytimes.com/2016/11/01/business/stock-markets.html
2016-10-31,https://www.nytimes.com/2016/11/01/business/dealbook/general-electric-baker-hughes-oil-energy.html
2016-11-10,http://www.reuters.com/article/idUSFWN1DA166
2016-11-10,http://www.reuters.com/article/idUSFWN1DA091
2016-11-16,http://www.reuters.com/article/us-general-electric-bp-idUSKBN13A2DP
2016-11-16,http://www.reuters.com/article/general-electric-bp-idUSL1N1DF21I
2016-11-16,http://www.reuters.com/article/idUSFWN1DG0OU
2017-01-21,http://www.reuters.com/article/idUSL4N1FA42U
2017-01-21,http://www.reuters.com/article/idUSL4N1FA3YG
2017-01-26,http://www.reuters.com/article/us-ge-nba-sponsorship-idUSKBN1592CJ
2017-01-26,http://www.reuters.com/article/ge-nba-sponsorship-idUSL1N1FF14I
2017-02-14,http://www.reuters.com/article/idUSFWN1FY0F3
2017-03-07,http://www.reuters.com/article/brief-south-africas-competition-commissi-idUSFWN1GJ0NP
2017-03-08,https://www.nytimes.com/2017/03/08/business/dealbook/suez-canada-ge-water.html
2017-03-09,http://www.reuters.com/article/brief-general-electrics-cfo-jeff-bornste-idUSFWN1GL0V8
2017-03-21,http://www.reuters.com/article/brief-general-electric-says-to-further-i-idUSFWN1GX0F4
2017-03-25,http://www.reuters.com/article/brief-general-electric-says-co-and-saraw-idUSFWN1H10BX
2017-03-29,http://www.reuters.com/article/brief-general-electrics-power-services-s-idUSFWN1H50I4
2017-03-31,http://www.reuters.com/article/brief-general-electric-ceo-jeff-immelt-s-idUSFWN1H70WK
2017-03-31,http://www.reuters.com/article/brief-general-electric-says-ge-capital-e-idUSFWN1H70JB
2017-04-22,http://www.reuters.com/article/us-ge-m-a-industrialsolutions/abb-schneider-electric-bid-for-general-electric-unit-sources-idUSKBN17N25F
2017-04-22,http://www.reuters.com/article/ge-ma-industrialsolutions/abb-schneider-electric-bid-for-general-electric-unit-sources-idUSL1N1HT0V8
2017-04-22,http://www.reuters.com/article/brief-general-electric-says-challenges-c/brief-general-electric-says-challenges-continue-in-resource-sector-idUSFWN1HT0B7
2017-04-22,http://www.reuters.com/article/brief-general-electric-reports-q1-contin/brief-general-electric-reports-q1-continuing-operations-eps-of-0-10-idUSFWN1HR0SH
2017-04-27,http://www.reuters.com/article/brief-portland-general-electric-increase/brief-portland-general-electric-increases-dividend-idUSFWN1HY19H
2017-04-28,http://www.reuters.com/article/brief-general-electric-says-awarded-cont/brief-general-electric-says-awarded-contract-with-toshiba-plant-system-services-corp-idUSFWN1HZ12O
2017-04-29,http://www.reuters.com/article/us-usa-defense-ge/general-electric-wins-670-million-aircraft-engine-maintenance-contract-pentagon-idUSKBN17U2Y7
2017-04-29,http://www.reuters.com/article/usa-defense-ge/general-electric-wins-670-mln-aircraft-engine-maintenance-contract-pentagon-idUSL1N1I029I
2017-04-29,http://www.reuters.com/article/brief-portland-general-electric-says-q1/brief-portland-general-electric-says-q1-earnings-per-share-0-82-idUSASA09L8W
2017-05-03,http://www.reuters.com/article/brief-general-electric-gets-an-order-fro/brief-general-electric-gets-an-order-from-ae-energia-idUSFWN1I40FA
2017-05-11,http://www.reuters.com/article/boeing-737max-engine/general-electric-says-engine-issue-grounds-boeing-737-max-flights-idUSL1N1IC1N5
2017-05-11,http://www.reuters.com/article/generalelectric-nigeria/update-1-nigeria-to-start-general-electric-railway-talks-minister-idUSL8N1IC6GX
2017-05-11,http://www.reuters.com/article/generalelectric-nigeria/nigeria-to-start-talks-with-general-electric-over-railway-contract-minister-idUSL8N1IC6CX
2017-05-12,http://www.reuters.com/article/us-general-electric-mexico/general-electric-wins-mexico-deal-for-two-gigawatt-power-projects-idUSKBN18802Q
2017-05-12,http://www.reuters.com/article/general-electric-mexico/general-electric-wins-mexico-deal-for-2-gigawatt-power-projects-idUSL1N1IE019
2017-05-14,https://www.nytimes.com/2017/05/14/business/china-one-belt-one-road-us-companies.html
2017-05-20,http://www.reuters.com/article/us-ge-plant-nigeria/general-electric-to-launch-service-plant-for-power-turbines-in-nigeria-idUSKCN18E26S
2017-05-20,http://www.reuters.com/article/ge-plant-nigeria/corrected-general-electric-to-launch-service-plant-for-power-turbines-in-nigeria-idUSL8N1II4PZ
2017-05-25,http://www.reuters.com/article/us-saudi-industry-general-electric/general-electric-signs-1-billion-riyal-deal-to-build-gas-turbines-in-saudi-arabia-idUSKBN18K10C
2017-05-25,http://www.reuters.com/article/saudi-industry-general-electric/general-electric-signs-1-bln-riyal-deal-to-build-gas-turbines-in-saudi-arabia-idUSL8N1IQ2AE
2017-06-12,https://www.nytimes.com/2017/06/12/business/dealbook/ge-ceo-flannery-immelt.html
2017-06-12,https://www.nytimes.com/2017/06/12/business/ge-immelt.html
2017-06-13,https://www.nytimes.com/2017/06/12/business/general-electric-history-of-innovation.html
2017-06-13,http://www.reuters.com/article/brief-general-electric-co-says-in-connec/brief-general-electric-co-says-in-connection-with-his-promotion-to-ceo-john-flannerys-salary-increased-to-2-million-idUSFWN1J90H6
2017-06-13,http://www.reuters.com/article/brief-general-electric-says-kieran-murph/brief-general-electric-says-kieran-murphy-appointed-ceo-of-ge-healthcare-succeeding-john-flannery-idUSASA09TG8
2017-06-14,https://www.nytimes.com/2017/06/13/business/ge-breakup-flannery.html
2017-06-14,http://www.reuters.com/article/brief-accc-wont-oppose-acquisition-of-ba/brief-accc-wont-oppose-acquisition-of-baker-hughes-inc-by-general-electric-co-idUSFWN1JA01A
2017-06-21,http://www.reuters.com/article/brief-general-electric-signs-services-ag/brief-general-electric-signs-services-agreement-with-jordans-samra-electric-power-company-idUSFWN1JH0KH
2017-06-21,http://www.reuters.com/article/brief-general-electric-says-west-atlanti/brief-general-electric-says-west-atlantic-to-lease-four-737-800-boeing-converted-freighters-from-ge-capital-idUSFWN1JH0EK
2017-07-18,http://www.reuters.com/article/brief-general-electric-says-iraq-ministr/brief-general-electric-says-iraq-ministry-of-oil-baker-hughes-a-ge-company-sign-contract-for-ngl-plant-solution-for-flare-gas-recovery-idUSFWN1K80RV
2017-07-19,http://www.reuters.com/article/brief-general-electric-maersk-drilling-e/brief-general-electric-maersk-drilling-extend-scope-of-digital-partnership-idUSFWN1K90M8
2017-07-20,http://www.reuters.com/article/us-general-electric-pentagon/general-electric-awarded-contract-worth-up-to-409-million-pentagon-idUSKBN1A42JQ
2017-07-20,http://www.reuters.com/article/general-electric-pentagon/general-electric-awarded-contract-worth-up-to-409-mln-pentagon-idUSW1N1J9024
2017-07-20,http://www.reuters.com/article/brief-general-electric-announces-agreeme/brief-general-electric-announces-agreement-with-pt-pembangkitan-jawa-bali-idUSFWN1KA0FF
2017-07-22,http://www.reuters.com/article/brief-general-electric-sees-2017-operati/brief-general-electric-sees-2017-operating-eps-1-60-1-70-idUSFWN1KC0EB
2017-07-22,http://www.reuters.com/article/brief-general-electric-reports-q2-contin/brief-general-electric-reports-q2-continuing-operations-eps-of-0-15-idUSFWN1KC0B9
2017-07-29,http://www.reuters.com/article/brief-portland-general-electric-says-ceo/brief-portland-general-electric-says-ceo-to-retire-idUSASB0BBLI
2017-07-29,http://www.reuters.com/article/brief-portland-general-electric-q2-earni/brief-portland-general-electric-q2-earnings-per-share-0-36-sec-filing-idUSFWN1KJ0GY
2017-08-03,http://www.reuters.com/article/brief-vestas-says-intends-to-fight-gener/brief-vestas-says-intends-to-fight-general-electrics-patent-complaint-idUSFWN1KO0SK
2017-08-04,http://www.reuters.com/article/brief-portland-general-electric-signs-bo/brief-portland-general-electric-signs-bond-purchase-agreement-with-certain-institutional-buyers-idUSFWN1KP1AW
2017-08-11,http://www.reuters.com/article/us-ge-ceo-stock/general-electrics-new-ceo-places-2-7-million-bet-on-companys-future-idUSKBN1AQ2QG
2017-08-11,http://www.reuters.com/article/ge-ceo-stock/general-electrics-new-ceo-places-2-7-mln-bet-on-companys-future-idUSL1N1KW2HG
2017-08-11,http://www.reuters.com/article/brief-general-electric-co-says-amit-kuma/brief-general-electric-co-says-amit-kumar-has-been-promoted-to-vice-president-idUSFWN1KW0WV
2017-08-24,http://www.reuters.com/article/brief-general-electric-director-james-ti/brief-general-electric-director-james-tisch-reports-purchase-of-100000-shares-of-cos-common-stock-at-24-56-idUSFWN1L90PH
2017-08-25,http://www.reuters.com/article/brief-miracle-automation-engineerings-un/brief-miracle-automation-engineerings-unit-in-supply-agreement-with-general-electric-idUSL4N1LA3MW
2017-09-21,http://www.reuters.com/article/brief-general-electric-to-shut-down-its/brief-general-electric-to-shut-down-its-corporate-jet-fleet-wsj-idUSFWN1M10PZ
2017-09-23,http://www.reuters.com/article/brief-general-electric-said-to-near-indu/brief-general-electric-said-to-near-industrial-solutions-unit-sale-to-abb-bloomberg-idUSFWN1M3091
2017-09-25,https://www.nytimes.com/2017/09/25/business/dealbook/general-electric-abb.html
2017-10-03,http://www.reuters.com/article/brief-baker-hughes-a-ge-co-says-entered/brief-baker-hughes-a-ge-co-says-entered-amendment-to-stockholders-agreement-between-co-and-general-electric-idUSFWN1MD0R3
2017-10-03,http://www.reuters.com/article/brief-general-electric-says-in-connectio/brief-general-electric-says-in-connection-with-jeffrey-immelts-retirement-board-decreased-its-size-idUSFWN1MD0UV
2017-10-03,http://www.reuters.com/article/brief-general-electric-co-says-commercia/brief-general-electric-co-says-commercial-operation-has-been-achieved-for-chubu-electric-power-co-incs-nishi-nagoya-power-plant-block-1-in-japan-idUSFWN1MD0H6
2017-10-21,http://www.reuters.com/article/brief-general-electric-co-results-press/brief-general-electric-co-results-press-release-idUSL4N1MV3DR
2017-10-23,https://www.nytimes.com/2017/10/23/business/dealbook/the-dow-jones-without-ge-its-possible.html
2017-10-28,http://www.reuters.com/article/brief-portland-general-electric-reports/brief-portland-general-electric-reports-q3-eps-of-0-44-idUSASB0BPBU
