2014-01-06,http://www.reuters.com/article/2014/01/06/zacks-analyst-blog-idUSnPnCGh1YkT+165+PRN20140106
2014-01-06,http://www.reuters.com/article/2014/01/06/bc-analysts-corner-idUSnPn7znghn+80+PRN20140106
2014-01-07,http://www.reuters.com/article/2014/01/07/us-jpmorgan-marketing-idUSBREA061A720140107
2014-01-07,http://www.reuters.com/article/2014/01/07/us-jpmorgan-marketing-idUSBREA0617S20140107
2014-01-07,http://www.reuters.com/article/2014/01/07/jpmorgan-marketing-idUSL2N0KH21120140107
2014-01-07,http://www.reuters.com/article/2014/01/07/ny-picard-blmis-settlmnt-idUSnBw076710a+100+BSW20140107
2014-01-07,http://www.reuters.com/article/2014/01/07/sipc-jpmorgan-reax-idUSnPnDChzXvX+165+PRN20140107
2014-01-07,http://www.reuters.com/article/2014/01/07/ny-jpmorgan-chase-idUSnBw076386a+100+BSW20140107
2014-01-07,http://www.reuters.com/article/2014/01/07/jpmorganchase-brief-idUSWEN00BZB20140107
2014-01-08,http://www.reuters.com/article/2014/01/08/jpmorganchase-brief-idUSWEN00C0N20140108
2014-01-09,http://www.reuters.com/article/2014/01/09/us-jpmorgan-cards-prepaid-idUSBREA080XM20140109
2014-01-09,http://www.reuters.com/article/2014/01/09/jpmorgan-cards-prepaid-idUSL2N0KJ1I520140109
2014-01-09,http://www.reuters.com/article/2014/01/09/jpmorgan-cards-prepaid-idUSL2N0KJ1AT20140109
2014-01-09,http://www.reuters.com/article/2014/01/09/il-zacksinvestment-idUSnPnCGj5MkT+165+PRN20140109
2014-01-10,https://www.nytimes.com/2014/01/10/business/madoffs-trail-lost-in-a-blizzard-of-paper.html
2014-01-13,https://www.nytimes.com/2014/01/13/business/economic-reports-for-the-week-of-jan-13.html
2014-01-14,http://www.reuters.com/article/2014/01/14/ny-fitch-ratings-jpm-idUSnBw146549a+100+BSW20140114
2014-01-14,http://www.reuters.com/article/2014/01/14/fitch-jpmorgan-chase-results-largely-as-idUSFit68392520140114
2014-01-14,http://www.reuters.com/article/2014/01/14/j-p-morgan-chase-idUSnBw145835a+100+BSW20140114
2014-01-14,http://www.reuters.com/article/2014/01/14/ny-jpmorgan-chase-idUSnBw145806a+100+BSW20140114
2014-01-15,http://www.reuters.com/article/2014/01/15/j-p-morgan-chase-idUSnBw155884a+100+BSW20140115
2014-01-15,http://www.reuters.com/article/2014/01/15/ny-jpmorgan-chase-idUSnBw155883a+100+BSW20140115
2014-01-16,http://www.reuters.com/article/2014/01/16/idUSnMKW2cHtJa+1ca+MKW20140116
2014-01-22,http://www.reuters.com/article/2014/01/22/ny-fir-tree-partners-idUSnPnNElC0fs+168+PRN20140122
2014-01-27,http://www.reuters.com/article/2014/01/27/zacks-equity-research-idUSnPnCGmzpkT+161+PRN20140127
2014-01-28,http://www.reuters.com/article/2014/01/28/j-p-morgan-chase-idUSnBw285172a+100+BSW20140128
2014-01-28,http://www.reuters.com/article/2014/01/28/ny-jpmorgan-chase-co-idUSnBw285168a+100+BSW20140128
2014-01-29,http://www.reuters.com/article/2014/01/29/jpmorgan-chase-co-idUSnBw296171a+100+BSW20140129
2014-01-29,http://www.reuters.com/article/2014/01/29/j-p-morgan-chase-idUSnBw295887a+100+BSW20140129
2014-01-29,http://www.reuters.com/article/2014/01/29/ny-jpmorgan-chase-idUSnBw295885a+100+BSW20140129
2014-01-31,http://www.reuters.com/article/2014/01/31/j-p-morgan-chase-idUSnBw315675a+100+BSW20140131
2014-01-31,http://www.reuters.com/article/2014/01/31/ny-jpmorgan-chase-idUSnBw315662a+100+BSW20140131
2014-02-01,https://www.nytimes.com/2014/02/01/business/accounting-for-jamie-dimons-big-pay-raise.html
2014-02-04,http://www.reuters.com/article/2014/02/05/ny-fir-tree-partners-idUSnPnNEpXtNg+16a+PRN20140205
2014-02-04,http://www.reuters.com/article/2014/02/05/ny-jpmorgan-chase-idUSnBw046921a+100+BSW20140205
2014-02-05,https://www.nytimes.com/2014/02/05/business/economy/lenders-see-write-off-while-underwater-homeowners-face-stiff-taxes.html
2014-02-06,http://www.reuters.com/article/2014/02/06/zacks-equity-research-idUSnPnCGqjVkT+165+PRN20140206
2014-02-12,http://www.reuters.com/article/2014/02/12/ny-fir-tree-partners-idUSnPnNErs2jv+160+PRN20140212
2014-02-13,http://www.reuters.com/article/2014/02/13/il-zacks-investments-idUSnPnCGrXrkT+169+PRN20140213
2014-02-18,http://www.reuters.com/article/2014/02/18/j-p-morgan-chase-idUSnBw186191a+100+BSW20140218
2014-02-18,http://www.reuters.com/article/2014/02/18/ny-jpmorgan-chase-idUSnBw186182a+100+BSW20140218
2014-02-18,http://www.reuters.com/article/2014/02/18/hongkong-banker-idUSL3N0LN3PT20140218
2014-02-19,http://www.reuters.com/article/2014/02/19/ny-jpmorgan-chase-idUSnBw196336a+100+BSW20140219
2014-02-20,http://www.reuters.com/article/2014/02/21/ny-jpmorgan-chase-idUSnBw206636a+100+BSW20140221
2014-02-21,http://www.reuters.com/article/2014/02/21/j-p-morgan-chase-idUSnBw215579a+100+BSW20140221
2014-02-21,http://www.reuters.com/article/2014/02/21/ny-jpmorgan-chase-idUSnBw215574a+100+BSW20140221
2014-02-21,http://www.reuters.com/article/2014/02/21/j-p-morgan-chase-idUSnBw206660a+100+BSW20140221
2014-02-24,http://www.reuters.com/article/2014/02/24/zacks-analyst-blog-idUSnPnCGv0NkT+165+PRN20140224
2014-02-25,http://www.reuters.com/article/2014/02/25/jpmorganchase-brief-idUSWEN00CM820140225
2014-02-25,http://www.reuters.com/article/2014/02/25/jpmorganchase-brief-idUSWEN00CM620140225
2014-02-25,http://www.reuters.com/article/2014/02/25/jpmorganchase-brief-idUSWEN00CM220140225
2014-02-26,https://www.nytimes.com/2014/02/26/business/17-brokerage-firms-agree-to-end-analysis-previews.html
2014-02-26,http://www.reuters.com/article/2014/02/26/jpmorgan-chase-co-idUSnBw266026a+100+BSW20140226
2014-02-27,http://www.reuters.com/article/2014/02/27/research-and-markets-idUSnBw276400a+100+BSW20140227
2014-02-27,http://www.reuters.com/article/2014/02/27/il-zacks-investments-idUSnPnCGw8rkT+161+PRN20140227
2014-03-02,https://www.nytimes.com/2014/03/02/business/break-up-the-bank-its-not-for-you-to-ask.html
2014-03-06,http://www.reuters.com/article/2014/03/06/bc-investor-edge-idUSnPnpMwqhn+90+PRN20140306
2014-03-13,http://www.reuters.com/article/2014/03/13/ny-fitch-ratings-jpmorgn-idUSnBw136459a+100+BSW20140313
2014-03-13,http://www.reuters.com/article/2014/03/13/bergermontague-jpm-idUSnPnDCzL7yL+169+PRN20140313
2014-03-14,http://www.reuters.com/article/2014/03/14/j-p-morgan-chase-idUSnBw145525a+100+BSW20140314
2014-03-14,http://www.reuters.com/article/2014/03/14/ny-jpmorgan-chase-idUSnBw145522a+100+BSW20140314
2014-03-17,http://www.reuters.com/article/2014/03/17/il-zacks-investment-idUSnPn1CV4Gs+9a+PRN20140317
2014-03-18,http://www.reuters.com/article/2014/03/18/j-p-morgan-chase-idUSnBw186267a+100+BSW20140318
2014-03-18,http://www.reuters.com/article/2014/03/18/ny-jpmorgan-chase-idUSnBw186258a+100+BSW20140318
2014-03-20,http://www.reuters.com/article/2014/03/20/ny-jpmorgan-chase-idUSnBw206515a+100+BSW20140320
2014-03-20,http://www.reuters.com/article/2014/03/20/bc-ar-idUSnPnlFwJx+4a+PRN20140320
2014-03-21,http://www.reuters.com/article/2014/03/21/il-zacks-investments-idUSnPn8Wf98G+91+PRN20140321
2014-03-21,http://www.reuters.com/article/2014/03/21/j-p-morgan-chase-idUSnBw215055a+100+BSW20140321
2014-03-24,http://www.reuters.com/article/2014/03/24/zacks-analyst-blog-idUSnPn6F9TC8+96+PRN20140324
2014-03-26,http://www.reuters.com/article/2014/03/26/ny-jpmorgan-chase-idUSnBw266482a+100+BSW20140326
2014-03-26,http://www.reuters.com/article/2014/03/26/ny-fitch-ratings-jp-idUSnBw266422a+100+BSW20140326
2014-03-26,http://www.reuters.com/article/2014/03/26/fitch-affirms-jpmorgan-chases-ratings-at-idUSFit69483520140326
2014-03-27,http://www.reuters.com/article/2014/03/27/jpmorgan-chase-co-idUSnBw276056a+100+BSW20140327
2014-03-27,http://www.reuters.com/article/2014/03/27/j-p-morgan-chase-idUSnBw275178a+100+BSW20140327
2014-03-28,http://www.reuters.com/article/2014/03/28/bc-investor-edgecom-idUSnPn5cxYvS+85+PRN20140328
2014-03-31,http://www.reuters.com/article/2014/03/31/zacks-analyst-blog-idUSnPnbQvzLk+92+PRN20140331
2014-04-02,http://www.reuters.com/article/2014/04/02/bc-ar-idUSnPnbH8n8W+91+PRN20140402
2014-04-03,http://www.reuters.com/article/2014/04/03/ny-chase-idUSnBw036140a+100+BSW20140403
2014-04-07,https://www.nytimes.com/2014/04/07/business/sac-capital-plea-and-jpmorgan-earnings.html
2014-04-07,http://www.reuters.com/article/2014/04/07/zacks-analyst-blog-idUSnPn97R0rg+88+PRN20140407
2014-04-07,http://www.reuters.com/article/2014/04/07/jpmorgan-chase-idUSnBw075806a+100+BSW20140407
2014-04-07,http://www.reuters.com/article/2014/04/07/bc-analysts-review-idUSnPn5HPWCt+9e+PRN20140407
2014-04-09,http://www.reuters.com/article/2014/04/09/il-zacks-investment-idUSnPn8Zh2FQ+93+PRN20140409
2014-04-11,http://www.reuters.com/article/2014/04/11/j-p-morgan-chase-idUSnBw115249a+100+BSW20140411
2014-04-11,http://www.reuters.com/article/2014/04/11/ny-jpmorgan-chase-idUSnBw115237a+100+BSW20140411
2014-04-12,https://www.nytimes.com/2014/04/12/business/daily-stock-market-activity.html
2014-04-15,http://www.reuters.com/article/2014/04/15/ny-jpmorgan-chase-idUSnBw156290a+100+BSW20140415
2014-04-15,http://www.reuters.com/article/2014/04/15/bc-analysts-review-idUSnPn2WL9Zj+9a+PRN20140415
2014-04-16,http://www.reuters.com/article/2014/04/16/il-zacks-investment-idUSnPn7FqYzN+95+PRN20140416
2014-04-16,http://www.reuters.com/article/2014/04/16/j-p-morgan-chase-idUSnBw156309a+100+BSW20140416
2014-04-22,http://www.reuters.com/article/2014/04/22/bc-investor-edge-idUSnPn27kkKr+82+PRN20140422
2014-04-23,http://www.reuters.com/article/2014/04/23/bc-analystsreviewcom-idUSnPn4GsKgx+94+PRN20140423
2014-04-29,http://www.reuters.com/article/2014/04/29/j-p-morgan-chase-idUSnBw295598a+100+BSW20140429
2014-04-29,http://www.reuters.com/article/2014/04/29/va-jpmorgan-chase-idUSnBw295577a+100+BSW20140429
2014-04-29,http://www.reuters.com/article/2014/04/29/jpmorgan-chase-co-idUSnBw295931a+100+BSW20140429
2014-04-30,http://www.reuters.com/article/2014/04/30/ny-jpmorgan-chase-idUSnBw305282a+100+BSW20140430
2014-05-01,http://www.reuters.com/article/2014/05/01/bc-analystsreviewcom-idUSnPn5Qj3yF+91+PRN20140501
2014-05-06,http://www.reuters.com/article/2014/05/06/il-zacks-investment-idUSnPn9h8rHQ+83+PRN20140506
2014-05-08,http://www.reuters.com/article/2014/05/08/il-zacks-investment-idUSnPn1zDj8d+88+PRN20140508
2014-05-08,http://www.reuters.com/article/2014/05/08/idUSnMKW83x8wa+1c0+MKW20140508
2014-05-12,http://www.reuters.com/article/2014/05/12/zackscom-idUSnPn4txdWt+82+PRN20140512
2014-05-12,http://www.reuters.com/article/2014/05/12/il-zacks-investments-idUSnPn4F4khn+90+PRN20140512
2014-05-12,http://www.reuters.com/article/2014/05/12/jp-morgan-chase-idUSnBw125377a+100+BSW20140512
2014-05-12,http://www.reuters.com/article/2014/05/12/ny-jpmorgan-chase-idUSnBw125375a+100+BSW20140512
2014-05-13,http://www.reuters.com/article/2014/05/13/ny-jpmorgan-chase-idUSnBw136550a+100+BSW20140513
2014-05-13,http://www.reuters.com/article/2014/05/13/j-p-morgan-chase-idUSnBw136530a+100+BSW20140513
2014-05-13,http://www.reuters.com/article/2014/05/13/ny-jp-morgan-chase-idUSnBw136529a+100+BSW20140513
2014-05-14,http://www.reuters.com/article/2014/05/14/j-p-morgan-chase-idUSnBw136773a+100+BSW20140514
2014-05-15,http://www.reuters.com/article/2014/05/15/bc-investor-edge-idUSnPn9LtdDx+92+PRN20140515
2014-05-16,http://www.reuters.com/article/2014/05/16/j-p-morgan-chase-idUSnBw165577a+100+BSW20140516
2014-05-16,http://www.reuters.com/article/2014/05/16/ny-jpmorgan-chase-idUSnBw165573a+100+BSW20140516
2014-05-16,http://www.reuters.com/article/2014/05/16/bc-analystsreviewcom-idUSnPn9xl3d3+80+PRN20140516
2014-05-19,http://www.reuters.com/article/2014/05/19/ny-jpmorgan-chase-idUSnBw196586a+100+BSW20140519
2014-05-20,http://www.reuters.com/article/2014/05/20/ny-jpmorgan-chase-idUSnBw206642a+100+BSW20140520
2014-05-20,http://www.reuters.com/article/2014/05/20/us-jpmorgan-chase-bettermarkets-lawsuit-idUSBREA4J0OE20140520
2014-05-20,http://www.reuters.com/article/2014/05/20/jpmorgan-chase-bettermarkets-lawsuit-idUSL1N0O60PP20140520
2014-05-20,http://www.reuters.com/article/2014/05/20/us-jpmorgan-chase-shareholders-idUSBREA4J0KB20140520
2014-05-20,http://www.reuters.com/article/2014/05/20/jpmorgan-chase-shareholders-idUSL1N0O60WX20140520
2014-05-20,http://www.reuters.com/article/2014/05/20/jpmorgan-chase-shareholders-idUSL1N0O60PV20140520
2014-05-21,http://www.reuters.com/article/2014/05/21/us-usa-detroit-chase-idUSBREA4K0NF20140521
2014-05-21,http://www.reuters.com/article/2014/05/21/usa-detroit-chase-idUSL1N0O70TF20140521
2014-05-21,http://www.reuters.com/article/2014/05/21/zacks-equity-research-idUSnPn7Q8S6H+95+PRN20140521
2014-05-21,http://www.reuters.com/article/2014/05/21/mi-jpmorgan-idUSnBw215333a+100+BSW20140521
2014-05-21,http://www.reuters.com/article/2014/05/21/j-p-morgan-chase-idUSnBw206651a+100+BSW20140521
2014-05-22,http://www.reuters.com/article/2014/05/22/ny-jpmorgan-chase-idUSnBw226329a+100+BSW20140522
2014-05-23,http://www.reuters.com/article/2014/05/23/j-p-morgan-chase-idUSnBw226345a+100+BSW20140523
2014-05-27,http://www.reuters.com/article/2014/05/27/ny-fitch-ratings-jupiter-idUSnBw276332a+100+BSW20140527
2014-05-28,http://www.reuters.com/article/2014/05/28/jpmorgan-chase-co-idUSnBw286254a+100+BSW20140528
2014-05-28,http://www.reuters.com/article/2014/05/28/il-zacks-investment-idUSnPn1dpGrD+85+PRN20140528
2014-05-28,http://www.reuters.com/article/2014/05/28/bc-analystsreviewcom-idUSnPn4l41tQ+81+PRN20140528
2014-05-29,http://www.reuters.com/article/2014/05/29/ny-jpmorgan-chase-co-idUSnBw295915a+100+BSW20140529
2014-05-29,http://www.reuters.com/article/2014/05/29/j-p-morgan-chase-idUSnBw295878a+100+BSW20140529
2014-05-29,http://www.reuters.com/article/2014/05/29/ny-jpmorgan-chase-idUSnBw295870a+100+BSW20140529
2014-05-29,http://www.reuters.com/article/2014/05/29/il-zacks-investment-idUSnPn13nFj7+84+PRN20140529
2014-05-29,http://www.reuters.com/article/2014/05/29/bc-ar-idUSnPn5b8fRf+82+PRN20140529
2014-05-30,http://www.reuters.com/article/2014/05/30/jpmorganchase-brief-idUSWEN00DDY20140530
2014-06-05,http://www.reuters.com/article/2014/06/05/bc-investor-edgecom-idUSnPn8Z3pgv+90+PRN20140605
2014-06-05,http://www.reuters.com/article/2014/06/05/bc-analystsreview-idUSnPn4gGLMv+8e+PRN20140605
2014-06-09,http://www.reuters.com/article/2014/06/09/il-zacks-investment-idUSnPn6P20Sv+92+PRN20140609
2014-06-11,http://www.reuters.com/article/2014/06/11/ny-jpmorgan-chase-co-idUSnBw116425a+100+BSW20140611
2014-06-12,http://www.reuters.com/article/2014/06/12/j-p-morgan-chase-idUSnBw116439a+100+BSW20140612
2014-06-16,http://www.reuters.com/article/2014/06/16/varianmedicalsystems-idUSnPn6XC2Kp+9a+PRN20140616
2014-06-18,http://www.reuters.com/article/2014/06/18/il-jpmorgan-chase-idUSnBw186447a+100+BSW20140618
2014-06-18,http://www.reuters.com/article/2014/06/18/bc-analystsreviewcom-idUSnPn2y6QyQ+85+PRN20140618
2014-06-23,http://www.reuters.com/article/2014/06/23/ny-jpmorgan-idUSnBw235477a+100+BSW20140623
2014-06-24,http://www.reuters.com/article/2014/06/24/ny-jpmorgan-chase-idUSnBw246798a+100+BSW20140624
2014-06-25,http://www.reuters.com/article/2014/06/25/j-p-morgan-chase-idUSnBw246841a+100+BSW20140625
2014-06-30,http://www.reuters.com/article/2014/06/30/jpmorgan-chase-co-idUSnBw306179a+100+BSW20140630
2014-07-01,http://www.reuters.com/article/2014/07/01/ny-jpmorgan-chase-idUSnBw016632a+100+BSW20140701
2014-07-01,http://www.reuters.com/article/2014/07/01/ny-jpmorgan-chase-idUSnBw016483a+100+BSW20140701
2014-07-01,http://www.reuters.com/article/2014/07/01/idUSnGNX5jcmLx+1c2+GNW20140701
2014-07-02,http://www.reuters.com/article/2014/07/02/zacks-analyst-blog-idUSnPn4y3g7Z+81+PRN20140702
2014-07-02,http://www.reuters.com/article/2014/07/02/j-p-morgan-chase-idUSnBw016518a+100+BSW20140702
2014-07-07,http://www.reuters.com/article/2014/07/07/il-zacks-analyst-blog-idUSnPn9PBHRg+9e+PRN20140707
2014-07-07,http://www.reuters.com/article/2014/07/07/bc-investor-edgecom-idUSnPn1LWhM2+9a+PRN20140707
2014-07-07,http://www.reuters.com/article/2014/07/07/bc-analysts-review-idUSnPn7nFlFv+8a+PRN20140707
2014-07-08,http://www.reuters.com/article/2014/07/08/il-zacks-bull-n-bear-idUSnPn2XptpP+91+PRN20140708
2014-07-10,http://www.reuters.com/article/2014/07/11/us-jpmorgan-chase-executives-idUSKBN0FG02F20140711
2014-07-10,http://www.reuters.com/article/2014/07/11/jpmorgan-chase-executives-idUSL4N0PM02Y20140711
2014-07-10,http://www.reuters.com/article/2014/07/10/capimpact-detroitloan-idUSnPn29sWBv+86+PRN20140710
2014-07-10,http://www.reuters.com/article/2014/07/10/mi-jpmorgan-chase-idUSnBw105252a+100+BSW20140710
2014-07-10,http://www.reuters.com/article/2014/07/10/mi-jpmorgan-chase-idUSnBw105147a+100+BSW20140710
2014-07-11,http://www.reuters.com/article/2014/07/11/il-zacks-investment-idUSnPn2892jH+81+PRN20140711
2014-07-11,http://www.reuters.com/article/2014/07/11/il-zacks-southwest-idUSnPnbLG800+98+PRN20140711
2014-07-15,http://www.reuters.com/article/2014/07/15/ny-jpmorgan-chase-idUSnBw156490a+100+BSW20140715
2014-07-15,http://www.reuters.com/article/2014/07/15/il-zacks-analyst-blog-idUSnPn7kCGbh+8c+PRN20140715
2014-07-15,http://www.reuters.com/article/2014/07/15/jpmorganchase-brief-idUSWEN00DJU20140715
2014-07-15,http://www.reuters.com/article/2014/07/15/j-p-morgan-chase-idUSnBw155848a+100+BSW20140715
2014-07-15,http://www.reuters.com/article/2014/07/15/ny-jpmorgan-chase-idUSnBw155801a+100+BSW20140715
2014-07-15,http://www.reuters.com/article/2014/07/15/bc-analysts-review-idUSnPn5SwPvG+95+PRN20140715
2014-07-16,http://www.reuters.com/article/2014/07/16/j-p-morgan-chase-idUSnBw156518a+100+BSW20140716
2014-07-18,http://www.reuters.com/article/2014/07/18/jpmorgan-chase-co-idUSnBw176284a+100+BSW20140718
2014-07-21,http://www.reuters.com/article/2014/07/21/bc-analysts-review-idUSnPn7KbBtn+94+PRN20140721
2014-07-22,http://www.reuters.com/article/2014/07/22/il-zacks-analyst-blog-idUSnPnbxmTZx+86+PRN20140722
2014-07-22,http://www.reuters.com/article/2014/07/22/dc-jpmorgan-idUSnBw225566a+100+BSW20140722
2014-07-23,http://www.reuters.com/article/2014/07/23/idUSnGNX3clhXV+1c3+GNW20140723
2014-07-28,http://www.reuters.com/article/2014/07/28/ny-jpmorgan-idUSnBw286026a+100+BSW20140728
2014-07-28,http://www.reuters.com/article/2014/07/28/zacks-equity-research-idUSnPn4xfnds+80+PRN20140728
2014-07-29,http://www.reuters.com/article/2014/07/29/jpmorgan-chase-co-idUSnBw296282a+100+BSW20140729
2014-07-29,http://www.reuters.com/article/2014/07/29/zacks-analyst-blog-idUSnPn8pbWCW+87+PRN20140729
2014-07-29,http://www.reuters.com/article/2014/07/29/j-p-morgan-chase-idUSnBw286027a+100+BSW20140729
2014-08-05,http://www.reuters.com/article/2014/08/05/zacks-investment-idUSnPn5RGfDs+9a+PRN20140805
2014-08-08,http://www.reuters.com/article/2014/08/08/zacks-investment-idUSnPn2481c8+80+PRN20140808
2014-08-08,http://www.reuters.com/article/2014/08/08/il-zacks-investment-idUSnPn52L8gG+89+PRN20140808
2014-08-11,http://www.reuters.com/article/2014/08/11/ny-jpmorgan-chase-idUSnBw116114a+100+BSW20140811
2014-08-11,http://www.reuters.com/article/2014/08/11/bc-investor-edge-idUSnPn5S28Cy+92+PRN20140811
2014-08-12,http://www.reuters.com/article/2014/08/12/il-zacks-bankofamer-idUSnPn51MYgq+8c+PRN20140812
2014-08-12,http://www.reuters.com/article/2014/08/12/j-p-morgan-chase-idUSnBw116143a+100+BSW20140812
2014-08-13,http://www.reuters.com/article/2014/08/12/il-zacks-bankofamer-idUSnPn51MYgq+8c+PRN20140812
2014-08-13,http://www.reuters.com/article/2014/08/12/j-p-morgan-chase-idUSnBw116143a+100+BSW20140812
2014-08-19,http://www.reuters.com/article/2014/08/18/zacks-analyst-blog-idUSnPn4hML05+8c+PRN20140818
2014-08-20,http://www.reuters.com/article/2014/08/19/zacks-blog-idUSnPn5038NK+83+PRN20140819
2014-08-21,http://www.reuters.com/article/2014/08/20/ny-jpmorgan-chase-idUSnBw206135a+100+BSW20140820
2014-08-21,http://www.reuters.com/article/2014/08/20/oh-education-at-work-idUSnBw205728a+100+BSW20140820
2014-08-23,http://www.reuters.com/article/2014/08/22/j-p-morgan-chase-idUSnBw225447a+100+BSW20140822
2014-08-23,http://www.reuters.com/article/2014/08/22/ny-jpmorgan-chase-idUSnBw225431a+100+BSW20140822
2014-08-26,http://www.reuters.com/article/2014/08/25/ny-chase-idUSnBw255201a+100+BSW20140825
2014-08-26,http://www.reuters.com/article/2014/08/25/zacks-blog-idUSnPn5N5kTn+92+PRN20140825
2014-08-28,http://www.reuters.com/article/2014/08/27/jpmorgan-chase-co-idUSnBw275928a+100+BSW20140827
2014-08-28,http://www.reuters.com/article/2014/08/27/il-zacks-investment-idUSnPnzf7KV+43+PRN20140827
2014-08-29,http://www.reuters.com/news/video/videoStory?storyID=93165774
2014-08-30,http://www.reuters.com/article/2014/08/29/zacks-blog-idUSnPn9WGpvW+99+PRN20140829
2014-09-04,http://www.reuters.com/article/2014/09/03/il-zacksinvestment-idUSnPn5vBPSJ+8f+PRN20140903
2014-09-06,http://www.reuters.com/article/2014/09/05/il-zacks-analyst-blog-idUSnPn6dzqVS+83+PRN20140905
2014-09-10,http://www.reuters.com/article/2014/09/09/il-zacks-investment-idUSnPn4tktXY+83+PRN20140909
2014-09-12,http://www.reuters.com/article/2014/09/11/il-zacks-investment-idUSnPn9zH0Kd+8a+PRN20140911
2014-09-12,http://www.reuters.com/article/2014/09/11/bc-investor-edge-idUSnPn9kJYLJ+8f+PRN20140911
2014-09-13,http://www.reuters.com/article/2014/09/12/ny-jpmorgan-chase-idUSnBw125826a+100+BSW20140912
2014-09-16,http://www.reuters.com/article/2014/09/15/ny-jpmorgan-chase-idUSnBw156583a+100+BSW20140915
2014-09-16,http://www.reuters.com/article/2014/09/15/il-zacksinvestment-idUSnPn3zVTHH+8f+PRN20140915
2014-09-16,http://www.reuters.com/article/2014/09/15/j-p-morgan-chase-idUSnBw145010a+100+BSW20140915
2014-09-17,http://www.reuters.com/article/2014/09/16/j-p-morgan-chase-idUSnBw166303a+100+BSW20140916
2014-09-17,http://www.reuters.com/article/2014/09/16/ny-jpmorgan-chase-idUSnBw166297a+100+BSW20140916
2014-09-17,http://www.reuters.com/article/2014/09/16/j-p-morgan-chase-idUSnBw165245a+100+BSW20140916
2014-09-17,http://www.reuters.com/article/2014/09/16/mi-jpmorgan-chase-idUSnBw165223a+100+BSW20140916
2014-09-17,http://www.reuters.com/article/2014/09/16/j-p-morgan-chase-idUSnBw156656a+100+BSW20140916
2014-09-18,http://www.reuters.com/article/2014/09/17/jpmorgan-cards-idUSL1N0RI1TO20140917
2014-09-18,http://www.reuters.com/article/2014/09/17/us-jpmorgan-cards-idUSKBN0HC1XX20140917
2014-09-18,http://www.reuters.com/article/2014/09/17/jpmorgan-cards-idUSL1N0RI1RT20140917
2014-09-19,http://www.reuters.com/article/2014/09/19/ny-jpmorgan-chase-idUSnBw186420a+100+BSW20140919
2014-09-20,http://www.reuters.com/article/2014/09/19/lisc-jpmorgan-chase-idUSnPn3kVcQL+8b+PRN20140919
2014-09-20,http://www.reuters.com/article/2014/09/19/j-p-morgan-chase-idUSnBw195448a+100+BSW20140919
2014-09-20,http://www.reuters.com/article/2014/09/19/dc-jpmorgan-chase-idUSnBw195440a+100+BSW20140919
2014-09-20,http://www.reuters.com/article/2014/09/19/j-p-morgan-chase-idUSnBw186424a+100+BSW20140919
2014-09-23,http://www.reuters.com/article/2014/09/22/zacks-analyst-blog-idUSnPn4nmDqb+84+PRN20140922
2014-09-23,http://www.reuters.com/article/2014/09/22/bc-analysts-review-idUSnPn91hQtD+85+PRN20140922
2014-09-24,http://www.reuters.com/article/2014/09/23/ct-webster-financial-idUSnPnQQlSz+5a+PRN20140923
2014-09-24,http://www.reuters.com/article/2014/09/23/il-zacks-investment-idUSnPn50TXkP+8d+PRN20140923
2014-09-24,http://www.reuters.com/article/2014/09/23/il-zacksinvestment-idUSnPn172c7y+80+PRN20140923
2014-09-30,http://www.reuters.com/article/2014/09/29/ny-jpmorgan-chase-idUSnBw296568a+100+BSW20140929
2014-09-30,http://www.reuters.com/article/2014/09/29/jpmorgan-chase-co-idUSnBw295558a+100+BSW20140929
2014-10-01,http://www.reuters.com/article/2014/09/30/il-zacks-analyst-blog-idUSnPn277q4R+81+PRN20140930
2014-10-01,http://www.reuters.com/article/2014/09/30/bc-analysts-review-idUSnPn7ML81y+98+PRN20140930
2014-10-01,http://www.reuters.com/article/2014/09/30/j-p-morgan-chase-idUSnBw296607a+100+BSW20140930
2014-10-02,http://www.reuters.com/article/2014/10/01/ny-jpmorgan-chase-idUSnBw016877a+100+BSW20141001
2014-10-03,http://www.reuters.com/article/2014/10/02/ny-jpmorgan-chase-idUSnBw026295a+100+BSW20141002
2014-10-03,http://www.reuters.com/article/2014/10/02/j-p-morgan-chase-idUSnBw016903a+100+BSW20141002
2014-10-04,http://www.reuters.com/article/2014/10/03/us-jpmorgan-cybersecurity-idUSKCN0HS1ST20141003
2014-10-04,http://www.reuters.com/article/2014/10/03/jpmorgan-cybersecurity-idUSL2N0RY1ZB20141003
2014-10-04,http://www.reuters.com/article/2014/10/03/jpmorgan-cybersecurity-idUSL2N0RY1CC20141003
2014-10-04,http://www.reuters.com/article/2014/10/03/research-and-markets-idUSnBw035629a+100+BSW20141003
2014-10-04,http://www.reuters.com/article/2014/10/03/us-jpmorgan-vista-lending-idUSKCN0HS1DV20141003
2014-10-04,http://www.reuters.com/article/2014/10/03/j-p-morgan-chase-idUSnBw026311a+100+BSW20141003
2014-10-07,http://www.reuters.com/article/2014/10/07/us-jpmorgan-dataprotection-idUSKCN0HW04D20141007
2014-10-07,http://www.reuters.com/article/2014/10/07/us-jpmorgan-dataprotection-idUSKCN0HW03V20141007
2014-10-07,http://www.reuters.com/article/2014/10/07/jpmorgan-dataprotection-idUSL2N0S203020141007
2014-10-08,http://www.reuters.com/article/2014/10/07/il-jpmorgan-chase-co-idUSnBw076492a+100+BSW20141007
2014-10-08,http://www.reuters.com/article/2014/10/07/il-zacks-investment-idUSnPn8vrvzw+80+PRN20141007
2014-10-09,http://www.reuters.com/article/2014/10/08/ca-jpmorgan-chase-idUSnBw086119a+100+BSW20141008
2014-10-10,http://www.reuters.com/article/2014/10/09/il-jpmorgan-chase-co-idUSnBw096374a+100+BSW20141009
2014-10-10,http://www.reuters.com/article/2014/10/09/il-zacksinvestment-idUSnPnbYH34l+98+PRN20141009
2014-10-11,http://www.reuters.com/article/2014/10/10/jpmorganchase-brief-idUSWEN00E1820141010
2014-10-11,http://www.reuters.com/article/2014/10/10/zacksinvstmntresearch-idUSnPn1krjKm+82+PRN20141010
2014-10-11,http://www.reuters.com/article/2014/10/10/bc-analysts-review-idUSnPn3MbGPv+96+PRN20141010
2014-10-14,http://www.reuters.com/article/2014/10/13/il-zacks-investment-idUSnPnxPQFS+4f+PRN20141013
2014-10-14,http://www.reuters.com/article/2014/10/13/il-zacks-investment-idUSnPn4SdN3k+94+PRN20141013
2014-10-15,http://www.reuters.com/article/2014/10/14/il-zacks-investment-idUSnPn61b2kd+80+PRN20141014
2014-10-15,http://www.reuters.com/article/2014/10/14/j-p-morgan-chase-idUSnBw145608a+100+BSW20141014
2014-10-15,http://www.reuters.com/article/2014/10/14/ny-jpmorgan-chase-co-idUSnBw145504a+100+BSW20141014
2014-10-16,http://www.reuters.com/article/2014/10/15/ny-jpmorgan-chase-idUSnBw156589a+100+BSW20141015
2014-10-17,http://www.reuters.com/article/2014/10/16/il-zacks-investments-idUSnPn1TZTz7+9c+PRN20141016
2014-10-17,http://www.reuters.com/article/2014/10/16/j-p-morgan-chase-idUSnBw156598a+100+BSW20141016
2014-10-18,http://www.reuters.com/article/2014/10/17/bc-investor-edge-idUSnPn2T4tYj+92+PRN20141017
2014-10-21,http://www.reuters.com/article/2014/10/20/il-zacks-investment-idUSnPn5JpQFK+97+PRN20141020
2014-10-22,http://www.reuters.com/article/2014/10/21/la-jpmorgan-chase-idUSnBw216605a+100+BSW20141021
2014-10-23,http://www.reuters.com/article/2014/10/22/j-p-morgan-chase-idUSnBw225924a+100+BSW20141022
2014-10-23,http://www.reuters.com/article/2014/10/22/ny-jpmorgan-chase-idUSnBw225918a+100+BSW20141022
2014-10-23,http://www.reuters.com/article/2014/10/22/j-p-morgan-chase-idUSnBw225339a+100+BSW20141022
2014-10-23,http://www.reuters.com/article/2014/10/22/ny-jpmorgan-chase-idUSnBw225336a+100+BSW20141022
2014-10-24,http://www.reuters.com/article/2014/10/23/fl-homelessness-study-idUSnBw236159a+100+BSW20141023
2014-10-30,http://www.reuters.com/article/2014/10/29/bc-analysts-review-idUSnPnnCwv0+48+PRN20141029
2014-10-31,http://www.reuters.com/article/2014/10/30/ny-jpmorgan-chase-idUSnBw305467a+100+BSW20141030
2014-10-31,http://www.reuters.com/article/2014/10/30/j-p-morgan-chase-idUSnBw305482a+100+BSW20141030
2014-11-01,http://www.reuters.com/article/2014/10/31/jpmorgan-chase-co-idUSnBw315751a+100+BSW20141031
2014-11-04,http://www.reuters.com/article/2014/11/03/j-p-morgan-chase-idUSnBw035733a+100+BSW20141103
2014-11-04,http://www.reuters.com/article/2014/11/03/ny-jpmorgan-chase-idUSnBw035730a+100+BSW20141103
2014-11-05,http://www.reuters.com/article/2014/11/04/il-zacks-investment-idUSnPn4jsmtt+80+PRN20141104
2014-11-05,http://www.reuters.com/article/2014/11/04/idUSnMKW695P9a+1c4+MKW20141104
2014-11-06,http://www.reuters.com/article/2014/11/05/il-zacks-investments-idUSnPn5JmHCN+97+PRN20141105
2014-11-11,http://www.reuters.com/article/2014/11/10/idUSnGNX2QqS5l+1d4+GNW20141110
2014-11-11,http://www.reuters.com/article/2014/11/10/il-zacks-bofa-idUSnPn1xlZ1c+84+PRN20141110
2014-11-15,http://www.reuters.com/article/2014/11/14/ny-jpmorgan-chase-idUSnBw145840a+100+BSW20141114
2014-11-15,http://www.reuters.com/article/2014/11/14/il-zacks-investment-idUSnPn1Wfm5z+90+PRN20141114
2014-11-18,http://www.reuters.com/article/2014/11/18/ny-jpmorgan-chase-idUSnBw176696a+100+BSW20141118
2014-11-18,http://www.reuters.com/article/2014/11/17/j-p-morgan-chase-idUSnBw176164a+100+BSW20141117
2014-11-18,http://www.reuters.com/article/2014/11/17/ny-jpmorgan-chase-idUSnBw176160a+100+BSW20141117
2014-11-18,http://www.reuters.com/article/2014/11/17/il-zacks-investment-idUSnPn5svHsv+84+PRN20141117
2014-11-18,http://www.reuters.com/article/2014/11/17/j-p-morgan-chase-idUSnBw165022a+100+BSW20141117
2014-11-19,http://www.reuters.com/article/2014/11/18/bc-investor-edge-idUSnPn1Vr0TW+93+PRN20141118
2014-11-19,http://www.reuters.com/article/2014/11/18/j-p-morgan-chase-idUSnBw176720a+100+BSW20141118
2014-11-20,http://www.reuters.com/article/2014/11/19/ny-jpmorgan-chase-co-idUSnBw196749a+100+BSW20141119
2014-11-22,http://www.reuters.com/article/2014/11/21/il-zacks-analyst-blog-idUSnPn1vFN3C+8d+PRN20141121
2014-11-25,http://www.reuters.com/article/2014/11/24/il-zacks-investment-idUSnPn9CKX5M+9d+PRN20141124
2014-11-26,http://www.reuters.com/article/2014/11/25/ny-fitch-ratings-jpmorgn-idUSnBw256419a+100+BSW20141125
2014-11-26,http://www.reuters.com/article/2014/11/25/fitch-affirms-jpmorgan-chases-ratings-at-idUSFit84350020141125
2014-11-26,http://www.reuters.com/article/2014/11/25/websterfinanc-acq-hsa-idUSnPn73DLd9+8c+PRN20141125
2014-11-26,http://www.reuters.com/article/2014/11/25/il-zacks-investment-idUSnPn7QhK7P+95+PRN20141125
2014-11-29,http://www.reuters.com/article/2014/11/28/il-zacks-investment-idUSnPn4BVcjr+98+PRN20141128
2014-12-02,http://www.reuters.com/article/2014/12/01/il-zacks-investment-idUSnPn9swyPH+83+PRN20141201
2014-12-04,http://www.reuters.com/article/2014/12/03/il-zacksinvestment-idUSnPn36TVSV+8f+PRN20141203
2014-12-06,http://www.reuters.com/article/2014/12/05/zacks-motorcarparts-idUSnPn8Rsrh6+90+PRN20141205
2014-12-10,http://www.reuters.com/article/2014/12/09/ny-jpmorgan-chase-idUSnBw096343a+100+BSW20141209
2014-12-11,http://www.reuters.com/article/2014/12/10/j-p-morgan-chase-idUSnBw096347a+100+BSW20141210
2014-12-13,http://www.reuters.com/article/2014/12/12/ny-jpmorgan-chase-idUSnBw125685a+100+BSW20141212
2014-12-16,http://www.reuters.com/article/2014/12/15/j-p-morgan-chase-idUSnBw145013a+100+BSW20141215
2014-12-20,http://www.reuters.com/article/2014/12/19/j-p-morgan-chase-idUSnBw195750a+100+BSW20141219
2014-12-20,http://www.reuters.com/article/2014/12/19/ny-jpmorgan-chase-idUSnBw195743a+100+BSW20141219
2014-12-30,http://www.reuters.com/article/2014/12/29/immofinanzag-brief-idUSFWN0UD00U20141229
2014-12-30,http://www.reuters.com/article/2014/12/29/il-zacks-analystblog-idUSnPn5dxHss+84+PRN20141229
2014-12-31,http://www.reuters.com/article/2014/12/30/bc-investor-edge-idUSnPn73HBRB+8f+PRN20141230
2015-01-03,http://www.reuters.com/article/2015/01/02/ny-jpmorgan-chase-idUSnBw025402a+100+BSW20150102
2015-01-06,http://www.reuters.com/article/2015/01/05/jpmorganchase-brief-idUSWEN00EHR20150105
2015-01-06,http://www.reuters.com/article/2015/01/05/j-p-morgan-chase-idUSnBw045025a+100+BSW20150105
2015-01-08,http://www.reuters.com/article/2015/01/07/jpmorgan-chase-co-idUSnBw076041a+100+BSW20150107
2015-01-14,http://www.reuters.com/article/2015/01/13/webster-financial-idUSnPn3xPFsY+8d+PRN20150113
2015-01-15,http://www.reuters.com/article/2015/01/14/us-jpmorgan-cybersecurity-idUSKBN0KN2CV20150114
2015-01-15,http://www.reuters.com/article/2015/01/14/jpmorgan-cybersecurity-idUSL1N0UT21B20150114
2015-01-15,http://www.reuters.com/article/2015/01/14/j-p-morgan-chase-idUSnBw145579a+100+BSW20150114
2015-01-15,http://www.reuters.com/article/2015/01/14/ny-jpmorgan-chase-idUSnBw145574a+100+BSW20150114
2015-01-15,http://www.reuters.com/article/2015/01/14/j-p-morgan-chase-idUSnBw145456a+100+BSW20150114
2015-01-15,http://www.reuters.com/article/2015/01/14/ny-jpmorgan-chase-co-idUSnBw145314a+100+BSW20150114
2015-01-16,http://www.reuters.com/article/2015/01/15/ny-jpmorgan-chase-idUSnBw155948a+100+BSW20150115
2015-01-17,http://www.reuters.com/article/2015/01/16/j-p-morgan-chase-idUSnBw155941a+100+BSW20150116
2015-01-21,http://www.reuters.com/article/2015/01/20/bc-investor-edge-idUSnPn5KyxNj+92+PRN20150120
2015-01-30,http://www.reuters.com/article/2015/01/29/in-jpmorgan-chase-idUSnBw296304a+100+BSW20150129
2015-02-06,http://www.reuters.com/article/2015/02/05/j-p-morgan-chase-idUSnBw055078a+100+BSW20150205
2015-02-06,http://www.reuters.com/article/2015/02/05/dc-jpmorgan-urban-instit-idUSnBw055075a+100+BSW20150205
2015-02-13,http://www.reuters.com/article/2015/02/12/j-p-morgan-chase-idUSnBw125822a+100+BSW20150212
2015-02-13,http://www.reuters.com/article/2015/02/12/ny-jpmorgan-chase-idUSnBw125821a+100+BSW20150212
2015-02-14,http://www.reuters.com/article/2015/02/13/ny-jpmorgan-chase-idUSnBw135952a+100+BSW20150213
2015-02-14,http://www.reuters.com/article/2015/02/13/ny-jp-morgan-chase-idUSnBw135881a+100+BSW20150213
2015-02-17,http://www.reuters.com/article/2015/02/16/j-p-morgan-chase-idUSnBw155012a+100+BSW20150216
2015-02-17,http://www.reuters.com/article/2015/02/16/j-p-morgan-chase-idUSnBw155014a+100+BSW20150216
2015-02-18,http://www.reuters.com/article/2015/02/17/mo-jpmorgan-chase-idUSnBw176536a+100+BSW20150217
2015-02-19,http://www.reuters.com/article/2015/02/18/ny-jpmorgan-chase-idUSnBw185159a+100+BSW20150218
2015-02-19,http://www.reuters.com/article/2015/02/18/j-p-morgan-chase-idUSnBw185807a+100+BSW20150218
2015-02-19,http://www.reuters.com/article/2015/02/18/ny-jpmorgan-chase-idUSnBw185805a+100+BSW20150218
2015-02-25,https://www.nytimes.com/2015/02/25/business/legal-costs-weigh-down-us-banks-earnings.html
2015-02-25,https://www.nytimes.com/2015/02/25/business/dealbook/jpmorgan-pushes-back-against-suggestion-of-split.html
2015-02-25,http://www.reuters.com/article/2015/02/24/jpmorganchase-brief-idUSWEN00EVJ20150224
2015-02-26,https://www.nytimes.com/2015/02/26/business/dealbook/deutsche-bank-poaches-senior-banker-from-jpmorgan.html
2015-02-26,https://www.nytimes.com/2015/02/26/business/dealbook/jpmorgans-less-than-stellar-plan-to-boost-earnings.html
2015-02-27,https://www.nytimes.com/2015/02/27/business/dealbook/argentina-bond-sale-is-suspended-amid-hedge-fund-pressure.html
2015-02-28,http://www.reuters.com/article/2015/02/27/ny-jpmorgan-chase-idUSnBw276067a+100+BSW20150227
2015-02-28,http://www.reuters.com/article/2015/02/27/bc-investor-edge-idUSnPn73dQLG+87+PRN20150227
2015-03-03,https://www.nytimes.com/2015/03/03/business/dealbook/at-jpmorgan-chase-business-tilts-toward-consumer-side-and-away-from-wall-st.html
2015-03-03,http://www.reuters.com/article/2015/03/02/j-p-morgan-chase-idUSnBw015031a+100+BSW20150302
2015-03-05,https://www.nytimes.com/2015/03/05/business/dealbook/jpmorgan-promotes-two-to-run-mergers-in-north-america.html
2015-03-06,http://www.reuters.com/article/2015/03/05/ny-jp-morgan-chase-idUSnBw056602a+100+BSW20150305
2015-03-07,http://www.reuters.com/article/2015/03/06/j-p-morgan-chase-idUSnBw056609a+100+BSW20150306
2015-03-12,https://www.nytimes.com/2015/03/12/business/dealbook/banks-may-want-to-consider-expiration-date-for-top-job.html
2015-03-12,https://www.nytimes.com/2015/03/12/business/dealbook/former-jpmorgan-executive-blythe-masters-joins-bitcoin-related-start-up.html
2015-03-12,http://www.reuters.com/article/2015/03/11/ny-jpmorgan-chase-idUSnBw116467a+100+BSW20150311
2015-03-13,https://www.nytimes.com/2015/03/13/business/dealbook/what-3-banks-may-have-cut-to-pass-the-stress-tests.html
2015-03-13,http://www.reuters.com/article/2015/03/12/j-p-morgan-chase-idUSnBw125090a+100+BSW20150312
2015-03-14,http://www.reuters.com/article/2015/03/13/ny-jpmorgan-chase-idUSnBw135836a+100+BSW20150313
2015-03-16,https://www.nytimes.com/2015/03/16/business/dealbook/authorities-closing-in-on-hackers-who-stole-data-from-jpmorgan-chase.html
2015-03-17,http://www.reuters.com/article/2015/03/16/j-p-morgan-chase-idUSnBw165161a+100+BSW20150316
2015-03-18,http://www.reuters.com/article/2015/03/17/ny-jpmorgan-chase-idUSnBw176343a+100+BSW20150317
2015-03-19,http://www.reuters.com/article/2015/03/18/j-p-morgan-chase-idUSnBw185094a+100+BSW20150318
2015-03-20,http://www.reuters.com/article/2015/03/19/ca-vedc-idUSnBw196244a+100+BSW20150319
2015-03-20,http://www.reuters.com/article/2015/03/19/jpmorganchase-bettermarkets-lawsuit-idUSL2N0WL1HX20150319
2015-03-20,http://www.reuters.com/article/2015/03/19/us-jpmorganchase-bettermarkets-lawsuit-idUSKBN0MF20E20150319
2015-03-20,http://www.reuters.com/article/2015/03/19/jpmorganchase-bettermarkets-lawsuit-idUSL2N0WL1M620150319
2015-03-20,http://www.reuters.com/article/2015/03/19/jpmorganchase-bettermarkets-lawsuit-idUSL2N0WL1AX20150319
2015-03-28,http://www.reuters.com/article/2015/03/27/bc-investor-edge-idUSnPn77BPYV+8f+PRN20150327
2015-03-31,http://www.reuters.com/article/2015/03/30/fico-jpmorganchase-idUSnPn4csGjz+84+PRN20150330
2015-04-02,https://www.nytimes.com/2015/04/02/business/dealbook/morgan-stanleys-james-gorman-gets-25-raise.html
2015-04-02,http://www.reuters.com/article/2015/04/01/ny-jp-morgan-chase-idUSnBw016204a+100+BSW20150401
2015-04-02,http://www.reuters.com/article/2015/04/01/financial-moves-idUSL3N0WY56E20150401
2015-04-03,http://www.reuters.com/article/2015/04/02/usa-bank-jpmorgan-idUSL2N0WZ0CZ20150402
2015-04-03,http://www.reuters.com/article/2015/04/02/us-usa-bank-jpmorgan-idUSKBN0MT0B020150402
2015-04-03,http://www.reuters.com/article/2015/04/02/usa-bank-jpmorgan-idUSL2N0WY1PG20150402
2015-04-03,http://www.reuters.com/article/2015/04/02/j-p-morgan-chase-idUSnBw016227a+100+BSW20150402
2015-04-07,http://www.reuters.com/article/2015/04/06/ny-fitch-ratings-jpmorg-idUSnBw065657a+100+BSW20150406
2015-04-09,http://www.reuters.com/article/2015/04/08/ny-jpmorgan-chase-bank-idUSnBw086661a+100+BSW20150408
2015-04-10,http://www.reuters.com/article/2015/04/09/j-p-morgan-chase-idUSnBw086690a+100+BSW20150409
2015-04-11,https://www.nytimes.com/2015/04/11/business/dealbook/longtime-ge-advisers-tapped-again-for-plum-assignment.html
2015-04-11,http://www.reuters.com/article/2015/04/10/ny-jpmorgan-chase-idUSnBw105879a+100+BSW20150410
2015-04-13,https://www.nytimes.com/2015/04/13/business/jpmorgan-and-wells-fargo-earnings-march-retail-sales.html
2015-04-14,https://www.nytimes.com/2015/04/14/business/dealbook/jpmorgan-names-senior-executives-for-europe.html
2015-04-14,http://www.reuters.com/article/j-p-morgan-chase-idUSnBw125024a+100+BSW20150413
2015-04-15,https://www.nytimes.com/2015/04/15/business/dealbook/results-at-wells-fargo-and-jpmorgan-show-slower-consumer-banking.html
2015-04-15,https://www.nytimes.com/2015/04/15/business/dealbook/jpmorgan-chase-profit-rises-12-on-strong-trading.html
2015-04-15,http://www.reuters.com/article/2015/04/14/ny-jpmorgan-chase-idUSnBw146879a+100+BSW20150414
2015-04-15,http://www.reuters.com/article/2015/04/14/j-p-morgan-chase-idUSnBw145685a+100+BSW20150414
2015-04-15,http://www.reuters.com/article/2015/04/14/ny-jpmorgan-chase-idUSnBw145628a+100+BSW20150414
2015-04-16,http://www.reuters.com/article/2015/04/15/j-p-morgan-chase-idUSnBw146901a+100+BSW20150415
2015-04-17,https://www.nytimes.com/2015/04/17/business/dealbook/former-jpmorgan-case-broker-charged-in-20-million-fraud.html
2015-04-17,http://www.reuters.com/article/2015/04/16/j-p-morgan-chase-idUSnBw165706a+100+BSW20150416
2015-04-17,http://www.reuters.com/article/2015/04/16/ny-jpmorgan-chase-idUSnBw165703a+100+BSW20150416
2015-04-23,http://www.reuters.com/article/2015/04/22/j-p-morgan-chase-idUSnBw225909a+100+BSW20150422
2015-04-23,http://www.reuters.com/article/2015/04/22/ny-jpmorgan-chase-idUSnBw225902a+100+BSW20150422
2015-04-25,http://www.reuters.com/article/2015/04/24/idUSnGNX10V9vh+1c8+GNW20150424
2015-04-25,http://www.reuters.com/article/2015/04/24/idUSnHUG6YTxCH+1db+ONE20150424
2015-04-28,https://www.nytimes.com/2015/04/28/business/dealbook/agent-who-supervised-investigation-of-jpmorgan-cyberattack-takes-a-new-job.html
2015-04-28,http://www.reuters.com/article/idUSnGNX9p4FYZ+1c7+GNW20150427
2015-04-28,http://www.reuters.com/article/idUSnHUG7QLZ3H+1dd+ONE20150427
2015-04-29,https://www.nytimes.com/2015/04/29/business/dealbook/standard-chartered-q3-profit.html
2015-04-29,http://www.reuters.com/article/2015/04/28/bc-investor-edge-idUSnPn9JdXmh+94+PRN20150428
2015-04-30,http://www.reuters.com/article/2015/04/29/il-jpmorgan-chase-idUSnBw296284a+100+BSW20150429
2015-05-01,http://www.reuters.com/article/2015/04/30/j-p-morgan-chase-idUSnBw305988a+100+BSW20150430
2015-05-01,http://www.reuters.com/article/2015/04/30/ny-jpmorgan-chase-idUSnBw305981a+100+BSW20150430
2015-05-02,http://www.reuters.com/article/2015/05/01/bc-analysts-review-idUSnPn24MWlb+8c+PRN20150501
2015-05-08,https://www.nytimes.com/2015/05/08/business/dealbook/bank-of-america-and-jpmorgan-chase-agree-to-erase-debts-from-credit-reports-after-bankruptcies.html
2015-05-08,http://www.reuters.com/article/2015/05/07/rcb-fund-jpmorgan-idUSnPn2f7B43+84+PRN20150507
2015-05-08,http://www.reuters.com/article/2015/05/07/bc-analysts-review-idUSnPnc2cBnl+84+PRN20150507
2015-05-12,https://www.nytimes.com/2015/05/12/business/dealbook/jpmorgan-hires-banker-for-private-financing.html
2015-05-12,http://www.reuters.com/article/2015/05/11/idUSnGNX2M59mV+1d1+GNW20150511
2015-05-12,http://www.reuters.com/article/2015/05/11/idUSnHUGS9GP+7b+ONE20150511
2015-05-13,http://www.reuters.com/article/2015/05/12/idUSnGNX5NmL04+1d4+GNW20150512
2015-05-13,http://www.reuters.com/article/2015/05/12/idUSnHUG3zrYsW+1c5+ONE20150512
2015-05-14,http://www.reuters.com/article/2015/05/13/bc-analysts-review-idUSnPnb1BLQB+8f+PRN20150513
2015-05-15,http://www.reuters.com/article/2015/05/14/rcb-fund-services-idUSnPn2gVkvg+88+PRN20150514
2015-05-15,http://www.reuters.com/article/2015/05/14/j-p-morgan-chase-idUSnBw145593a+100+BSW20150514
2015-05-15,http://www.reuters.com/article/2015/05/14/ny-jpmorgan-chase-idUSnBw145580a+100+BSW20150514
2015-05-15,http://www.reuters.com/article/2015/05/14/idUSnMKWKXYj7a+1f8+MKW20150514
2015-05-16,http://www.reuters.com/article/2015/05/15/ny-jpmorgan-chase-idUSnBw155799a+100+BSW20150515
2015-05-16,http://www.reuters.com/article/2015/05/15/j-p-morgan-chase-idUSnBw155582a+100+BSW20150515
2015-05-16,http://www.reuters.com/article/2015/05/15/ny-jpmorgan-chase-idUSnBw155578a+100+BSW20150515
2015-05-16,http://www.reuters.com/article/2015/05/15/j-p-morgan-chase-idUSnBw155576a+100+BSW20150515
2015-05-16,http://www.reuters.com/article/2015/05/15/ny-jpmorgan-chase-idUSnBw155569a+100+BSW20150515
2015-05-19,http://www.reuters.com/article/2015/05/18/j-p-morgan-chase-idUSnBw185928a+100+BSW20150518
2015-05-19,http://www.reuters.com/article/2015/05/18/mi-jpmorgan-chase-idUSnBw185906a+100+BSW20150518
2015-05-19,http://www.reuters.com/article/2015/05/18/j-p-morgan-chase-idUSnBw175032a+100+BSW20150518
2015-05-20,https://www.nytimes.com/2015/05/20/business/dealbook/pay-at-jpmorgan-wins-slim-support-of-shareholders.html
2015-05-20,http://www.reuters.com/article/2015/05/19/ny-fitch-ratings-jpmorg-idUSnBw197178a+100+BSW20150519
2015-05-20,http://www.reuters.com/article/2015/05/19/ny-jpmorgan-chase-idUSnBw197081a+100+BSW20150519
2015-05-20,http://www.reuters.com/article/2015/05/19/idUSFit92319220150519
2015-05-20,http://www.reuters.com/article/2015/05/19/j-p-morgan-chase-idUSnBw196811a+100+BSW20150519
2015-05-20,http://www.reuters.com/article/2015/05/19/ny-jpmorgan-chase-idUSnBw196809a+100+BSW20150519
2015-05-21,http://www.reuters.com/article/2015/05/20/j-p-morgan-chase-idUSnBw205922a+100+BSW20150520
2015-05-21,http://www.reuters.com/article/2015/05/20/ny-jpmorgan-chase-idUSnBw205918a+100+BSW20150520
2015-05-22,http://www.reuters.com/article/2015/05/21/dc-rcbfundservices-idUSnPn8qQZyQ+8d+PRN20150521
2015-05-22,http://www.reuters.com/article/2015/05/21/dc-jpmorgan-chase-idUSnBw215190a+100+BSW20150521
2015-05-29,http://www.reuters.com/article/2015/05/28/idUSnCCN8vqGjx+1c4+MKW20150528
2015-05-29,http://www.reuters.com/article/2015/05/28/idUSnMKW3c0bPa+1c2+MKW20150528
2015-06-10,http://www.reuters.com/article/2015/06/09/il-jpmorgan-chase-idUSnBw096390a+100+BSW20150609
2015-06-10,http://www.reuters.com/article/2015/06/09/j-p-morgan-chase-idUSnBw096274a+100+BSW20150609
2015-06-10,http://www.reuters.com/article/2015/06/09/ny-jpmorgan-chase-idUSnBw096267a+100+BSW20150609
2015-06-12,https://www.nytimes.com/2015/06/12/business/dealbook/jpmorgan-shakes-up-a-banking-team.html
2015-06-16,http://www.reuters.com/article/ny-jp-morgan-chase-idUSnBw155938a+100+BSW20150615
2015-06-17,http://www.reuters.com/article/2015/06/16/idUSnMKWjyPjka+1c8+MKW20150616
2015-06-17,http://www.reuters.com/article/2015/06/16/j-p-morgan-chase-idUSnBw156379a+100+BSW20150616
2015-06-18,https://www.nytimes.com/2015/06/18/business/dealbook/banks-that-failed-to-fix-mortgage-services-face-restrictions.html
2015-06-18,https://www.nytimes.com/2015/06/18/business/dealbook/jimmy-lee-investment-banking-force-dies.html
2015-06-18,https://www.nytimes.com/2015/06/18/business/dealbook/regulator-restricts-mortgage-operations-of-six-big-banks.html
2015-06-18,https://www.nytimes.com/2015/06/18/business/dealbook/naguib-kheraj-standard-chartered-shakeup.html
2015-06-18,http://www.reuters.com/article/2015/06/17/ny-jpmorgan-chase-idUSnBw176296a+100+BSW20150617
2015-06-19,http://www.reuters.com/article/2015/06/18/j-p-morgan-chase-idUSnBw176322a+100+BSW20150618
2015-06-23,https://www.nytimes.com/2015/06/23/business/dealbook/jimmy-lee-of-jpmorgan-chase-remembered-for-shaping-an-industry.html
2015-07-02,http://www.reuters.com/article/2015/07/01/ny-jpmorgan-chase-idUSnBw016604a+100+BSW20150701
2015-07-03,http://www.reuters.com/article/2015/07/02/j-p-morgan-chase-idUSnBw016638a+100+BSW20150702
2015-07-07,https://www.nytimes.com/2015/07/07/business/dealbook/stephen-cutler-jpmorgans-general-counsel-to-become-vice-chairman.html
2015-07-07,http://www.reuters.com/article/2015/07/06/employment-jpmorgan-overtime-idUSL1N0ZM2F120150706
2015-07-07,http://www.reuters.com/article/2015/07/06/j-p-morgan-chase-idUSnBw065480a+100+BSW20150706
2015-07-07,http://www.reuters.com/article/2015/07/06/ny-jpmorgan-chase-idUSnBw065474a+100+BSW20150706
2015-07-08,http://www.reuters.com/article/j-p-morgan-chase-idUSnBw076139a+100+BSW20150707
2015-07-08,http://www.reuters.com/article/ny-jpmorgan-chase-idUSnBw076133a+100+BSW20150707
2015-07-09,https://www.nytimes.com/2015/07/09/business/jpmorgan-to-pay-dollar136-million-to-settle-debt-collection-case.html
2015-07-10,https://www.nytimes.com/2015/07/10/business/an-uber-ipo-looms-and-suddenly-bankers-are-using-uber-coincidence.html
2015-07-14,http://www.reuters.com/article/ny-inner-city-scholar-idUSnBw135748a+100+BSW20150713
2015-07-15,https://www.nytimes.com/2015/07/15/business/daily-stock-market-activity.html
2015-07-15,https://www.nytimes.com/2015/07/15/business/dealbook/jpmorgans-profit-rises-5-as-its-expenses-fall.html
2015-07-15,http://www.reuters.com/article/jpmorganchase-results-idUSWNAB07H1220150714
2015-07-15,http://www.reuters.com/article/j-p-morgan-chase-idUSnBw145828a+100+BSW20150714
2015-07-15,http://www.reuters.com/article/ny-jpmorgan-idUSnBw145766a+100+BSW20150714
2015-07-16,https://www.nytimes.com/2015/07/16/business/dealbook/santander-consumer-usa-names-blythe-masters-chairwoman.html
2015-07-16,http://www.reuters.com/article/ny-jpmorgan-chase-idUSnBw156539a+100+BSW20150715
2015-07-17,https://www.nytimes.com/2015/07/17/business/figures-in-london-whale-trading-case-escape-the-authorities-nets.html
2015-07-17,https://www.nytimes.com/2015/07/17/business/dealbook/bigger-might-have-been-better-for-goldman.html
2015-07-17,http://www.reuters.com/article/j-p-morgan-chase-idUSnBw156563a+100+BSW20150716
2015-07-18,http://www.reuters.com/article/jpmorgan-chase-co-idUSnBw175541a+100+BSW20150717
2015-07-22,https://www.nytimes.com/2015/07/22/business/dealbook/4-arrested-in-schemes-said-to-be-tied-to-jpmorgan-chase-breach.html
2015-07-22,http://www.reuters.com/article/ny-jpmorgan-chase-idUSnBw216528a+100+BSW20150721
2015-07-22,http://www.reuters.com/article/j-p-morgan-chase-idUSnBw216031a+100+BSW20150721
2015-07-22,http://www.reuters.com/article/ny-jpmorgan-chase-idUSnBw216020a+100+BSW20150721
2015-07-22,http://www.reuters.com/article/bc-aci-association-idUSnPn7CZnWp+9a+PRN20150721
2015-07-23,http://www.reuters.com/article/nj-newark-alliance-idUSnBw225981a+100+BSW20150722
2015-07-23,http://www.reuters.com/article/j-p-morgan-chase-idUSnBw216532a+100+BSW20150722
2015-07-24,https://www.nytimes.com/2015/07/24/business/dealbook/5-men-2-fraud-schemes-and-a-possible-link-to-jpmorgan-chase-hacking.html
2015-07-29,https://www.nytimes.com/2015/07/29/business/us-extends-bank-breach-investigation.html
2015-08-06,https://www.nytimes.com/2015/08/06/business/dealbook/standard-chartered-profit-fell-37-in-first-half.html
2015-08-11,https://www.nytimes.com/2015/08/11/business/man-charged-in-bitcoin-scheme-appears-in-new-york-court.html
2015-08-15,http://www.reuters.com/article/ny-jpmorgan-chase-idUSnBw145551a+100+BSW20150814
2015-08-18,http://www.reuters.com/article/j-p-morgan-chase-idUSnBw165006a+100+BSW20150817
2015-08-21,http://www.reuters.com/article/ny-jpmorgan-chase-idUSnBw205982a+100+BSW20150820
2015-08-21,http://www.reuters.com/article/j-p-morgan-chase-idUSnBw205188a+100+BSW20150820
2015-08-21,http://www.reuters.com/article/ny-jpmorgan-chase-idUSnBw205180a+100+BSW20150820
2015-08-22,http://www.reuters.com/article/j-p-morgan-chase-idUSnBw215512a+100+BSW20150821
2015-08-22,http://www.reuters.com/article/ny-jpmorgan-chase-idUSnBw215496a+100+BSW20150821
2015-08-26,https://www.nytimes.com/2015/08/26/business/dealbook/first-data-names-15-banks-chosen-to-lead-public-offering.html
2015-09-01,http://www.reuters.com/article/ny-jpmorgan-chase-idUSnBw315819a+100+BSW20150831
2015-09-02,http://www.reuters.com/article/j-p-morgan-chase-idUSnBw315830a+100+BSW20150901
2015-09-04,http://www.reuters.com/article/ptc-alliance-corp-idUSnPn8js1jl+80+PRN20150903
2015-09-09,https://www.nytimes.com/2015/09/09/business/dealbook/jpmorgan-hires-tech-banker-greg-mendelson-from-bank-of-america-merrill-lynch.html
2015-09-09,http://www.reuters.com/article/financial-moves-idUSL4N11E5MM20150908
2015-09-09,http://www.reuters.com/article/financial-moves-idUSL4N11E57A20150908
2015-09-11,http://www.reuters.com/article/bc-aci-association-idUSnPn7bRvSQ+8b+PRN20150910
2015-09-12,http://www.reuters.com/article/mi-youth-development-idUSnPn10lc66+80+PRN20150911
2015-09-15,http://www.reuters.com/article/ny-jpmorgan-chase-idUSnBw145852a+100+BSW20150914
2015-09-15,http://www.reuters.com/article/ny-jpmorgan-chase-co-idUSnBw145258a+100+BSW20150914
2015-09-16,http://www.reuters.com/article/ny-jpmorgan-chase-idUSnBw156874a+100+BSW20150915
2015-09-16,http://www.reuters.com/article/j-p-morgan-chase-idUSnBw145878a+100+BSW20150915
2015-09-17,https://www.nytimes.com/2015/09/17/business/dealbook/henry-gosebruch-rising-star-at-jpmorgan-is-departing-for-abbvie.html
2015-09-17,http://www.reuters.com/article/j-p-morgan-chase-idUSnBw156910a+100+BSW20150916
2015-09-18,http://www.reuters.com/article/j-p-morgan-chase-idUSnBw175828a+100+BSW20150917
2015-09-18,http://www.reuters.com/article/ny-jpmorgan-chase-idUSnBw175823a+100+BSW20150917
2015-09-24,http://www.reuters.com/article/bsquare-corporation-idUSnPn5JM7wK+99+PRN20150923
2015-10-01,http://www.reuters.com/article/ny-jpmorgan-chase-idUSnBw306737a+100+BSW20150930
2015-10-01,http://www.reuters.com/article/j-p-morgan-chase-idUSnBw305360a+100+BSW20150930
2015-10-01,http://www.reuters.com/article/ny-jpmorgan-chase-idUSnBw305340a+100+BSW20150930
2015-10-01,http://www.reuters.com/article/bc-equity-research-insti-idUSnPn1n5X6V+85+PRN20150930
2015-10-02,http://www.reuters.com/article/j-p-morgan-chase-idUSnBw306793a+100+BSW20151001
2015-10-03,http://www.reuters.com/article/ny-jpmorgan-chase-idUSnBw025748a+100+BSW20151002
2015-10-06,http://www.reuters.com/article/j-p-morgan-chase-idUSnBw056220a+100+BSW20151005
2015-10-06,http://www.reuters.com/article/ny-jpmorgan-chase-idUSnBw056217a+100+BSW20151005
2015-10-06,http://www.reuters.com/article/j-p-morgan-chase-idUSnBw056215a+100+BSW20151005
2015-10-06,http://www.reuters.com/article/j-p-morgan-chase-idUSnBw056210a+100+BSW20151005
2015-10-06,http://www.reuters.com/article/ny-jpmorgan-chase-idUSnBw056208a+100+BSW20151005
2015-10-06,http://www.reuters.com/article/ny-jpmorgan-chase-idUSnBw056202a+100+BSW20151005
2015-10-06,http://www.reuters.com/article/j-p-morgan-chase-idUSnBw045039a+100+BSW20151005
2015-10-07,http://www.reuters.com/article/il-jpmorgan-chase-idUSnBw066411a+100+BSW20151006
2015-10-07,http://www.reuters.com/article/smartstream-idUSnBw065103a+100+BSW20151006
2015-10-13,https://www.nytimes.com/2015/10/13/business/dealbook/barclays-said-to-weigh-james-staley-ex-jpmorgan-banker-as-chief.html
2015-10-14,https://www.nytimes.com/2015/10/14/business/dealbook/jpmorgan-chase-3q-earnings.html
2015-10-14,https://www.nytimes.com/2015/10/14/business/dealbook/dimon-diaspora-faces-biggest-challenge-yet.html
2015-10-14,http://www.reuters.com/article/ny-jpmorganchase-idUSnBw136801a+100+BSW20151013
2015-10-15,https://www.nytimes.com/2015/10/15/business/daily-stock-market-activity.html
2015-10-15,http://www.reuters.com/article/j-p-morgan-chase-idUSnBw136840a+100+BSW20151014
2015-10-16,http://www.reuters.com/article/ny-jpmorgan-chase-idUSnBw156067a+100+BSW20151015
2015-10-16,http://www.reuters.com/article/idUSnCCNbV0xLZ+1d3+MKW20151015
2015-10-17,http://www.reuters.com/article/j-p-morgan-chase-idUSnBw156085a+100+BSW20151016
2015-10-21,https://www.nytimes.com/2015/10/21/business/dealbook/jpmorgan-is-said-to-be-near-deal-to-spin-off-private-equity-unit.html
2015-10-21,http://www.reuters.com/article/ca-tanium-idUSnBw206568a+100+BSW20151020
2015-10-21,http://www.reuters.com/article/ny-sprinklr-idUSnBw206353a+100+BSW20151020
2015-10-22,https://www.nytimes.com/2015/10/22/business/dealbook/jpmorgan-to-offer-a-taste-of-ipos-to-the-masses.html
2015-10-24,http://www.reuters.com/article/j-p-morgan-chase-idUSnBw235470a+100+BSW20151023
2015-10-24,http://www.reuters.com/article/ny-jpmorgan-chase-idUSnBw235439a+100+BSW20151023
2015-10-27,https://www.nytimes.com/2015/10/27/business/dealbook/jpmorgan-says-it-will-publicly-disclose-pay-clawbacks.html
2015-10-27,http://www.reuters.com/article/us-jpmorgan-payments-idUSKCN0SK2MF20151026
2015-10-27,http://www.reuters.com/article/jpmorgan-payments-idUSL1N12Q2RR20151026
2015-10-27,http://www.reuters.com/article/jpmorgan-payments-idUSL1N12Q1T020151026
2015-10-28,http://www.reuters.com/article/black-knight-jpmorgan-idUSnPn8KjQs+4a+PRN20151027
2015-10-28,http://www.reuters.com/article/us-jpmorgan-payments-idUSKCN0SK2MF20151027
2015-10-29,https://www.nytimes.com/2015/10/29/business/dealbook/james-staley-barclays-chief-jpmorgan.html
2015-11-06,https://www.nytimes.com/2015/11/06/business/dealbook/jes-staley-barclays-shares.html
2015-11-11,https://www.nytimes.com/2015/11/11/business/dealbook/prosecutors-announce-more-charges-in-jpmorgan-cyberattack.html
2015-11-14,http://www.reuters.com/article/ny-jpmorgan-chase-idUSnBw135845a+100+BSW20151113
2015-11-17,http://www.reuters.com/article/j-p-morgan-chase-idUSnBw155033a+100+BSW20151116
2015-11-19,http://www.reuters.com/article/ny-jpmorgan-chase-idUSnBw185293a+100+BSW20151118
2015-11-19,http://www.reuters.com/article/nordstrom-inc-idUSnPn8bVnsM+89+PRN20151118
2015-12-02,https://www.nytimes.com/2015/12/02/business/daily-stock-market-activity.html
2015-12-04,https://www.nytimes.com/2015/12/04/business/dealbook/bank-wrote-grievances-after-firing-a-broker.html
2015-12-04,http://www.reuters.com/article/mi-jpmorgan-idUSnBw035864a+100+BSW20151203
2015-12-09,http://www.reuters.com/article/ny-fitch-ratings-chase-idUSnBw086721a+100+BSW20151208
2015-12-09,http://www.reuters.com/article/idUSFit94319520151208
2015-12-09,http://www.reuters.com/article/ny-jpmorgan-chase-idUSnBw086544a+100+BSW20151208
2015-12-10,http://www.reuters.com/article/smartstream-idUSnBw095074a+100+BSW20151209
2015-12-10,http://www.reuters.com/article/j-p-morgan-chase-idUSnBw086552a+100+BSW20151209
2015-12-11,https://www.nytimes.com/2015/12/11/business/he-blew-the-whistle-at-jpmorgan-chase-then-came-the-blowback.html
2015-12-16,http://www.reuters.com/article/ny-jpmorgan-chase-idUSnBw156462a+100+BSW20151215
2015-12-17,https://www.nytimes.com/2015/12/17/business/daily-stock-market-activity.html
2015-12-17,http://www.reuters.com/article/j-p-morgan-chase-idUSnBw156470a+100+BSW20151216
2015-12-19,https://www.nytimes.com/2015/12/19/business/dealbook/jpmorgan-to-pay-307-million-for-steering-clients-to-own-funds.html
2015-12-19,http://www.reuters.com/article/kessler-150m-recovery-idUSnPn4Wlnhr+90+PRN20151218
2015-12-24,https://www.nytimes.com/2015/12/24/business/dealbook/banks-reject-new-york-city-ids-leaving-unbanked-on-sidelines.html
2015-12-29,https://www.nytimes.com/2015/12/29/business/dealbook/cash-call-for-a-new-technology.html
2015-12-31,https://www.nytimes.com/2015/12/31/business/dealbook/jamie-dimon-of-jpmorgan-still-strong-after-10-years-as-chief.html
2016-01-06,https://www.nytimes.com/2016/01/06/business/dealbook/jpmorgan-pays-48-million-more-to-settle-mortgage-servicing-issues.html
2016-01-07,https://www.nytimes.com/2016/01/07/business/dealbook/a-bright-idea-among-wall-streets-european-pay-disclosures.html
2016-01-15,https://www.nytimes.com/2016/01/15/business/dealbook/jpmorgan-results-offer-strong-case-for-financial-technology.html
2016-01-15,https://www.nytimes.com/2016/01/15/business/daily-stock-market-activity.html
2016-01-15,https://www.nytimes.com/2016/01/15/business/dealbook/jpmorgans-fourth-quarter-profit-rises-10.html
2016-01-20,https://www.nytimes.com/2016/01/20/business/dealbook/practice-fusion-said-to-hire-jpmorgan-chase-to-explore-ipo.html
2016-01-21,https://www.nytimes.com/2016/01/22/business/dealbook/jamie-dimons-compensation-rises-35-to-27-million.html
2016-01-22,https://www.nytimes.com/2016/01/22/business/funds-roll-in-for-start-up-harnessing-bitcoin-tech.html
2016-01-30,https://www.nytimes.com/2016/01/30/business/dealbook/barclays-hires-jpmorgan-chase-veteran-as-chief-risk-officer.html
2016-02-09,https://www.nytimes.com/2016/02/09/business/dealbook/jpmorgan-backs-geithners-investments-with-warburg-pincus.html
2016-02-10,https://www.nytimes.com/2016/02/10/business/dealbook/barclays-hires-jpmorgan-chase-veteran-as-chief-operating-officer.html
2016-02-10,https://www.nytimes.com/2016/02/10/business/dealbook/ex-jpmorgan-executive-fined-1-1-million-in-london-whale-case.html
2016-02-12,https://www.nytimes.com/2016/02/12/business/dealbook/jamie-dimon-is-said-to-buy-500000-jpmorgan-chase-shares.html
2016-02-24,https://www.nytimes.com/2016/02/24/business/dealbook/jpmorgan-tries-to-calm-investors-on-its-outlook-and-oil-defenses.html
2016-03-17,https://www.nytimes.com/2016/03/17/business/dealbook/jpmorgan-and-citigroup-investors-are-asked-to-vote-on-breaking-up-the-banks.html
2016-03-19,http://www.reuters.com/article/idUSFWN16Q06Z
2016-04-04,http://www.reuters.com/article/us-sec-jpmorgan-idUSKCN0X00SF
2016-04-04,http://www.reuters.com/article/idUSL2N1760CJ
2016-04-08,https://www.nytimes.com/2016/04/08/business/dealbook/jamie-dimon-slams-the-big-bank-breaker-uppers.html
2016-04-08,http://www.reuters.com/article/idUSFWN17A0PB
2016-04-08,http://www.reuters.com/article/idUSFWN17A0NR
2016-04-14,https://www.nytimes.com/2016/04/14/business/daily-stock-market-activity.html
2016-04-14,https://www.nytimes.com/2016/04/14/business/dealbook/jpmorgan-chase-reports-lower-quarterly-profit.html
2016-04-14,http://www.reuters.com/article/financial-moves-idUSL3N17G3M1
2016-04-14,http://www.reuters.com/article/idUSFWN17G08D
2016-05-18,http://www.reuters.com/article/idUSFWN18E0P4
2016-05-18,http://www.reuters.com/article/idUSL5N18E4HE
2016-05-25,https://www.nytimes.com/2016/05/25/business/daily-stock-market-activity.html
2016-06-02,https://www.nytimes.com/2016/06/02/business/dealbook/saudi-stake-in-uber-lifts-advisory-companies-to-prime-positions.html
2016-06-04,https://www.nytimes.com/2016/06/04/business/dealbook/jpmorgan-chase-embraces-business-casual.html
2016-06-10,http://www.reuters.com/article/idUSFWN1910SK
2016-06-10,http://www.reuters.com/article/employment-seating-idUSL1N1911FG
2016-06-10,http://www.reuters.com/article/idUSASC08TFE
2016-06-15,http://www.reuters.com/article/idUSFit962164
2016-06-17,http://www.reuters.com/article/idUSFit962528
2016-07-01,http://www.reuters.com/article/idUSFWN19M0WN
2016-07-08,http://www.reuters.com/article/idUSFWN19T0NS
2016-07-08,http://www.reuters.com/article/idUSFWN19T0KO
2016-07-15,https://www.nytimes.com/2016/07/15/business/dealbook/jpmorgan-chase-has-strong-quarter-as-earnings-top-estimates.html
2016-07-15,http://www.reuters.com/article/idUSFWN1A00BU
2016-07-15,http://www.reuters.com/article/idUSFWN1A00AA
2016-07-16,http://www.reuters.com/article/idUSFWN1A10HB
2016-07-28,https://www.nytimes.com/2016/07/28/business/dealbook/liontree-hires-jpmorgan-banker-to-lead-european-division.html
2016-07-29,http://www.reuters.com/article/idUSFWN1AE1N7
2016-08-17,http://www.reuters.com/article/idUSFWN1AX0QX
2016-08-18,http://www.reuters.com/article/idUSFWN1AY0FT
2016-08-19,http://www.reuters.com/article/idUSL3N1AZ47P
2016-09-06,https://www.nytimes.com/2016/09/06/business/dealbook/barclays-jpmorgan-staley-throsby.html
2016-09-09,http://www.reuters.com/article/idUSFWN1BK0KI
2016-09-13,https://www.nytimes.com/2016/09/13/business/dealbook/hsbc-adds-former-ceo-of-singapores-dbs-bank-to-board.html
2016-09-15,http://www.reuters.com/article/jpmorgan-moves-clarencenunn-idUSL3N1BQ42L
2016-09-15,http://www.reuters.com/article/idUSFWN1BQ08R
2016-09-21,https://www.nytimes.com/2016/09/21/business/dealbook/jpmorgan-picks-todd-combs-a-warren-buffett-protege-to-join-board.html
2016-09-21,http://www.reuters.com/article/idUSFWN1BW0N3
2016-09-23,https://www.nytimes.com/2016/09/23/business/dealbook/jp-morgan-may-face-new-scrutiny-in-china-hiring-case.html
2016-09-28,http://www.reuters.com/article/idUSFWN1C30CN
2016-10-04,http://www.reuters.com/article/idUSASC099XE
2016-10-15,http://www.reuters.com/article/idUSL4N1CK3GZ
2016-10-15,http://www.reuters.com/article/idUSFWN1CK07U
2016-10-18,http://www.reuters.com/article/idUSFWN1CN04I
2016-10-21,http://www.reuters.com/article/idUSFWN1CQ10H
2016-10-28,http://www.reuters.com/article/idUSASC09DXU
2016-11-10,http://www.reuters.com/article/jpmorgan-wealth-compliance-idUSL1N1DA3RN
2016-11-11,http://www.reuters.com/article/us-jpmorgan-wealth-compliance-idUSKBN1343LK
2016-11-16,http://www.reuters.com/article/idUSFWN1DG0KT
2016-11-17,https://www.nytimes.com/2016/11/18/business/dealbook/jpmorgan-chase-to-pay-264-million-to-settle-foreign-bribery-charges.html
2016-11-17,https://www.nytimes.com/2016/11/18/business/dealbook/jpmorgan-bribery-china-too-big-to-fail-goldman.html
2016-11-17,https://www.nytimes.com/2016/11/17/business/dealbook/jpmorgan-is-said-to-settle-bribery-case-over-hiring-in-china.html
2016-11-18,http://www.reuters.com/article/idUSFWN1DI0J2
2016-12-01,https://www.nytimes.com/2016/12/01/business/wall-st-is-mixed-as-oil-prices-keep-rising.html
2016-12-07,https://www.nytimes.com/2016/12/07/business/dealbook/europe-fine-euribor-jpmorgan-hsbc-credit-agricole.html
2016-12-08,http://www.reuters.com/article/idUSFWN1E20WM
2016-12-08,http://www.reuters.com/article/idUSFWN1E20YY
2016-12-09,http://www.reuters.com/article/idUSFWN1E30O2
2016-12-14,http://www.reuters.com/article/idUSFit983350
2016-12-14,http://www.reuters.com/article/idUSFWN1E80PD
2016-12-15,http://www.reuters.com/article/idUSFWN1E90QA
2016-12-16,http://www.reuters.com/article/idUSFit983877
2017-01-05,http://www.reuters.com/article/idUSFWN1EU0SC
2017-01-07,http://www.reuters.com/article/idUSFWN1EW0SX
2017-01-11,https://www.nytimes.com/2017/01/11/business/dealbook/jpmorgan-chase-johnny-burris-whistleblower.html
2017-01-12,http://www.reuters.com/article/idUSFWN1F10SY
2017-01-14,http://www.reuters.com/article/idUSFWN1F30T4
2017-01-14,http://www.reuters.com/article/idUSL5N1F336B
2017-01-14,http://www.reuters.com/article/idUSL4N1F3432
2017-01-14,http://www.reuters.com/article/idUSL4N1F24YI
2017-01-18,https://www.nytimes.com/2017/01/18/business/dealbook/jpmorgan-55-million-mortgage-discrimination-settlement.html
2017-01-19,http://www.reuters.com/article/idUSFWN1F80QE
2017-01-19,http://www.reuters.com/article/jpmorgan-discrimination-idUSL1N1F81AB
2017-01-19,http://www.reuters.com/article/us-jpmorgan-discrimination-idUSKBN1522AM
2017-01-19,http://www.reuters.com/article/jpmorgan-discrimination-idUSL1N1F8177
2017-01-19,http://www.reuters.com/article/jpmorgan-discrimination-idUSL1N1F815B
2017-01-20,http://www.reuters.com/article/idUSFWN1F90ZB
2017-01-21,http://www.reuters.com/article/idUSFWN1FA0T7
2017-01-24,http://www.reuters.com/article/idUSFWN1FD0OS
2017-01-24,http://www.reuters.com/article/idUSFWN1FD0OP
2017-02-02,http://www.reuters.com/article/idUSFWN1FM14B
2017-02-14,http://www.reuters.com/article/idUSFWN1FY0Y3
2017-02-27,https://www.nytimes.com/2017/02/27/business/dealbook/ethereum-alliance-business-banking-security.html
2017-02-28,https://www.nytimes.com/2017/02/28/business/dealbook/blockchain-uber-hedge-funds.html
2017-03-11,http://www.reuters.com/article/brief-jpmorgan-chase-to-acquire-mcx-fint-idUSASB0B4ZO
2017-03-16,http://www.reuters.com/article/brief-jpmorgan-chase-declares-preferred-idUSASB0B5PS
2017-03-16,http://www.reuters.com/article/brief-jpmorgan-chase-co-says-credit-card-idUSFWN1GS09Q
2017-03-17,http://www.reuters.com/article/us-jpmorgan-wealth-quental-idUSKBN16N32L
2017-03-17,http://www.reuters.com/article/jpmorgan-wealth-quental-idUSL2N1GT280
2017-03-22,http://www.reuters.com/article/brief-jpmorgan-chase-declares-common-sto-idUSFWN1GY0NH
2017-03-22,http://www.reuters.com/article/financial-moves-idUSL3N1GY3LX
2017-03-22,http://www.reuters.com/article/jpmorgan-executives-smallbusiness-idUSL2N1GY0WV
2017-04-14,http://www.reuters.com/article/buzz-jpmorgan-chase-co-beats-estimates-o/buzz-jpmorgan-chase-co-beats-estimates-on-higher-fixed-income-revenue-idUSL3N1HL3VE
2017-04-14,http://www.reuters.com/article/brief-jpmorgan-chase-reports-q1-earnings/brief-jpmorgan-chase-reports-q1-earnings-of-1-65-per-share-idUSFWN1HK0A0
2017-04-17,https://www.nytimes.com/2017/04/16/business/earnings-from-two-big-banks-and-a-new-galaxy-from-samsung.html
2017-04-18,http://www.reuters.com/article/brief-jpmorgan-chase-co-delinquency-rate/brief-jpmorgan-chase-co-delinquency-rate-1-21-percent-at-march-end-idUSFWN1HP00U
2017-04-19,http://www.reuters.com/article/brief-navient-will-acquire-about-69-bln/brief-navient-will-acquire-about-6-9-bln-in-education-loan-assets-from-jpmorgan-chase-idUSFWN1HQ0L5
2017-04-21,https://www.nytimes.com/2017/04/21/business/regulators-worry-banks-are-too-big-to-fail-the-markets-dont.html
2017-04-28,http://www.reuters.com/article/brief-motorola-solutions-enters-into-rev/brief-motorola-solutions-enters-into-revolving-credit-agreement-with-jpmorgan-chase-bank-idUSFWN1HZ1JS
2017-04-28,http://www.reuters.com/article/us-jpmorgan-r3/jpmorgan-chase-co-leaves-blockchain-consortium-r3-idUSKBN17T2T4
2017-04-28,http://www.reuters.com/article/jpmorgan-r3/update-3-jpmorgan-chase-co-leaves-blockchain-consortium-r3-idUSL1N1HZ1WZ
2017-04-28,http://www.reuters.com/article/jpmorgan-r3/jpmorgan-chase-co-leaves-blockchain-consortium-r3-idUSL1N1HZ2C6
2017-04-28,http://www.reuters.com/article/jpmorgan-r3/jpmorgan-chase-co-leaves-blockchain-consortium-r3-sources-idUSL1N1HZ1VR
2017-05-09,http://www.reuters.com/article/brief-whistlepig-secures-25-mln-credit-f/brief-whistlepig-secures-25-mln-credit-facility-from-jpmorgan-chase-idUSASA09NS6
2017-05-16,https://www.nytimes.com/2017/05/16/business/dealbook/movers-jpmorgan-ecj-skybridge.html
2017-05-17,http://www.reuters.com/article/brief-jpmorgan-chase-co-declares-quarter/brief-jpmorgan-chase-co-declares-quarterly-dividend-of-50-cents-per-share-on-outstanding-shares-of-common-stock-idUSFWN1II0QD
2017-05-20,http://www.reuters.com/article/brief-jpmorgan-chase-co-says-shareholder/brief-jpmorgan-chase-co-says-shareholders-dispprove-proposal-on-independent-board-chairman-idUSFWN1IL0I2
2017-06-07,http://www.reuters.com/article/brief-jpmorgan-chase-co-reports-5-pct-pa/brief-jpmorgan-chase-co-reports-5-pct-passive-stake-in-natural-resource-partners-lp-idUSFWN1J30GI
2017-06-08,https://www.nytimes.com/2017/06/08/business/dealbook/matt-zames-jpmorgan-chase-resign.html
2017-06-09,https://www.nytimes.com/2017/06/09/business/dealbook/jpmorgan-dimon-zames-ceo.html
2017-06-09,http://www.reuters.com/article/brief-jpmorgan-chases-coo-decides-to-lea/brief-jpmorgan-chases-coo-decides-to-leave-company-idUSFWN1J50ME
2017-06-10,http://www.reuters.com/article/brief-jpmorgan-chase-co-reports-161-pct/brief-jpmorgan-chase-co-reports-16-1-pct-passive-stake-in-easterly-government-properties-idUSFWN1J60ML
2017-06-16,http://www.reuters.com/article/brief-jpmorgan-chase-co-says-credit-card/brief-jpmorgan-chase-co-says-credit-card-charge-off-rate-2-50-in-may-idUSFWN1JC06X
2017-06-20,http://www.reuters.com/article/brief-huntsman-enters-into-17th-amendmen/brief-huntsman-enters-into-17th-amendment-to-credit-agreemen-with-jpmorgan-chase-bank-idUSFWN1JG0IT
2017-06-29,http://www.reuters.com/article/brief-jpmorgan-chase-plans-dividend-incr/brief-jpmorgan-chase-plans-dividend-increase-19-4-bln-capital-repurchase-program-idUSFWN1JP0OE
2017-06-29,http://www.reuters.com/article/us-jpmorgan-branches/jpmorgan-chase-to-centralize-energy-controls-for-4500-branches-idUSKBN19J0B6
2017-06-29,http://www.reuters.com/article/jpmorgan-branches/jpmorgan-chase-to-centralize-energy-controls-for-4500-branches-idUSL1N1JO25X
2017-06-30,http://www.reuters.com/article/brief-infusystem-announces-amendment-to/brief-infusystem-announces-amendment-to-existing-credit-facility-with-jpmorgan-chase-idUSASA09VMA
2017-07-04,https://www.nytimes.com/2017/07/04/business/dealbook/worldpay-share-price-jpmorgan-vantiv.html
2017-07-05,https://www.nytimes.com/2017/07/05/business/dealbook/morning-agenda-worldpay-jpmorgan-vantiv-payments.html
2017-07-06,http://www.reuters.com/article/brief-jpmorgan-chase-co-says-does-not-in/brief-jpmorgan-chase-co-says-does-not-intend-to-make-offer-for-worldpay-idUSFWN1JW0E1
2017-07-08,http://www.reuters.com/article/brief-virtu-financial-on-june-30-orchest/brief-virtu-financial-on-june-30-orchestra-borrower-entered-into-escrow-credit-agreement-with-lenders-party-thereto-and-jpmorgan-chase-bank-idUSFWN1JY0MH
2017-07-08,http://www.reuters.com/article/brief-jpmorgan-chase-co-reports-112-pct/brief-jpmorgan-chase-co-reports-11-2-pct-passive-stake-in-blue-apron-holdings-idUSFWN1JY0HM
2017-07-14,https://www.nytimes.com/2017/07/14/business/dealbook/jpmorgan-wells-fargo-citigroup-earnings.html
2017-07-14,https://www.nytimes.com/2017/07/14/business/dealbook/jpmorgan-and-citigroup-report-slow-trading-in-otherwise-strong-results.html
2017-07-15,http://www.reuters.com/article/brief-jpmorgan-chase-q2-earnings-per-sha/brief-jpmorgan-chase-q2-earnings-per-share-1-82-idUSFWN1K503J
2017-07-15,http://www.reuters.com/article/brief-jpmorgan-chase-results-press-relea/brief-jpmorgan-chase-results-press-release-idUSL4N1K53UC
2017-07-21,http://www.reuters.com/article/brief-jpmorgan-chase-and-paypal-strike-p/brief-jpmorgan-chase-and-paypal-strike-payments-partnership-idUSFWN1KB0MR
2017-07-28,http://www.reuters.com/article/brief-heska-adds-growth-capital-with-30/brief-heska-adds-growth-capital-with-30-mln-credit-agreement-with-jpmorgan-chase-idUSFWN1KI1GQ
2017-08-03,http://www.reuters.com/article/us-usa-jpmorgan-cfpb/u-s-orders-jpmorgan-chase-to-pay-4-6-million-over-checking-account-reports-idUSKBN1AI2E4
2017-08-03,http://www.reuters.com/article/usa-jpmorgan-cfpb/update-2-u-s-orders-jpmorgan-chase-to-pay-4-6-mln-over-checking-account-reports-idUSL1N1KO1E6
2017-08-03,http://www.reuters.com/article/usa-jpmorgan-cfpb/u-s-orders-jpmorgan-chase-to-pay-4-6-mln-over-checking-account-reports-idUSL1N1KO1CK
2017-08-11,http://www.reuters.com/article/us-jpmorgan-executive-leopold/jpmorgan-chase-names-new-hr-chief-member-of-operating-committee-idUSKBN1AQ2MY
2017-08-11,http://www.reuters.com/article/jpmorgan-executive-leopold/moves-jpmorgan-chase-names-new-hr-chief-member-of-operating-committee-idUSL1N1KW28Q
2017-09-15,http://www.reuters.com/article/us-jpmorgan-chicago/jpmorgan-chase-extends-urban-renewal-investments-to-chicago-idUSKCN1BP0FR
2017-09-15,http://www.reuters.com/article/jpmorgan-chicago/jpmorgan-chase-extends-urban-renewal-investments-to-chicago-idUSL2N1LU255
2017-09-20,http://www.reuters.com/article/brief-jpmorgan-chase-co-says-declared-a/brief-jpmorgan-chase-co-says-declared-a-quarterly-dividend-of-56-cents-per-share-idUSFWN1M00MF
2017-09-20,http://www.reuters.com/article/brief-csw-industrials-enters-into-first/brief-csw-industrials-enters-into-first-amended-and-restated-credit-agreement-with-jpmorgan-chase-sec-filing-idUSFWN1M00GS
2017-09-29,http://www.reuters.com/article/fitch-affirms-jpmorgan-chase-co-at-a-out/fitch-affirms-jpmorgan-chase-co-at-a-outlook-stable-idUSFitblSFHM
2017-10-06,http://www.reuters.com/article/brief-jpmorgan-chase-announces-adjustmen/brief-jpmorgan-chase-announces-adjustment-to-warrant-exercise-price-idUSFWN1MG0JN
2017-10-13,http://www.reuters.com/article/brief-jpmorgan-chase-co-q3-earnings-per/brief-jpmorgan-chase-co-q3-earnings-per-share-1-76-idUSL8N1MN34D
2017-10-13,http://www.reuters.com/article/brief-jpmorgan-chase-sees-2017-firmwide/brief-jpmorgan-chase-sees-2017-firmwide-adjusted-expense-to-be-about-58-bln-idUSFWN1MM0FO
2017-10-17,http://www.reuters.com/article/brief-jpmorgan-chase-credit-card-delinqu/brief-jpmorgan-chase-credit-card-delinquency-and-charge-off-rates-for-september-idUSFWN1MR0GS
2017-10-18,http://www.reuters.com/article/brief-jpmorgan-chase-co-announces-plan-t/brief-jpmorgan-chase-co-announces-plan-to-acquire-wepay-idUSFWN1MS0WF
2017-10-21,http://www.reuters.com/article/brief-jpmorgan-chase-issues-shares-of-fi/brief-jpmorgan-chase-issues-shares-of-fixed-to-floating-rate-non-cumulative-preferred-stock-idUSFWN1MV11F
2017-10-31,http://www.reuters.com/article/brief-jpmorgan-chase-reports-208-pct-sta/brief-jpmorgan-chase-reports-20-8-pct-stake-in-triangle-petroleum-corp-as-of-oct-19-idUSFWN1N51MC
2017-11-01,http://www.reuters.com/article/brief-jpmorgan-chase-will-redeem-all-out/brief-jpmorgan-chase-will-redeem-all-outstanding-shares-of-5-50-non-cumulative-preferred-stock-series-o-idUSFWN1N617N
2017-11-01,http://www.reuters.com/article/brief-jpmorgan-chase-to-redeem-non-cumul/brief-jpmorgan-chase-to-redeem-non-cumulative-preferred-stock-idUSFWN1N6179
