2014-01-02,http://www.reuters.com/article/2014/01/02/co-unitedhealthcare-php-idUSnBw025017a+100+BSW20140102
2014-01-06,http://www.reuters.com/article/2014/01/06/mn-unitedhealthcare-idUSnBw065229a+100+BSW20140106
2014-01-06,http://www.reuters.com/article/2014/01/06/bc-ac-idUSnPn7mfNhn+84+PRN20140106
2014-01-07,http://www.reuters.com/article/2014/01/08/mn-unitedhealthcare-idUSnBw076956a+100+BSW20140108
2014-01-07,http://www.reuters.com/article/2014/01/07/mn-unitedhealthcare-idUSnBw075652a+100+BSW20140107
2014-01-08,http://www.reuters.com/article/2014/01/08/mn-unitedhealthcare-idUSnBw085254a+100+BSW20140108
2014-01-09,http://www.reuters.com/article/2014/01/09/mn-unitedhealthcare-idUSnBw095267a+100+BSW20140109
2014-01-16,http://www.reuters.com/article/2014/01/16/us-unitedhealth-results-idUSBREA0F0MY20140116
2014-01-16,http://www.reuters.com/article/2014/01/16/unitedhealth-results-idUSL2N0KQ0HV20140116
2014-01-16,http://www.reuters.com/article/2014/01/16/unitedhealth-results-idUSWEN00C4Y20140116
2014-01-16,http://www.reuters.com/article/2014/01/16/unitedhealth-brief-idUSWEN00C4V20140116
2014-01-16,http://www.reuters.com/article/2014/01/16/unitedhealth-results-idUSL2N0KQ0HK20140116
2014-01-16,http://www.reuters.com/article/2014/01/16/mn-unitedhealth-group-idUSnBw165359a+100+BSW20140116
2014-01-20,http://www.reuters.com/article/2014/01/20/idUSnGNX4rzL1N+1c5+GNW20140120
2014-01-28,http://www.reuters.com/article/2014/01/28/il-zacks-investments-idUSnPnCGmXQkT+16d+PRN20140128
2014-02-11,http://www.reuters.com/article/2014/02/11/ma-unitedhealthcare-idUSnBw116794a+100+BSW20140211
2014-02-13,http://www.reuters.com/article/2014/02/13/mn-unitedhealth-group-idUSnBw135159a+100+BSW20140213
2014-02-19,http://www.reuters.com/article/2014/02/19/nv-unitedhealthcare-idUSnBw196774a+100+BSW20140219
2014-02-20,http://www.reuters.com/article/2014/02/20/mn-unitedhealthcare-idUSnBw205082a+100+BSW20140220
2014-02-24,http://www.reuters.com/article/2014/02/24/mn-unitedhealthcare-idUSnBw245245a+100+BSW20140224
2014-02-25,http://www.reuters.com/article/2014/02/25/idUSnMKWyqH37a+1c8+MKW20140225
2014-02-27,http://www.reuters.com/article/2014/02/28/tx-unitedhealthcare-idUSnBw276793a+100+BSW20140228
2014-02-28,http://www.reuters.com/article/2014/02/28/ca-unitedhealthcare-idUSnBw285941a+100+BSW20140228
2014-03-04,http://www.reuters.com/article/2014/03/04/ny-unitedhealthcare-idUSnBw045342a+100+BSW20140304
2014-03-06,http://www.reuters.com/article/2014/03/06/fl-unitedhealthcare-idUSnBw065032a+100+BSW20140306
2014-03-07,https://www.nytimes.com/2014/03/07/business/companies-turn-to-private-exchanges-to-control-health-care-costs.html
2014-03-11,http://www.reuters.com/article/2014/03/11/ct-unitedhealthcare-idUSnBw116356a+100+BSW20140311
2014-03-12,http://www.reuters.com/article/2014/03/12/zackscom-idUSnPnCGzddkT+161+PRN20140312
2014-03-14,http://www.reuters.com/article/2014/03/14/bc-analystsreviewcom-idUSnPnqltchn+80+PRN20140314
2014-03-20,http://www.reuters.com/article/2014/03/20/tx-unitedhealthcare-idUSnBw206051a+100+BSW20140320
2014-03-20,http://www.reuters.com/article/2014/03/20/bc-investor-edge-idUSnPnZZdN2+5a+PRN20140320
2014-03-24,http://www.reuters.com/article/2014/03/24/mn-unitedhealth-group-idUSnBw245185a+100+BSW20140324
2014-03-25,http://www.reuters.com/article/2014/03/25/mn-unitedhealth-group-idUSnBw256614a+100+BSW20140325
2014-03-25,http://www.reuters.com/article/2014/03/25/nj-am-best-idUSnBw256566a+100+BSW20140325
2014-03-27,http://www.reuters.com/article/2014/03/27/mn-unitedhealth-group-idUSnBw275200a+100+BSW20140327
2014-04-07,http://www.reuters.com/article/2014/04/07/ne-unitedhealthcare-idUSnBw076520a+100+BSW20140407
2014-04-08,http://www.reuters.com/article/2014/04/08/la-unitedhealthcare-idUSnBw085413a+100+BSW20140408
2014-04-08,http://www.reuters.com/article/2014/04/08/ca-pioneer-electronics-idUSnBw085450a+100+BSW20140408
2014-04-08,http://www.reuters.com/article/2014/04/08/bc-analysts-review-idUSnPn2NrqJj+92+PRN20140408
2014-04-10,http://www.reuters.com/article/2014/04/10/ny-fitch-ratings-unitedh-idUSnBw106360a+100+BSW20140410
2014-04-10,http://www.reuters.com/article/2014/04/10/fitch-affirms-unitedhealth-groups-idr-at-idUSFit69676120140410
2014-04-10,http://www.reuters.com/article/2014/04/10/bc-es-idUSnPn10HXZf+8e+PRN20140410
2014-04-11,http://www.reuters.com/article/2014/04/11/bc-analysts-review-idUSnPn4k6TPc+86+PRN20140411
2014-04-12,http://www.reuters.com/article/2014/04/12/mn-unitedhealthcare-idUSnBw125031a+100+BSW20140412
2014-04-12,http://www.reuters.com/article/2014/04/12/mn-unitedhealthcare-idUSnBw125027a+100+BSW20140412
2014-04-17,http://www.reuters.com/article/2014/04/17/us-unitedheal-grp-results-idUSBREA3G0KN20140417
2014-04-17,http://www.reuters.com/article/2014/04/17/unitedheal-grp-results-idUSL2N0N90CG20140417
2014-04-17,http://www.reuters.com/article/2014/04/17/unitedhealth-brief-idUSWEN00CXD20140417
2014-04-17,http://www.reuters.com/article/2014/04/17/unitedhealthgrp-brief-idUSWEN00CXC20140417
2014-04-17,http://www.reuters.com/article/2014/04/17/unitedheal-grp-results-idUSL2N0N811720140417
2014-04-17,http://www.reuters.com/article/2014/04/17/mn-unitedhealth-idUSnBw175400a+100+BSW20140417
2014-04-18,https://www.nytimes.com/2014/04/18/business/citing-the-federal-health-care-law-unitedhealth-says-profit-fell.html
2014-04-24,http://www.reuters.com/article/2014/04/24/ky-unitedhealthcare-idUSnBw246728a+100+BSW20140424
2014-04-24,http://www.reuters.com/article/2014/04/24/fl-unitedhealthcare-idUSnBw246549a+100+BSW20140424
2014-04-25,http://www.reuters.com/article/2014/04/25/bc-analysts-review-idUSnPn6xMcht+88+PRN20140425
2014-04-26,http://www.reuters.com/article/2014/04/26/nj-unitedhealthcare-idUSnBw265004a+100+BSW20140426
2014-04-29,http://www.reuters.com/article/2014/04/29/mn-unitedhealth-group-idUSnBw297139a+100+BSW20140429
2014-04-30,http://www.reuters.com/article/2014/04/30/az-unitedhealthcare-idUSnBw305044a+100+BSW20140430
2014-05-02,http://www.reuters.com/article/2014/05/02/mn-unitedhealth-group-idUSnBw025944a+100+BSW20140502
2014-05-05,http://www.reuters.com/article/2014/05/05/bc-analystsreviewcom-idUSnPn7KGC2w+9c+PRN20140505
2014-05-06,http://www.reuters.com/article/2014/05/06/az-unitedhealthcare-acn-idUSnBw065227a+100+BSW20140506
2014-05-06,http://www.reuters.com/article/2014/05/06/idUSnGNX9rJWW4+1ce+GNW20140506
2014-05-12,http://www.reuters.com/article/2014/05/12/ny-unitedhealthcare-idUSnBw125059a+100+BSW20140512
2014-05-15,http://www.reuters.com/article/2014/05/15/pa-unitedhealthcare-idUSnBw155183a+100+BSW20140515
2014-05-16,http://www.reuters.com/article/2014/05/16/ca-unitedhealth-group-idUSnBw165979a+100+BSW20140516
2014-05-16,http://www.reuters.com/article/2014/05/16/tn-unitedhealthcare-idUSnBw165060a+100+BSW20140516
2014-05-21,http://www.reuters.com/article/2014/05/21/bc-analysts-review-idUSnPn11QdLs+8a+PRN20140521
2014-05-23,http://www.reuters.com/article/2014/05/23/idUSnMKWSxTxTa+1ea+MKW20140523
2014-05-23,http://www.reuters.com/article/2014/05/23/bc-analysts-review-idUSnPnbgK7GG+8b+PRN20140523
2014-05-26,http://www.reuters.com/article/2014/05/26/va-unitedhealthcare-idUSnBw265023a+100+BSW20140526
2014-05-27,http://www.reuters.com/article/2014/05/27/oh-unitedhealthcare-idUSnBw276672a+100+BSW20140527
2014-05-28,http://www.reuters.com/article/2014/05/28/ri-unitedhealthcare-idUSnBw285146a+100+BSW20140528
2014-05-29,http://www.reuters.com/article/2014/05/30/ca-californiachoice-idUSnBw296488a+100+BSW20140530
2014-06-02,http://www.reuters.com/article/2014/06/02/mn-unitedhealth-group-idUSnBw026420a+100+BSW20140602
2014-06-03,http://www.reuters.com/article/2014/06/03/zacks-equity-research-idUSnPnc5LDrv+8c+PRN20140603
2014-06-03,http://www.reuters.com/article/2014/06/03/bc-analysts-review-idUSnPn6T5FNF+97+PRN20140603
2014-06-04,http://www.reuters.com/article/2014/06/04/mn-unitedhealth-group-idUSnBw045217a+100+BSW20140604
2014-06-05,http://www.reuters.com/article/2014/06/05/ks-unitedhealthcare-idUSnBw055034a+100+BSW20140605
2014-06-05,http://www.reuters.com/article/2014/06/05/mn-unitedhealthcare-idUSnBw055189a+100+BSW20140605
2014-06-05,http://www.reuters.com/article/2014/06/05/bc-ie-idUSnPnbYJqYc+9a+PRN20140605
2014-06-07,http://www.reuters.com/article/2014/06/08/ks-unitedhealthcare-idUSnBw075048a+100+BSW20140608
2014-06-09,http://www.reuters.com/article/2014/06/09/il-zacks-keurig-idUSnPnbTHQT5+9e+PRN20140609
2014-06-11,http://www.reuters.com/article/2014/06/11/bc-analysts-review-idUSnPn71kDfj+84+PRN20140611
2014-06-18,http://www.reuters.com/article/2014/06/18/ny-unitedhealthcare-idUSnBw185190a+100+BSW20140618
2014-06-18,http://www.reuters.com/article/2014/06/18/clinicient-support-idUSnPnbZq04K+91+PRN20140618
2014-06-19,http://www.reuters.com/article/2014/06/20/mn-unitedhealth-idUSnBw196684a+100+BSW20140620
2014-06-21,http://www.reuters.com/article/2014/06/21/mn-unitedhealthcare-idUSnBw215024a+100+BSW20140621
2014-06-21,http://www.reuters.com/article/2014/06/21/ca-unitedhealthcare-idUSnBw215004a+100+BSW20140621
2014-06-24,http://www.reuters.com/article/2014/06/24/ny-unitedhealthcare-idUSnBw246642a+100+BSW20140624
2014-06-24,http://www.reuters.com/article/2014/06/24/mn-unitedhealth-group-idUSnBw245446a+100+BSW20140624
2014-06-25,http://www.reuters.com/article/2014/06/25/ny-unitedhealthcare-idUSnBw255107a+100+BSW20140625
2014-06-27,http://www.reuters.com/article/2014/06/27/bc-analystsreviewcom-idUSnPn5ZqB5N+95+PRN20140627
2014-07-01,https://www.nytimes.com/2014/07/01/business/unitedhealth-an-insurer-switching-roles-helps-hospitals-on-medicare-billing.html
2014-07-08,http://www.reuters.com/article/2014/07/08/us-usa-healthcare-unitedhealth-idUSKBN0FD2DY20140708
2014-07-08,http://www.reuters.com/article/2014/07/08/usa-healthcare-unitedhealth-idUSL2N0PE21320140708
2014-07-09,http://www.reuters.com/article/2014/07/09/bc-ie-idUSnPnll4fL+41+PRN20140709
2014-07-10,http://www.reuters.com/article/2014/07/10/il-zack-investments-idUSnPn5rDBpR+8d+PRN20140710
2014-07-17,http://www.reuters.com/article/2014/07/17/us-unitedhealth-results-idUSKBN0FM14020140717
2014-07-17,http://www.reuters.com/article/2014/07/17/unitedhealth-results-idUSL4N0PS2XQ20140717
2014-07-17,http://www.reuters.com/article/2014/07/17/unitedhealth-brief-idUSWEN00DKW20140717
2014-07-17,http://www.reuters.com/article/2014/07/17/unitedhealth-results-idUSL4N0PS2U020140717
2014-07-17,http://www.reuters.com/article/2014/07/17/mn-unitedhealth-idUSnBw175418a+100+BSW20140717
2014-07-21,http://www.reuters.com/article/2014/07/21/az-unitedhealthcare-idUSnBw215198a+100+BSW20140721
2014-07-21,http://www.reuters.com/article/2014/07/21/ny-unitedhealthcare-idUSnBw215183a+100+BSW20140721
2014-07-22,http://www.reuters.com/article/2014/07/23/mn-unitedhealth-group-idUSnBw226739a+100+BSW20140723
2014-07-22,http://www.reuters.com/article/2014/07/22/mn-unitedhealthcare-idUSnBw225137a+100+BSW20140722
2014-07-23,http://www.reuters.com/article/2014/07/23/ia-unitedhlth-unitypoint-idUSnBw235144a+100+BSW20140723
2014-07-24,http://www.reuters.com/article/2014/07/24/mn-unitedhealthcare-4-h-idUSnBw245083a+100+BSW20140724
2014-07-28,http://www.reuters.com/article/2014/07/28/mn-unitedhealthcare-idUSnBw285031a+100+BSW20140728
2014-07-29,http://www.reuters.com/article/2014/07/29/tx-tenet-healthcare-idUSnBw295714a+100+BSW20140729
2014-07-29,http://www.reuters.com/article/2014/07/29/mn-unitedhealthcare-idUSnBw295232a+100+BSW20140729
2014-07-30,http://www.reuters.com/article/2014/07/30/mn-unitedhealthcare-idUSnBw306459a+100+BSW20140730
2014-08-01,http://www.reuters.com/article/2014/08/01/bc-analysts-review-idUSnPnhRbXS+4b+PRN20140801
2014-08-07,http://www.reuters.com/article/2014/08/07/wa-unitedhealthcare-idUSnBw075029a+100+BSW20140807
2014-08-07,http://www.reuters.com/article/2014/08/07/co-unitedhealthcare-idUSnBw075178a+100+BSW20140807
2014-08-08,http://www.reuters.com/article/2014/08/08/hi-unitedhealth-group-idUSnBw085742a+100+BSW20140808
2014-08-08,http://www.reuters.com/article/2014/08/08/mn-unitedhealth-group-idUSnBw085594a+100+BSW20140808
2014-08-10,http://www.reuters.com/article/2014/08/10/co-unitedhealthcare-idUSnBw105006a+100+BSW20140810
2014-08-12,http://www.reuters.com/article/2014/08/12/bc-analysts-review-idUSnPn3MFrdR+99+PRN20140812
2014-08-13,http://www.reuters.com/article/2014/08/12/bc-analysts-review-idUSnPn3MFrdR+99+PRN20140812
2014-08-14,http://www.reuters.com/article/2014/08/13/mn-unitedhealth-group-idUSnBw135065a+100+BSW20140813
2014-08-15,http://www.reuters.com/article/2014/08/14/bc-investor-edgecom-idUSnPn3zSMT3+8e+PRN20140814
2014-08-17,http://www.reuters.com/article/2014/08/16/mn-unitedhealthcare-idUSnBw165008a+100+BSW20140816
2014-08-22,http://www.reuters.com/article/2014/08/21/ny-unitedhealthcare-4-h-idUSnBw216078a+100+BSW20140821
2014-08-22,http://www.reuters.com/article/2014/08/21/bc-ar-idUSnPn5VFKH0+9e+PRN20140821
2014-08-26,http://www.reuters.com/article/2014/08/25/ca-unitedhealthcare-idUSnBw255107a+100+BSW20140825
2014-08-28,http://www.reuters.com/article/2014/08/27/il-connectedhealth-idUSnBw275687a+100+BSW20140827
2014-08-28,http://www.reuters.com/article/2014/08/27/az-unitedhealthcare-idUSnBw275083a+100+BSW20140827
2014-08-29,http://www.reuters.com/article/2014/08/28/ne-unitedhealthcare-4-h-idUSnBw286135a+100+BSW20140828
2014-08-30,http://www.reuters.com/article/2014/08/29/bc-analystsreviewcom-idUSnPn7rlnnk+80+PRN20140829
2014-09-05,http://www.reuters.com/article/2014/09/04/ny-unitedhealthcare-idUSnBw045246a+100+BSW20140904
2014-09-09,http://www.reuters.com/article/2014/09/08/bc-analysts-review-idUSnPn4qprJP+83+PRN20140908
2014-09-09,http://www.reuters.com/article/2014/09/08/tx-insperity-idUSnBw085144a+100+BSW20140908
2014-09-16,http://www.reuters.com/article/2014/09/15/mn-unitedhealthcare-idUSnBw156273a+100+BSW20140915
2014-09-16,http://www.reuters.com/article/2014/09/15/mn-unitedhealth-group-idUSnBw155092a+100+BSW20140915
2014-09-16,http://www.reuters.com/article/2014/09/15/tn-healthways-idUSnBw155128a+100+BSW20140915
2014-09-17,http://www.reuters.com/article/2014/09/16/bc-analysts-review-idUSnPn31cTZm+86+PRN20140916
2014-09-19," Use ""Pedal Power"" and Gardening to Help Tackle Obesity and Encourage Healthy Lifestyles Among Youth"""
2014-09-19,http://www.reuters.com/article/2014/09/18/ny-fitch-ratings-unitedh-idUSnBw186162a+100+BSW20140918
2014-09-20,http://www.reuters.com/article/2014/09/19/az-unitedhealthcare-idUSnBw195962a+100+BSW20140919
2014-09-20,http://www.reuters.com/article/2014/09/19/ri-unitedhealthcare-idUSnBw195952a+100+BSW20140919
2014-09-20,http://www.reuters.com/article/2014/09/19/ny-paychex-idUSnBw195694a+100+BSW20140919
2014-09-23,http://www.reuters.com/article/2014/09/22/hi-unitedhealth-group-idUSnBw226160a+100+BSW20140922
2014-09-23,http://www.reuters.com/article/2014/09/22/ca-unitedhealth-group-idUSnBw226148a+100+BSW20140922
2014-09-24,http://www.reuters.com/article/2014/09/23/ma-unitedhealthcare-idUSnBw235110a+100+BSW20140923
2014-09-24,http://www.reuters.com/article/2014/09/23/mn-unitedhealth-group-idUSnBw235113a+100+BSW20140923
2014-09-25,http://www.reuters.com/article/2014/09/24/il-unitedhealthcare-idUSnBw245060a+100+BSW20140924
2014-09-26,http://www.reuters.com/article/2014/09/25/us-portugal-espiritosanto-healthcare-idUSKCN0HK2H020140925
2014-09-26,http://www.reuters.com/article/2014/09/25/portugal-espiritosanto-healthcare-idUSL6N0RQ58L20140925
2014-09-27,http://www.reuters.com/article/2014/09/26/nv-unitedhealthcare-idUSnBw265542a+100+BSW20140926
2014-09-28,http://www.reuters.com/article/2014/09/27/mn-unitedhealth-ironkids-idUSnBw275013a+100+BSW20140927
2014-09-30,http://www.reuters.com/article/2014/09/29/ca-unitedhealthcare-idUSnBw296480a+100+BSW20140929
2014-09-30,http://www.reuters.com/article/2014/09/29/nra-health-discounts-idUSnPn8L1CGp+96+PRN20140929
2014-09-30,http://www.reuters.com/article/2014/09/29/fl-unitedhealthcare-idUSnBw295095a+100+BSW20140929
2014-10-01,http://www.reuters.com/article/2014/09/30/ga-unitedhealth-group-idUSnBw306881a+100+BSW20140930
2014-10-01,http://www.reuters.com/article/2014/09/30/us-medsynergies-m-a-unitedheal-grp-idUSKCN0HP1FQ20140930
2014-10-01,http://www.reuters.com/article/2014/09/30/medsynergies-ma-unitedheal-grp-idUSL2N0RV0PK20140930
2014-10-02,http://www.reuters.com/article/2014/10/01/ca-unitedhealthcare-idUSnBw016813a+100+BSW20141001
2014-10-02,http://www.reuters.com/article/2014/10/01/mn-unitedhealthcare-idUSnBw015130a+100+BSW20141001
2014-10-03,http://www.reuters.com/article/2014/10/02/bc-analysts-review-idUSnPn3vH8zR+89+PRN20141002
2014-10-05,http://www.reuters.com/article/2014/10/04/mn-unitedhealthcare-idUSnBw045020a+100+BSW20141004
2014-10-07,http://www.reuters.com/article/2014/10/06/bc-investor-edge-idUSnPn2hf6Yl+82+PRN20141006
2014-10-09,http://www.reuters.com/article/2014/10/08/hi-unitedhealthcare-idUSnBw086399a+100+BSW20141008
2014-10-09,http://www.reuters.com/article/2014/10/08/il-unitedhealthcare-idUSnBw085253a+100+BSW20141008
2014-10-10,http://www.reuters.com/article/2014/10/09/mn-unitedhealthcare-idUSnBw095121a+100+BSW20141009
2014-10-11,http://www.reuters.com/article/2014/10/10/espiritosantosaudesa-brief-idUSL6N0S50QN20141010
2014-10-12,http://www.reuters.com/article/2014/10/11/mn-unitedhealthcare-4-h-idUSnBw115017a+100+BSW20141011
2014-10-15,http://www.reuters.com/article/2014/10/14/bc-analysts-review-idUSnPnpbmZy+42+PRN20141014
2014-10-16,http://www.reuters.com/article/2014/10/15/mn-unitedhealthcare-aarp-idUSnBw155233a+100+BSW20141015
2014-10-17,http://www.reuters.com/article/2014/10/16/idUSnMKW1Bxv1a+1d0+MKW20141016
2014-10-17,http://www.reuters.com/article/2014/10/16/us-unitedhealth-results-idUSKCN0I513O20141016
2014-10-17,http://www.reuters.com/article/2014/10/16/unitedhealth-results-idUSL2N0SB0I820141016
2014-10-17,http://www.reuters.com/article/2014/10/16/us-unitedheal-grp-results-medicalcosts-idUSKCN0I51LZ20141016
2014-10-17,http://www.reuters.com/article/2014/10/16/unitedheal-grp-results-medicalcosts-idUSL2N0SB0Z420141016
2014-10-17,http://www.reuters.com/article/2014/10/16/unitedhealth-group-brief-idUSL2N0SB0YK20141016
2014-10-17,http://www.reuters.com/article/2014/10/16/unitedhealth-results-idUSL2N0SB0I320141016
2014-10-17,http://www.reuters.com/article/2014/10/16/mn-unitedhealth-idUSnBw165234a+100+BSW20141016
2014-10-18,http://www.reuters.com/article/2014/10/17/oh-unitedhealthcare-idUSnBw175038a+100+BSW20141017
2014-10-22,http://www.reuters.com/article/2014/10/21/fl-unitedhealthcare-idUSnBw216566a+100+BSW20141021
2014-10-23,http://www.reuters.com/article/2014/10/22/mn-unitedhealthcare-idUSnBw225103a+100+BSW20141022
2014-10-23,http://www.reuters.com/article/2014/10/22/bc-analysts-review-idUSnPn7Lr9Gd+92+PRN20141022
2014-10-26,http://www.reuters.com/article/2014/10/25/mn-unitedhealth-ironkids-idUSnBw255008a+100+BSW20141025
2014-10-30,http://www.reuters.com/article/2014/10/29/il-zacks-industry-idUSnPn10sQnc+84+PRN20141029
2014-10-31,http://www.reuters.com/article/2014/10/30/ct-unitedhealthcare-idUSnBw306412a+100+BSW20141030
2014-10-31,http://www.reuters.com/article/2014/10/30/il-zacks-wellpoint-idUSnPn94k7YR+83+PRN20141030
2014-11-01,http://www.reuters.com/article/2014/10/31/il-zacks-investment-idUSnPn946rk+40+PRN20141031
2014-11-01,http://www.reuters.com/article/2014/10/31/bc-analysts-review-idUSnPnb6xhVB+83+PRN20141031
2014-11-05,http://www.reuters.com/article/2014/11/04/ny-unitedhlthcare-utica-idUSnBw046396a+100+BSW20141104
2014-11-06,http://www.reuters.com/article/2014/11/05/fl-unitedhealthcare-idUSnBw055130a+100+BSW20141105
2014-11-07,http://www.reuters.com/article/2014/11/06/tx-unitedhealthcare-idUSnBw065059a+100+BSW20141106
2014-11-08,http://www.reuters.com/article/2014/11/07/mn-unitedhealth-group-idUSnBw075341a+100+BSW20141107
2014-11-11,http://www.reuters.com/article/2014/11/10/az-unitedhealthcare-idUSnBw106323a+100+BSW20141110
2014-11-11,http://www.reuters.com/article/2014/11/10/bc-analysts-review-idUSnPn7Sth94+90+PRN20141110
2014-11-12,http://www.reuters.com/article/2014/11/11/az-unitedhealthcare-idUSnBw115166a+100+BSW20141111
2014-11-12,http://www.reuters.com/article/2014/11/11/il-zacks-analystblog-idUSnPn37t5H3+82+PRN20141111
2014-11-12,http://www.reuters.com/article/2014/11/11/bc-investor-edge-idUSnPn1PPQtK+9d+PRN20141111
2014-11-13,http://www.reuters.com/article/2014/11/12/idUSnMKW8J7Bga+1d4+MKW20141112
2014-11-13,http://www.reuters.com/article/2014/11/12/unitedhealth-moves-idUSL2N0T20QT20141112
2014-11-13,http://www.reuters.com/article/2014/11/12/mn-unitedhealth-group-idUSnBw125387a+100+BSW20141112
2014-11-14,http://www.reuters.com/article/2014/11/13/mn-unitedhealthcare-idUSnBw135268a+100+BSW20141113
2014-11-15,http://www.reuters.com/article/2014/11/14/us-unitedheal-grp-exchanges-interview-idUSKCN0IY2BN20141114
2014-11-15,http://www.reuters.com/article/2014/11/14/mn-unitedhealthcare-idUSnBw145017a+100+BSW20141114
2014-11-16,http://www.reuters.com/article/2014/11/15/mn-unitedhealthcare-idUSnBw155016a+100+BSW20141115
2014-11-19,http://www.reuters.com/article/2014/11/18/ny-unitedhealthcare-idUSnBw186706a+100+BSW20141118
2014-11-21,http://www.reuters.com/article/2014/11/20/jd-power-dentalsurvey-idUSnPncdLYGb+8e+PRN20141120
2014-11-21,http://www.reuters.com/article/2014/11/20/jdpwerreprtsvisionpln-idUSnPn9RyWd7+94+PRN20141120
2014-11-22,http://www.reuters.com/article/2014/11/21/mn-unitedhealth-group-idUSnBw215066a+100+BSW20141121
2014-11-24,http://www.reuters.com/article/2014/11/23/tx-unitedhealthcare-idUSnBw235019a+100+BSW20141123
2014-11-25,http://www.reuters.com/article/2014/11/24/cqn-mn-unitedhealthcare-idUSnBw245133a+100+BSW20141124
2014-11-27,http://www.reuters.com/article/2014/11/26/il-zacks-analystblog-idUSnPnb1Fm6d+88+PRN20141126
2014-11-27,http://www.reuters.com/article/2014/11/26/mn-unitedhealth-group-idUSnBw265059a+100+BSW20141126
2014-12-02,http://www.reuters.com/article/2014/12/01/mn-unitedhealth-group-idUSnBw015160a+100+BSW20141201
2014-12-03,http://www.reuters.com/article/2014/12/02/unitedheal-grp-outlook-idUSL2N0TM1AC20141202
2014-12-03,http://www.reuters.com/article/2014/12/02/us-unitedheal-grp-outlook-idUSKCN0JG1BF20141202
2014-12-03,http://www.reuters.com/article/2014/12/02/unitedheal-grp-outlook-idUSL2N0TM14H20141202
2014-12-03,http://www.reuters.com/article/2014/12/02/unitedheal-grp-outlook-idUSL2N0TM0M720141202
2014-12-04,http://www.reuters.com/article/2014/12/03/ny-unitedhealthcare-idUSnBw036338a+100+BSW20141203
2014-12-04,http://www.reuters.com/article/2014/12/03/ny-fitch-ratings-unitedh-idUSnBw035878a+100+BSW20141203
2014-12-04,http://www.reuters.com/article/2014/12/03/fitch-rates-unitedhealth-groups-planned-idUSFit85396020141203
2014-12-07,http://www.reuters.com/article/2014/12/06/mn-unitedhealthcare-idUSnBw065023a+100+BSW20141206
2014-12-09,http://www.reuters.com/article/2014/12/08/mn-unitedhealth-group-idUSnBw086225a+100+BSW20141208
2014-12-09,http://www.reuters.com/article/2014/12/08/tx-office-ally-idUSnBw085042a+100+BSW20141208
2014-12-12,http://www.reuters.com/article/2014/12/11/nj-am-best-idUSnBw116449a+100+BSW20141211
2014-12-12,http://www.reuters.com/article/2014/12/11/ct-unitedhealth-group-idUSnBw116015a+100+BSW20141211
2014-12-16,http://www.reuters.com/article/2014/12/15/tx-unitedhealthcare-idUSnBw155053a+100+BSW20141215
2014-12-17,http://www.reuters.com/article/2014/12/16/ny-unitedhealthcare-idUSnBw166584a+100+BSW20141216
2014-12-18,http://www.reuters.com/article/2014/12/18/mn-unitedhealthcare-idUSnBw176529a+100+BSW20141218
2014-12-19,http://www.reuters.com/article/2014/12/18/ri-unitedhealthcare-idUSnBw185046a+100+BSW20141218
2014-12-19,http://www.reuters.com/article/2014/12/18/mn-unitedhealthcare-idUSnBw185171a+100+BSW20141218
2014-12-23,http://www.reuters.com/article/2014/12/22/il-zacks-investment-idUSnPn9q5jtp+80+PRN20141222
2014-12-23,http://www.reuters.com/article/2014/12/22/il-zacks-investment-idUSnPn1BGq4S+99+PRN20141222
2014-12-24,http://www.reuters.com/article/2014/12/23/ny-unitedhealth-group-idUSnBw235033a+100+BSW20141223
2014-12-30,http://www.reuters.com/article/2014/12/29/bc-investor-edge-idUSnPn3n8Vcy+84+PRN20141229
2015-01-14,http://www.reuters.com/article/2015/01/13/ri-unitedhealthcare-idUSnBw136590a+100+BSW20150113
2015-01-15,http://www.reuters.com/article/2015/01/14/wi-unitedhealthcare-idUSnBw146285a+100+BSW20150114
2015-01-16,http://www.reuters.com/article/2015/01/15/ny-unitedhealthcare-idUSnBw155107a+100+BSW20150115
2015-01-22,http://www.reuters.com/article/2015/01/21/ga-unitedhealthcare-idUSnBw216515a+100+BSW20150121
2015-01-22,http://www.reuters.com/article/2015/01/21/us-usa-healthcare-demand-idUSKBN0KU2BC20150121
2015-01-22,http://www.reuters.com/article/2015/01/21/usa-healthcare-demand-idUSL1N0V01MH20150121
2015-01-22,http://www.reuters.com/article/2015/01/21/us-unitedhealth-results-cfo-idUSKBN0KU1R720150121
2015-01-22,http://www.reuters.com/article/2015/01/21/us-unitedhealth-results-idUSKBN0KU19220150121
2015-01-22,http://www.reuters.com/article/2015/01/21/unitedhealth-results-cfo-idUSL1N0V013320150121
2015-01-22,http://www.reuters.com/article/2015/01/21/us-unitedhealth-results-obamacare-idUSKBN0KU1SK20150121
2015-01-22,http://www.reuters.com/article/2015/01/21/unitedhealth-results-obamacare-idUSL1N0V015920150121
2015-01-22,http://www.reuters.com/article/2015/01/21/us-unitedhealth-results-ceo-idUSKBN0KU1OM20150121
2015-01-22,http://www.reuters.com/article/2015/01/21/unitedhealth-results-ceo-idUSL1N0V00YX20150121
2015-01-22,http://www.reuters.com/article/2015/01/21/unitedhealth-results-idUSL4N0V03X120150121
2015-01-22,http://www.reuters.com/article/2015/01/21/unitedhealth-results-idUSL4N0UZ5FG20150121
2015-01-22,http://www.reuters.com/article/2015/01/21/mn-unitedhealth-group-idUSnBw215247a+100+BSW20150121
2015-01-23,http://www.reuters.com/article/2015/01/22/tx-unitedhealthcare-idUSnBw225087a+100+BSW20150122
2015-01-23,http://www.reuters.com/article/2015/01/22/bc-analysts-review-idUSnPnbGKLQP+9f+PRN20150122
2015-01-24,http://www.reuters.com/article/2015/01/24/mn-unitedhealthcare-idUSnBw235813a+100+BSW20150124
2015-01-24,http://www.reuters.com/article/2015/01/24/mn-unitedhealthcare-idUSnBw235811a+100+BSW20150124
2015-01-29,http://www.reuters.com/article/2015/01/28/us-unitedhealth-gilead-hepatitisc-idUSKBN0L12JP20150128
2015-01-29,http://www.reuters.com/article/2015/01/28/unitedhealth-gilead-hepatitisc-idUSL1N0V72OS20150128
2015-01-29,http://www.reuters.com/article/2015/01/28/unitedhealth-gilead-hepatitisc-idUSL1N0V72GD20150128
2015-01-29,http://www.reuters.com/article/2015/01/28/ga-unitedhealthcare-idUSnBw285099a+100+BSW20150128
2015-01-31,http://www.reuters.com/article/2015/01/31/ca-unitedhealth-group-idUSnBw305956a+100+BSW20150131
2015-02-02,http://www.reuters.com/article/2015/02/01/ma-unitedhealth-group-idUSnBw015052a+100+BSW20150201
2015-02-03,http://www.reuters.com/article/2015/02/02/mn-unitedhealthcare-idUSnBw025099a+100+BSW20150202
2015-02-04,http://www.reuters.com/article/2015/02/03/bc-investor-edge-idUSnPn17jGMm+86+PRN20150203
2015-02-04,http://www.reuters.com/article/2015/02/03/fl-unitedhealthcare-idUSnBw035188a+100+BSW20150203
2015-02-05,http://www.reuters.com/article/2015/02/04/wi-unitedhealthcare-idUSnBw045052a+100+BSW20150204
2015-02-12,http://www.reuters.com/article/2015/02/11/ga-unitedhealth-group-idUSnBw116575a+100+BSW20150211
2015-02-12,http://www.reuters.com/article/2015/02/11/wa-keller-rohrback-idUSnBw116492a+100+BSW20150211
2015-02-12,http://www.reuters.com/article/2015/02/11/ny-unitedhealth-group-idUSnBw115097a+100+BSW20150211
2015-02-14,http://www.reuters.com/article/2015/02/13/tx-unitedhealthcare-idUSnBw135980a+100+BSW20150213
2015-02-15,http://www.reuters.com/article/2015/02/15/mn-unitedhealthcare-idUSnBw145021a+100+BSW20150215
2015-02-17,http://www.reuters.com/article/2015/02/16/mn-unitedhealthcare-idUSnBw165015a+100+BSW20150216
2015-02-18,http://www.reuters.com/article/2015/02/17/mn-unitedhealthcare-idUSnBw175263a+100+BSW20150217
2015-02-19,http://www.reuters.com/article/2015/02/18/mn-unitedhealthcare-idUSnBw185094a+100+BSW20150218
2015-02-27,http://www.reuters.com/article/2015/02/27/us-unitedhealthcare-hysterectomy-idUSKBN0LV00120150227
2015-02-27,http://www.reuters.com/article/2015/02/26/unitedhealthcare-hysterectomy-idUSL1N0W03X920150226
2015-02-28,http://www.reuters.com/article/2015/02/27/tx-unitedhealthcare-idUSnBw276149a+100+BSW20150227
2015-03-05,http://www.reuters.com/article/2015/03/04/tx-insperity-idUSnBw045040a+100+BSW20150304
2015-03-06,http://www.reuters.com/article/2015/03/05/bc-investor-edge-idUSnPn3v34Cq+82+PRN20150305
2015-03-11,http://www.reuters.com/article/2015/03/10/armadahealthcare-conf-idUSnPnbfkgDz+82+PRN20150310
2015-03-12,http://www.reuters.com/article/2015/03/11/sal-army-new-dru-idUSnPnBpNkN+55+PRN20150311
2015-03-17,http://www.reuters.com/article/2015/03/17/mn-unitedhealthcare-idUSnBw166473a+100+BSW20150317
2015-03-18,http://www.reuters.com/article/2015/03/17/tx-unitedhealthcare-idUSnBw175084a+100+BSW20150317
2015-03-19,http://www.reuters.com/article/2015/03/19/mn-unitedhealthcare-idUSnBw186707a+100+BSW20150319
2015-03-20,http://www.reuters.com/article/2015/03/19/ga-unitedhealthcare-idUSnBw196429a+100+BSW20150319
2015-03-20,http://www.reuters.com/article/2015/03/19/tx-unitedhealthcare-idUSnBw195107a+100+BSW20150319
2015-03-20,http://www.reuters.com/article/2015/03/19/wi-unitedhealthcare-idUSnBw195060a+100+BSW20150319
2015-03-25,http://www.reuters.com/article/2015/03/26/mn-unitedhealthcare-idUSnBw256506a+100+BSW20150326
2015-03-26,http://www.reuters.com/article/2015/03/26/mn-unitedhealthcare-idUSnBw256506a+100+BSW20150326
2015-03-27,http://www.reuters.com/article/2015/03/26/ia-unitedhealthcare-idUSnBw266527a+100+BSW20150326
2015-03-27,http://www.reuters.com/article/2015/03/26/mn-unitedhealthcare-idUSnBw266444a+100+BSW20150326
2015-03-29,http://www.reuters.com/article/2015/03/28/mn-unitedhealthcare-idUSnBw285023a+100+BSW20150328
2015-03-31,https://www.nytimes.com/2015/03/31/business/dealbook/unitedhealths-12-8-billion-deal-could-reduce-further-consoldiation.html
2015-03-31,https://www.nytimes.com/2015/03/31/business/dealbook/unitedhealth-to-buy-pharmacy-benefits-manager-catamaran-in-12-8-billion-deal.html
2015-03-31,http://www.reuters.com/article/2015/03/30/ny-fitch-ratings-untdhlt-idUSnBw306324a+100+BSW20150330
2015-03-31,http://www.reuters.com/article/2015/03/30/us-catamaran-m-a-unitedheal-grp-idUSKBN0MQ0WT20150330
2015-03-31,http://www.reuters.com/article/2015/03/30/us-catamaran-m-a-unitedheal-grp-deal-idUSKBN0MQ22G20150330
2015-03-31,http://www.reuters.com/article/2015/03/30/catamaran-ma-unitedheal-grp-idUSL2N0WW1IL20150330
2015-03-31,http://www.reuters.com/article/2015/03/30/catamaran-ma-unitedheal-grp-idUSL3N0WW3HB20150330
2015-03-31,http://www.reuters.com/article/2015/03/30/weisslaw-catamaran-idUSnPn4rXJ2t+8c+PRN20150330
2015-03-31,http://www.reuters.com/article/2015/03/30/catamaran-ma-unitedheal-grp-idUSL3N0WW3F320150330
2015-03-31,http://www.reuters.com/news/video/videoStory?storyID=106147973
2015-03-31,http://www.reuters.com/news/video/videoStory?storyID=106141395
2015-04-01,http://www.reuters.com/article/2015/03/31/nj-am-best-idUSnBw316831a+100+BSW20150331
2015-04-03,http://www.reuters.com/article/2015/04/02/mn-unitedhealthcare-idUSnBw025074a+100+BSW20150402
2015-04-04,http://www.reuters.com/article/2015/04/03/faruqi-catamaran-idUSnPn5YqPXy+96+PRN20150403
2015-04-07,http://www.reuters.com/article/2015/04/06/ca-unitedhealthcare-idUSnBw065932a+100+BSW20150406
2015-04-07,http://www.reuters.com/article/2015/04/06/ip-health-patent-verdict-idUSL2N0X31IW20150406
2015-04-08,http://www.reuters.com/article/2015/04/07/ia-unitedhealthcare-idUSnBw076336a+100+BSW20150407
2015-04-11,http://www.reuters.com/article/2015/04/11/ks-unitedhealthcare-idUSnBw105987a+100+BSW20150411
2015-04-11,http://www.reuters.com/article/2015/04/10/pva-veteran-hiring-idUSnBw105950a+100+BSW20150410
2015-04-11,http://www.reuters.com/article/2015/04/10/mi-unitedhealthcare-idUSnBw105914a+100+BSW20150410
2015-04-14,http://www.reuters.com/article/mn-unitedhealthcare-idUSnBw136787a+100+BSW20150414
2015-04-14,http://www.reuters.com/article/mn-unitedhlth-walgreens-idUSnBw135768a+100+BSW20150413
2015-04-15,http://www.reuters.com/article/2015/04/14/ms-unitedhealthcare-idUSnBw146923a+100+BSW20150414
2015-04-17,https://www.nytimes.com/2015/04/17/business/pharmacy-benefits-segment-helps-unitedhealths-results.html
2015-04-17,http://www.reuters.com/article/2015/04/16/us-unitedheal-grp-results-idUSKBN0N70ZT20150416
2015-04-17,http://www.reuters.com/article/2015/04/16/unitedheal-grp-results-idUSL4N0XD3QL20150416
2015-04-17,http://www.reuters.com/article/2015/04/16/unitedheal-grp-results-idUSL4N0XD3H920150416
2015-04-17,http://www.reuters.com/article/2015/04/16/mn-unitedhealth-idUSnBw165254a+100+BSW20150416
2015-04-18,http://www.reuters.com/article/2015/04/17/nj-unitedhealthcare-idUSnBw175035a+100+BSW20150417
2015-04-21,http://www.reuters.com/article/mi-unitedhealthcare-idUSnBw206768a+100+BSW20150420
2015-04-22,http://www.reuters.com/article/2015/04/21/health-nemours-idUSL1N0XI2OG20150421
2015-04-24,http://www.reuters.com/article/2015/04/24/mn-unitedhealthcare-idUSnBw236845a+100+BSW20150424
2015-04-29,http://www.reuters.com/article/2015/04/28/ca-unitedhealthcare-idUSnBw286872a+100+BSW20150428
2015-04-30,http://www.reuters.com/article/2015/04/29/ct-unitedhealth-makewish-idUSnBw296432a+100+BSW20150429
2015-04-30,http://www.reuters.com/article/2015/04/29/az-unitedhealthcare-idUSnBw295069a+100+BSW20150429
2015-04-30,http://www.reuters.com/article/2015/04/29/ca-unitedhealthcare-idUSnBw295174a+100+BSW20150429
2015-05-01,http://www.reuters.com/article/2015/05/01/add-mn-unitedhealthcare-idUSnBw307177a+100+BSW20150501
2015-05-01,http://www.reuters.com/article/2015/04/30/ca-doctor-on-demand-idUSnBw306565a+100+BSW20150430
2015-05-01,http://www.reuters.com/article/2015/04/30/mn-unitedhealthcare-idUSnBw306421a+100+BSW20150430
2015-05-03,http://www.reuters.com/article/2015/05/02/mn-unitedhealthcare-idUSnBw025025a+100+BSW20150502
2015-05-07,http://www.reuters.com/article/2015/05/06/il-unitedhealthcare-idUSnBw066776a+100+BSW20150506
2015-05-14,http://www.reuters.com/article/2015/05/13/tn-unitedhealthcare-idUSnBw135134a+100+BSW20150513
2015-05-14,http://www.reuters.com/article/2015/05/13/ks-unitedhealthcare-idUSnBw135086a+100+BSW20150513
2015-05-15,http://www.reuters.com/article/2015/05/14/ia-unitedhealthcare-idUSnBw146021a+100+BSW20150514
2015-05-17,http://www.reuters.com/article/2015/05/16/mn-unitedhealthcare-idUSnBw165039a+100+BSW20150516
2015-05-27,http://www.reuters.com/article/2015/05/26/mn-unitedhealth-group-idUSnBw266290a+100+BSW20150526
2015-05-28,http://www.reuters.com/article/2015/05/27/nc-unitedhealth-wakemed-idUSnBw275171a+100+BSW20150527
2015-05-29,http://www.reuters.com/article/2015/05/28/nc-unitedhealth-ironkids-idUSnBw285118a+100+BSW20150528
2015-06-01,http://www.reuters.com/article/2015/05/31/mn-unitedhealthcare-idUSnBw305055a+100+BSW20150531
2015-06-02,http://www.reuters.com/article/mn-unitedhealth-group-idUSnBw016392a+100+BSW20150601
2015-06-03,http://www.reuters.com/article/2015/06/02/wi-unitedhealthcare-idUSnBw026558a+100+BSW20150602
2015-06-04,http://www.reuters.com/article/2015/06/03/ny-unitedhealth-group-idUSnBw035212a+100+BSW20150603
2015-06-05,http://www.reuters.com/article/2015/06/04/il-unitedhealthcare-idUSnBw045102a+100+BSW20150604
2015-06-06,http://www.reuters.com/article/2015/06/05/tn-unitedhlth-2nd-harvst-idUSnBw055036a+100+BSW20150605
2015-06-10,http://www.reuters.com/article/2015/06/09/nc-unitedhlth-2nd-harvst-idUSnBw096583a+100+BSW20150609
2015-06-10,http://www.reuters.com/article/2015/06/09/ct-unitedhealthcare-idUSnBw096510a+100+BSW20150609
2015-06-12,http://www.reuters.com/article/2015/06/11/ri-unitedhealthcare-idUSnBw116126a+100+BSW20150611
2015-06-14,http://www.reuters.com/article/2015/06/13/ca-unitedhealthcare-idUSnBw135023a+100+BSW20150613
2015-06-24,http://www.reuters.com/article/2015/06/23/us-unitedhealth-ahip-idUSKBN0P323520150623
2015-06-24,http://www.reuters.com/article/2015/06/23/unitedhealth-ahip-idUSL1N0Z91G920150623
2015-06-24,http://www.reuters.com/article/2015/06/23/nm-unitedhealthcare-idUSnBw236012a+100+BSW20150623
2015-06-24,http://www.reuters.com/article/2015/06/23/mn-unitedhealth-group-idUSnBw235338a+100+BSW20150623
2015-07-04,http://www.reuters.com/article/2015/07/03/mn-unitedhealth-idUSnBw035331a+100+BSW20150703
2015-07-08,http://www.reuters.com/article/ny-fitch-ratings-unh-idUSnBw076450a+100+BSW20150707
2015-07-08,http://www.reuters.com/article/idUSFit92808220150707
2015-07-15,http://www.reuters.com/article/catamaran-acquisition-idUSnPn67Tb6N+89+PRN20150714
2015-07-17,https://www.nytimes.com/2015/07/17/business/largest-us-health-insurer-raises-profit-outlook-for-year.html
2015-07-17,http://www.reuters.com/article/us-unitedhealth-results-idUSKCN0PQ0XC20150716
2015-07-17,http://www.reuters.com/article/unitedhealth-results-idUSL4N0ZW3BQ20150716
2015-07-17,http://www.reuters.com/article/us-unitedhealth-results-ceo-idUSKCN0PQ1GU20150716
2015-07-17,http://www.reuters.com/article/unitedhealth-results-ceo-idUSL2N0ZW0RI20150716
2015-07-17,http://www.reuters.com/article/bc-equity-research-insti-idUSnPn9QWlSR+9b+PRN20150716
2015-07-17,http://www.reuters.com/article/unitedhealth-results-idUSL4N0ZW3A820150716
2015-07-17,http://www.reuters.com/article/mn-unitedhealth-idUSnBw165337a+100+BSW20150716
2015-07-18,http://www.reuters.com/article/mn-unitedhealthcare-idUSnBw175841a+100+BSW20150718
2015-07-19,http://www.reuters.com/article/mn-unitedhealthcare-idUSnBw185019a+100+BSW20150718
2015-07-21,http://www.reuters.com/article/us-catamaran-m-a-unitedhealth-bonds-idUSKCN0PU29O20150720
2015-07-21,http://www.reuters.com/article/ny-fitch-ratings-united-idUSnBw205819a+100+BSW20150720
2015-07-21,http://www.reuters.com/article/mn-unitedhealthcare-idUSnBw205309a+100+BSW20150720
2015-07-24,http://www.reuters.com/article/nj-am-best-idUSnBw236164a+100+BSW20150723
2015-07-28,http://www.reuters.com/article/ip-health-software-lawsuit-idUSL1N10803W20150728
2015-07-28,http://www.reuters.com/article/wa-unitedhealthcare-idUSnBw276350a+100+BSW20150727
2015-07-28,http://www.reuters.com/article/mn-unitedhealthcare-idUSnBw275355a+100+BSW20150727
2015-07-28,http://www.reuters.com/article/mn-unitedhealthcare-idUSnBw275353a+100+BSW20150727
2015-07-28,http://www.reuters.com/article/mn-unitedhealthcare-idUSnBw275351a+100+BSW20150727
2015-07-28,http://www.reuters.com/article/co-unitedhealthcare-idUSnBw275343a+100+BSW20150727
2015-07-28,http://www.reuters.com/article/mn-unitedhealthcare-idUSnBw275337a+100+BSW20150727
2015-07-28,http://www.reuters.com/article/mn-unitedhealthcare-idUSnBw275349a+100+BSW20150727
2015-07-28,http://www.reuters.com/article/wi-unitedhealthcare-idUSnBw275339a+100+BSW20150727
2015-07-28,http://www.reuters.com/article/ia-unitedhealthcare-idUSnBw275335a+100+BSW20150727
2015-07-28,http://www.reuters.com/article/mn-unitedhealthcare-idUSnBw275329a+100+BSW20150727
2015-07-28,http://www.reuters.com/article/al-unitedhealthcare-idUSnBw275323a+100+BSW20150727
2015-07-28,http://www.reuters.com/article/nj-unitedhealthcare-idUSnBw275288a+100+BSW20150727
2015-07-28,http://www.reuters.com/article/me-unitedhealthcare-idUSnBw275286a+100+BSW20150727
2015-07-28,http://www.reuters.com/article/in-unitedhealthcare-idUSnBw275284a+100+BSW20150727
2015-07-28,http://www.reuters.com/article/fl-unitedhealthcare-idUSnBw275282a+100+BSW20150727
2015-07-28,http://www.reuters.com/article/ct-unitedhealthcare-idUSnBw275280a+100+BSW20150727
2015-07-28,http://www.reuters.com/article/mn-unitedhealthcare-idUSnBw275309a+100+BSW20150727
2015-07-28,http://www.reuters.com/article/nc-unitedhealthcare-idUSnBw275297a+100+BSW20150727
2015-07-28,http://www.reuters.com/article/ny-unitedhealthcare-idUSnBw275295a+100+BSW20150727
2015-07-28,http://www.reuters.com/article/ms-unitedhealthcare-idUSnBw275319a+100+BSW20150727
2015-07-28,http://www.reuters.com/article/oh-unitedhealthcare-idUSnBw275317a+100+BSW20150727
2015-07-28,http://www.reuters.com/article/mn-unitedhealthcare-idUSnBw275313a+100+BSW20150727
2015-07-29,http://www.reuters.com/article/mn-unitedhealthcare-idUSnBw285261a+100+BSW20150728
2015-07-30,http://www.reuters.com/article/ga-unitedhealthcare-idUSnBw296502a+100+BSW20150729
2015-08-04,http://www.reuters.com/article/il-unitedhealthcare-idUSnBw035145a+100+BSW20150803
2015-08-05,http://www.reuters.com/article/mn-unitedhealth-group-idUSnBw047050a+100+BSW20150804
2015-08-08,http://www.reuters.com/article/mn-unitedhealth-group-idUSnBw075631a+100+BSW20150807
2015-08-11,http://www.reuters.com/article/ca-unitedhealthcare-idUSnBw106332a+100+BSW20150810
2015-08-12,http://www.reuters.com/article/mn-unitedhealthcare-idUSnBw115107a+100+BSW20150811
2015-08-13,http://www.reuters.com/article/mn-unitedhealth-group-idUSnBw125151a+100+BSW20150812
2015-08-15,http://www.reuters.com/article/mn-unitedhealthcare-idUSnBw145708a+100+BSW20150815
2015-08-21,http://www.reuters.com/article/id-unitedhealth-group-idUSnBw206294a+100+BSW20150820
2015-08-21,http://www.reuters.com/article/idUSnMKWTQb0ma+1f0+MKW20150820
2015-08-22,http://www.reuters.com/article/health-psych-idUSL1N10W0EV20150821
2015-08-23,http://www.reuters.com/article/mn-unitedhealthcare-idUSnBw225007a+100+BSW20150822
2015-08-27,http://www.reuters.com/article/wa-unitedhealth-group-idUSnBw266121a+100+BSW20150826
2015-09-01,http://www.reuters.com/article/hi-unitedhealthcare-idUSnBw316178a+100+BSW20150831
2015-09-02,http://www.reuters.com/article/tx-insperity-idUSnBw015275a+100+BSW20150901
2015-09-10,http://www.reuters.com/article/la-unitedhealthcare-idUSnBw096722a+100+BSW20150909
2015-09-11,http://www.reuters.com/article/ca-hlb-idUSnBw106679a+100+BSW20150910
2015-09-12,http://www.reuters.com/article/ca-unitedhealthcare-idUSnBw115909a+100+BSW20150911
2015-09-12,http://www.reuters.com/article/mn-unitedhealth-group-idUSnBw115107a+100+BSW20150911
2015-09-18,http://www.reuters.com/article/md-unitedhealthcare-idUSnBw176526a+100+BSW20150917
2015-09-18,http://www.reuters.com/article/teleperformance-idUSnBw175970a+100+BSW20150917
2015-09-18,http://www.reuters.com/article/mn-unitedhealthcare-idUSnBw175224a+100+BSW20150917
2015-09-18,http://www.reuters.com/article/sequenom-diagnostics-idUSnPnb2dqfj+80+PRN20150917
2015-09-22,http://www.reuters.com/article/secondharvest-vikings-idUSnPn5x6TJG+87+PRN20150921
2015-09-23,http://www.reuters.com/article/fl-unitedhealthcare-idUSnBw226511a+100+BSW20150922
2015-09-24,http://www.reuters.com/article/ri-unitedhealthcare-idUSnBw236281a+100+BSW20150923
2015-09-24,http://www.reuters.com/article/tx-unitedhealthcare-idUSnBw235878a+100+BSW20150923
2015-09-24,http://www.reuters.com/article/mn-unitedhealth-group-idUSnBw235274a+100+BSW20150923
2015-09-25,http://www.reuters.com/article/la-unitedhealthcare-idUSnBw246494a+100+BSW20150924
2015-09-25,http://www.reuters.com/article/ny-unitedhealthcare-idUSnBw246157a+100+BSW20150924
2015-09-27,http://www.reuters.com/article/mn-unitedhealthcare-idUSnBw265034a+100+BSW20150926
2015-09-28,http://www.reuters.com/article/supp-ca-unitedhealthcare-idUSnBw265064a+100+BSW20150927
2015-09-29,http://www.reuters.com/article/bc-equity-research-insti-idUSnPn1p6qB5+82+PRN20150928
2015-10-02,http://www.reuters.com/article/mn-unitedhealth-group-idUSnBw016897a+100+BSW20151001
2015-10-02,http://www.reuters.com/article/cargill-hemsley2board-idUSnPn4BFNt8+9c+PRN20151001
2015-10-02,http://www.reuters.com/article/mn-unitedhealthcare-idUSnBw015305a+100+BSW20151001
2015-10-03,http://www.reuters.com/article/or-unitedhealth-group-idUSnBw025826a+100+BSW20151002
2015-10-04,http://www.reuters.com/article/mn-unitedhealthcare-idUSnBw035019a+100+BSW20151003
2015-10-06,http://www.reuters.com/article/sc-unitedhealth-group-idUSnBw056737a+100+BSW20151005
2015-10-06,http://www.reuters.com/article/oh-unitedhealthcare-idUSnBw055362a+100+BSW20151005
2015-10-07,http://www.reuters.com/article/ma-unitedhealthcare-idUSnBw066962a+100+BSW20151006
2015-10-08,http://www.reuters.com/article/ca-unitedhealth-group-idUSnBw075477a+100+BSW20151007
2015-10-08,http://www.reuters.com/article/cqn-mn-unitedhealthcare-idUSnBw015305a+100+BSW20151007
2015-10-08,http://www.reuters.com/article/mn-unitedhealthcare-idUSnBw067043a+100+BSW20151007
2015-10-13,http://www.reuters.com/article/nc-unitedhealthcare-idUSnBw125890a+100+BSW20151012
2015-10-13,http://www.reuters.com/article/fl-unitedhealthcare-idUSnBw125875a+100+BSW20151012
2015-10-14,http://www.reuters.com/article/ca-unitedhealthcare-idUSnBw136877a+100+BSW20151013
2015-10-15,http://www.reuters.com/article/ma-good-start-genetics-idUSnBw145341a+100+BSW20151014
2015-10-16,http://www.reuters.com/article/unitedhealth-results-idUSL3N12F3TT20151015
2015-10-16,http://www.reuters.com/article/us-unitedhealth-results-idUSKCN0S916420151015
2015-10-16,http://www.reuters.com/article/us-unitedhealth-results-outlook-idUSKCN0S91NS20151015
2015-10-16,http://www.reuters.com/article/unitedhealth-results-outlook-idUSL1N12F0WM20151015
2015-10-16,http://www.reuters.com/article/unitedhealth-results-idUSL3N12F3SI20151015
2015-10-16,http://www.reuters.com/article/mn-unitedhealth-idUSnBw155531a+100+BSW20151015
2015-10-29,http://www.reuters.com/article/us-helios-m-a-unitedhealth-grp-idUSKCN0SM2YG20151028
2015-10-29,http://www.reuters.com/article/helios-ma-unitedhealth-grp-idUSL1N12S3XF20151028
2015-10-30,http://www.reuters.com/article/mn-unitedhealthcare-idUSnBw295197a+100+BSW20151029
2015-11-07,http://www.reuters.com/article/mn-unitedhealth-group-idUSnBw065076a+100+BSW20151106
2015-11-11,http://www.reuters.com/article/mn-unitedhealthcare-idUSnBw107120a+100+BSW20151111
2015-11-13,http://www.reuters.com/article/mn-unitedhealthcare-idUSnBw125072a+100+BSW20151112
2015-11-14,http://www.reuters.com/article/healthcare-pharmacies-irmat-idUSL1N13827120151113
2015-11-14,http://www.reuters.com/article/us-healthcare-pharmacies-irmat-idUSKCN0T22HT20151113
2015-11-14,http://www.reuters.com/article/healthcare-pharmacies-irmat-idUSL1N13820H20151113
2015-11-14,http://www.reuters.com/article/valeant-pharmacies-irmat-idUSL1N1381WU20151113
2015-11-15,http://www.reuters.com/article/mn-unitedhealthcare-idUSnBw145022a+100+BSW20151114
2015-11-18,http://www.reuters.com/article/tn-unitedhealthcare-idUSnBw176990a+100+BSW20151117
2015-11-18,http://www.reuters.com/article/jd-power-insurance-idUSnPn5k9txc+80+PRN20151117
2015-11-18,http://www.reuters.com/article/jd-power-insurance-idUSnPn2mS03y+88+PRN20151117
2015-11-20,https://www.nytimes.com/2015/11/20/business/unitedhealth-lowers-profit-estimates-citing-losses-in-policy-sales.html
2015-11-20,https://www.nytimes.com/2015/11/20/business/daily-stock-market-activity.html
2015-11-20,http://www.reuters.com/article/us-unitedhealth-grp-outlook-idUSKCN0T81E020151119
2015-11-20,http://www.reuters.com/article/unitedhealth-grp-outlook-idUSL3N13E3BY20151119
2015-11-20,http://www.reuters.com/article/unitedhealth-grp-outlook-idUSL1N13E1SN20151119
2015-11-20,http://www.reuters.com/article/unitedhealth-grp-outlook-idUSL1N13E1PB20151119
2015-11-20,http://www.reuters.com/article/usa-stocks-idUSL3N13E3XE20151119
2015-11-20,http://www.reuters.com/article/us-unitedhealth-grp-ceo-idUSKCN0T821G20151119
2015-11-20,http://www.reuters.com/article/unitedhealth-grp-ceo-idUSL1N13E14M20151119
2015-11-20,http://www.reuters.com/article/unitedhealth-grp-outlook-idUSL3N13E3BK20151119
2015-11-20,http://www.reuters.com/article/mn-unitedhealth-group-idUSnBw195438a+100+BSW20151119
2015-11-21,http://www.reuters.com/article/mi-unitedhealthcare-idUSnBw205093a+100+BSW20151120
2015-11-23,http://www.reuters.com/article/mi-unitedhealthcare-idUSnBw225036a+100+BSW20151123
2015-12-01,http://www.reuters.com/article/ny-unitedhealth-group-idUSnBw306202a+100+BSW20151130
2015-12-02,http://www.reuters.com/article/unitedhealth-grp-outlook-idUSL1N13Q15K20151201
2015-12-02,http://www.reuters.com/article/us-unitedhealth-grp-outlook-idUSKBN0TK4MO20151201
2015-12-02,http://www.reuters.com/article/unitedhealth-grp-outlook-idUSL1N13Q0WF20151201
2015-12-02,http://www.reuters.com/article/unitedhealth-grp-outlook-idUSL1N13Q0TV20151201
2015-12-03,http://www.reuters.com/article/idUSnMKWh7pCka+1c4+MKW20151202
2015-12-04,http://www.reuters.com/article/ny-fitch-ratings-unh-idUSnBw036252a+100+BSW20151203
2015-12-04,http://www.reuters.com/article/idUSFit94280420151203
2015-12-04,http://www.reuters.com/article/wi-unitedhealthcare-idUSnBw036104a+100+BSW20151203
2015-12-04,http://www.reuters.com/article/mn-unitedhealthcare-idUSnBw035167a+100+BSW20151203
2015-12-09,http://www.reuters.com/article/tn-unitedhealthcare-4-h-idUSnBw086644a+100+BSW20151208
2015-12-12,http://www.reuters.com/article/ia-unitedhealthcare-idUSnBw115013a+100+BSW20151211
2015-12-12,http://www.reuters.com/article/regeneron-sanofi-idUSnPn3RYvKY+9b+PRN20151211
2015-12-12,http://www.reuters.com/article/sanofi-regeneron-idUSnPn7SKrGF+9b+PRN20151211
2015-12-15,http://www.reuters.com/article/az-unitedhealthcare-idUSnBw145239a+100+BSW20151214
2015-12-17,http://www.reuters.com/article/ct-unitedhealthcare-idUSnBw165925a+100+BSW20151216
2016-01-08,http://www.reuters.com/article/new-york-unitedhealth-grp-competition-idUSL1N14R0QX20160107
2016-01-08,http://www.reuters.com/article/us-new-york-unitedhealth-grp-competition-idUSKBN0UL0FF20160107
2016-01-08,http://www.reuters.com/article/new-york-unitedhealth-grp-competition-idUSL1N14R00Y20160107
2016-01-08,http://www.reuters.com/article/new-york-unitedhealth-grp-competition-idUSL1N14Q1KT20160107
2016-01-20,http://www.reuters.com/article/us-unitedhealth-results-idUSKCN0UX19A
2016-01-20,http://www.reuters.com/article/unitedhealth-results-idUSL3N1533WN
2016-01-20,http://www.reuters.com/article/us-unitedhealth-results-ceo-idUSKCN0UX1SD
2016-01-20,http://www.reuters.com/article/unitedhealth-results-ceo-idUSL2N1530Y5
2016-01-20,http://www.reuters.com/article/unitedhealth-results-idUSL3N1533VW
2016-01-30,http://www.reuters.com/article/unitedhealth-grp-medicare-transgender-idUSL2N15D31U
2016-01-30,http://www.reuters.com/article/us-unitedhealth-grp-medicare-transgender-idUSKCN0V72R5
2016-01-30,http://www.reuters.com/article/unitedhealth-grp-medicare-transgender-idUSL2N15D2M9
2016-03-29,http://www.reuters.com/article/health-chiropractors-idUSL2N1701RI
2016-04-20,https://www.nytimes.com/2016/04/20/business/citing-losses-unitedhealth-to-pull-back-from-obamacare.html
2016-04-20,http://www.reuters.com/article/us-unitedhealth-grp-results-idUSKCN0XG129
2016-04-20,http://www.reuters.com/article/us-usa-healthcare-insurers-idUSKCN0XG2WY
2016-04-20,http://www.reuters.com/article/usa-healthcare-insurers-idUSL2N17M176
2016-04-20,http://www.reuters.com/article/unitedhealth-grp-results-idUSL3N17M38A
2016-04-20,http://www.reuters.com/article/us-unitedhealth-grp-results-exchanges-idUSKCN0XG1OH
2016-04-20,http://www.reuters.com/article/unitedhealth-grp-results-exchanges-idUSL2N17M0HT
2016-04-20,http://www.reuters.com/article/unitedhealth-grp-results-idUSL3N17M37X
2016-04-20,http://www.reuters.com/news/video/videoStory?storyID=117952181
2016-04-20,http://www.reuters.com/news/video/videoStory?storyID=117947771
2016-05-03,http://www.reuters.com/article/us-tenet-healthcare-exchange-idUSKCN0XT24G
2016-05-04,http://www.reuters.com/article/idUSFWN1800Q9
2016-07-01,https://www.nytimes.com/2016/07/02/business/unitedhealthcare-sues-dialysis-chain-over-billing.html
2016-07-06,http://www.reuters.com/article/idUSFWN19R0AX
2016-07-20,http://www.reuters.com/article/unitedhealth-results-idUSL1N1A50KP
2016-07-20,http://www.reuters.com/article/us-unitedhealth-results-idUSKCN0ZZ0ZT
2016-07-20,http://www.reuters.com/article/unitedhealth-results-idUSL4N1A533T
2016-07-20,http://www.reuters.com/article/idUSL1N1A50JP
2016-07-20,http://www.reuters.com/article/us-unitedhealth-results-ceo-idUSKCN0ZZ1MU
2016-07-20,http://www.reuters.com/article/unitedhealth-results-ceo-idUSL1N1A50GN
2016-07-20,http://www.reuters.com/article/unitedhealth-results-idUSL4N1A532U
2016-07-20,http://www.reuters.com/article/idUSASC08X8V
2016-08-11,http://www.reuters.com/article/idUSFWN1AR10B
2016-08-11,http://www.reuters.com/article/idUSFit970072
2016-09-14,http://www.reuters.com/article/us-unitedhealth-quest-idUSKCN11J269
2016-09-14,http://www.reuters.com/article/unitedhealth-quest-idUSL1N1BP16B
2016-09-22,http://www.reuters.com/article/unitedhealth-pharmaceuticals-prices-idUSL2N1BX1WQ
2016-09-22,http://www.reuters.com/article/health-unitedhealth-idUSL2N1BX0DM
2016-09-23,http://www.reuters.com/article/us-unitedhealth-pharmaceuticals-prices-idUSKCN11R2N7
2016-09-23,http://www.reuters.com/article/unitedhealth-pharmaceuticals-prices-idUSL2N1BY0AZ
2016-10-04,http://www.reuters.com/article/idUSFWN1C90AW
2016-10-06,http://www.reuters.com/article/us-unitedhealth-lawsuit-idUSKCN1252MI
2016-10-06,http://www.reuters.com/article/unitedhealth-lawsuit-idUSL2N1CB27J
2016-10-06,http://www.reuters.com/article/unitedhealth-lawsuit-idUSL2N1CB20C
2016-10-14,http://www.reuters.com/article/idUSFWN1CJ0EK
2016-10-19,http://www.reuters.com/article/us-unitedhealth-results-idUSKCN12I11D
2016-10-19,http://www.reuters.com/article/unitedhealth-results-idUSL4N1CO3AM
2016-10-19,http://www.reuters.com/article/us-unitedhealth-results-outlook-idUSKCN12I1KY
2016-10-19,http://www.reuters.com/article/unitedhealth-results-outlook-idUSL1N1CO0JN
2016-10-19,http://www.reuters.com/article/unitedhealth-results-idUSL4N1CO3A5
2016-11-29,http://www.reuters.com/article/idUSFWN1DT0PP
2016-11-30,http://www.reuters.com/article/us-unitedhealth-outlook-idUSKBN13O214
2016-11-30,http://www.reuters.com/article/unitedhealth-outlook-idUSL4N1DU4B7
2016-12-02,http://www.reuters.com/article/idUSFWN1DW0IN
2016-12-03,http://www.reuters.com/article/idUSFWN1DX0L7
2016-12-16,http://www.reuters.com/article/idUSFit983683
2017-01-09,https://www.nytimes.com/2017/01/09/business/unitedhealth-surgical-care-affiliates.html
2017-01-10,http://www.reuters.com/article/us-surgical-care-m-a-unitedhealth-idUSKBN14T15E
2017-01-10,http://www.reuters.com/article/surgical-care-ma-unitedhealth-idUSL4N1EZ33T
2017-01-10,http://www.reuters.com/article/surgical-care-ma-unitedhealth-idUSL4N1EZ329
2017-01-18,http://www.reuters.com/article/us-unitedhealth-results-idUSKBN1511EG
2017-01-18,http://www.reuters.com/article/us-unitedhealth-results-obamacare-idUSKBN1511ZX
2017-01-18,http://www.reuters.com/article/unitedhealth-results-idUSL4N1F73LT
2017-01-18,http://www.reuters.com/article/unitedhealth-results-obamacare-idUSL1N1F70RH
2017-01-18,http://www.reuters.com/article/idUSASC09QZ3
2017-01-18,http://www.reuters.com/article/unitedhealth-results-idUSL4N1F73LF
2017-01-18,http://www.reuters.com/article/idUSASC09QYN
2017-01-19,http://www.reuters.com/article/health-unitedhealth-idUSL1N1F82O1
2017-02-01,http://www.reuters.com/article/idUSL5N1FL5G3
2017-02-10,http://www.reuters.com/article/idUSFWN1FU0HX
2017-02-15,http://www.reuters.com/article/us-unitedhealth-brazil-bueno-idUSKBN15T21U
2017-02-15,http://www.reuters.com/article/unitedhealth-brazil-bueno-idUSL1N1FZ0Q4
2017-02-16,https://www.nytimes.com/2017/02/16/business/dealbook/unitedhealthcare-improperly-took-money-from-medicare-suit-says.html
2017-02-17,http://www.reuters.com/article/unitedhealth-lawsuit-idUSL1N1G201Q
2017-02-17,http://www.reuters.com/article/unitedhealth-lawsuit-idUSFWN1G10Z4
2017-02-18,http://www.reuters.com/article/us-unitedhealth-lawsuit-idUSKBN15V31Y
2017-02-18,http://www.reuters.com/article/unitedhealth-lawsuit-idUSL1N1G200N
2017-02-24,http://www.reuters.com/article/health-oxford-idUSL1N1G826N
2017-03-09,http://www.reuters.com/article/fitch-rates-unitedhealth-groups-planned-idUSFit991933
2017-03-16,http://www.reuters.com/article/health-unitedhealth-idUSL2N1GS2AV
2017-03-18,https://www.nytimes.com/2017/03/18/business/health-insurers-profit.html
2017-03-18,http://www.reuters.com/article/brief-unitedhealth-announces-extension-o-idUSASB0B64L
2017-03-18,http://www.reuters.com/article/usa-health-lawsuit-idUSL2N1GU0XQ
2017-03-22,http://www.reuters.com/article/health-unitedhealth-idUSL2N1GY1XJ
2017-04-19,http://www.reuters.com/article/unitedhealth-results/unitedhealth-plans-for-costly-obamacare-tax-in-2018-idUSL1N1HQ1SR
2017-04-19,http://www.reuters.com/article/us-unitedhealth-results/unitedhealth-plans-for-costly-obamacare-tax-in-2018-idUSKBN17K10H
2017-04-19,http://www.reuters.com/article/unitedhealth-results/update-4-unitedhealth-plans-for-costly-obamacare-tax-in-2018-idUSL3N1HQ3SZ
2017-04-19,http://www.reuters.com/article/us-unitedhealth-results-ceo/unitedhealth-planning-for-costly-2018-health-insurance-tax-idUSKBN17K1JD
2017-04-19,http://www.reuters.com/article/unitedhealth-results-ceo/unitedhealth-planning-for-costly-2018-health-insurance-tax-idUSL1N1HQ0JM
2017-04-19,http://www.reuters.com/article/brief-interpace-announces-coverage-of-th/brief-interpace-announces-coverage-of-thyramir-with-unitedhealthcare-idUSFWN1HQ0DZ
2017-04-19,http://www.reuters.com/article/brief-unitedhealth-group-reports-q1-reve/brief-unitedhealth-group-reports-q1-revenue-of-48-7-billion-idUSASA09IWT
2017-04-19,http://www.reuters.com/article/unitedhealth-results/health-insurer-unitedhealth-revenue-rises-9-4-pct-idUSL3N1HQ3S3
2017-04-22,http://www.reuters.com/article/brief-unitedhealth-group-ceos-2016-compe/brief-unitedhealth-group-ceos-2016-compensation-was-17-8-mln-idUSFWN1HT0MH
2017-05-03,http://www.reuters.com/article/unitedhealth-lawsuit/u-s-accuses-unitedhealth-of-medicare-advantage-fraud-idUSL1N1I41QP
2017-05-03,http://www.reuters.com/article/unitedhealth-lawsuit/update-1-u-s-accuses-unitedhealth-of-medicare-advantage-fraud-idUSL1N1I40X6
2017-05-03,http://www.reuters.com/article/us-unitedhealth-lawsuit/u-s-sues-unitedhealth-accuses-company-of-false-claims-idUSKBN17Y1WU
2017-05-03,http://www.reuters.com/article/unitedhealth-lawsuit/u-s-sues-unitedhealth-accuses-company-of-false-claims-idUSFWN1I40S0
2017-05-05,http://www.reuters.com/article/health-aarp/lawsuit-over-aarps-promotion-of-unitedhealth-insurance-revived-idUSL1N1I611Z
2017-05-13,http://www.reuters.com/article/brief-appaloosa-lp-takes-share-stake-in/brief-appaloosa-lp-takes-share-stake-in-bofa-unitedhealth-idUSFWN1IE107
2017-05-15,https://www.nytimes.com/2017/05/15/business/dealbook/a-whistle-blower-tells-of-health-insurers-bilking-medicare.html
2017-05-17,http://www.reuters.com/article/us-unitedhealth-lawsuit/u-s-sues-unitedhealth-again-for-mischarging-medicare-advantage-idUSKCN18D049
2017-05-17,http://www.reuters.com/article/unitedhealth-lawsuit/u-s-sues-unitedhealth-again-for-mischarging-medicare-advantage-idUSL2N1II0TN
2017-05-18,http://www.reuters.com/article/unitedhealth-lawsuit/u-s-sues-unitedhealth-again-for-mischarging-medicare-advantage-idUSL2N1IJ1MR
2017-05-20,https://www.nytimes.com/2017/05/19/business/dealbook/unitedhealth-sued-medicare-overbilling.html
2017-06-06,http://www.reuters.com/article/brief-unitedhealth-group-says-shareholde/brief-unitedhealth-group-says-shareholders-voted-against-proposal-regarding-cos-lobbying-disclosure-idUSFWN1J20JZ
2017-06-08,http://www.reuters.com/article/brief-unitedhealth-board-increases-share/brief-unitedhealth-board-increases-shareholder-dividend-20-pct-idUSASA09SZE
2017-06-10,http://www.reuters.com/article/brief-unitedhealth-says-is-hiring-for-ne/brief-unitedhealth-says-is-hiring-for-new-positions-over-next-2-years-idUSFWN1J60JW
2017-06-22,http://www.reuters.com/article/brief-myriad-genetics-agree-on-new-long/brief-myriad-genetics-agree-on-new-long-term-relationship-with-unitedhealthcare-idUSFWN1JI0JC
2017-07-18,http://www.reuters.com/article/brief-unitedhealth-group-aarp-extend-rel/brief-unitedhealth-group-aarp-extend-relationship-focused-on-improving-older-americans-health-and-well-being-idUSFWN1K80QB
2017-07-19,http://www.reuters.com/article/us-unitedhealth-results/unitedhealth-beats-profit-estimates-after-obamacare-exit-idUSKBN1A30XC
2017-07-19,http://www.reuters.com/article/unitedhealth-results/update-4-unitedhealth-beats-profit-estimates-after-obamacare-exit-idUSL3N1K93QB
2017-07-19,http://www.reuters.com/article/us-unitedhealth-results-tax/unitedhealth-says-health-insurance-tax-raises-costs-idUSKBN1A31IU
2017-07-19,http://www.reuters.com/article/unitedhealth-results/unitedhealth-says-health-insurance-tax-raises-costs-idUSL1N1K90LV
2017-07-19,http://www.reuters.com/article/us-unitedhealth-results-ceo/unitedhealth-ceo-says-national-healthcare-policy-a-risk-for-2018-idUSKBN1A31FE
2017-07-19,http://www.reuters.com/article/unitedhealth-results-ceo/unitedhealth-ceo-says-national-healthcare-policy-a-risk-for-2018-idUSL1N1K90JZ
2017-07-19,http://www.reuters.com/article/brief-unitedhealth-sees-2017-adjusted-ne/brief-unitedhealth-sees-2017-adjusted-net-earnings-9-75-to-9-90-per-share-idUSFWN1K90BO
2017-07-19,http://www.reuters.com/article/unitedhealth-results/insurer-unitedhealths-quarterly-profit-rises-30-pct-idUSL3N1K93PP
2017-08-08,http://www.reuters.com/article/brief-unitedhealth-group-names-two-new-d/brief-unitedhealth-group-names-two-new-directors-idUSFWN1KT0DB
2017-08-17,http://www.reuters.com/article/brief-unitedhealth-group-board-approved/brief-unitedhealth-group-board-approved-a-reduction-in-annual-base-salary-to-1-mln-for-stephen-hemsley-idUSFWN1L20T0
2017-08-17,http://www.reuters.com/article/us-unitedhealth-ceo/unitedhealth-names-wichmann-ceo-hemsley-executive-chairman-idUSKCN1AW17I
2017-08-17,http://www.reuters.com/article/unitedhealth-ceo/update-4-unitedhealth-names-wichmann-ceo-hemsley-executive-chairman-idUSL4N1L23U3
2017-08-17,http://www.reuters.com/article/uk-unitedhealth-ceo/unitedhealth-names-wichmann-ceo-helmsley-executive-chairman-idUSKCN1AW150
2017-08-17,http://www.reuters.com/article/unitedhealth-ceo/unitedhealth-names-david-wichmann-as-ceo-idUSL4N1L23T5
2017-09-10,http://www.reuters.com/article/us-chile-healthcare/u-s-based-unitedhealth-proposes-buying-chiles-banmedica-idUSKCN1BK0H9
2017-09-10,http://www.reuters.com/article/chile-healthcare/u-s-based-unitedhealth-proposes-buying-chiles-banmedica-idUSL2N1LQ0BF
2017-09-13,http://www.reuters.com/article/brief-inovalon-holdings-says-unitedhealt/brief-inovalon-holdings-says-unitedhealthcare-has-entered-into-a-5-year-engagement-with-co-idUSFWN1LT0G6
2017-09-14,http://www.reuters.com/article/health-unitedhealth/unitedhealth-says-u-s-forum-shopped-medicare-advantage-case-idUSL2N1LV005
2017-10-07,http://www.reuters.com/article/us-unitedhealth-lawsuit/u-s-suffers-setback-in-lawsuit-against-unitedhealth-idUSKBN1CB27D
2017-10-07,http://www.reuters.com/article/unitedhealth-lawsuit/u-s-suffers-setback-in-lawsuit-against-unitedhealth-idUSL2N1MH160
2017-10-14,http://www.reuters.com/article/us-unitedhealth-lawsuit/u-s-drops-lawsuit-against-unitedhealth-after-losing-court-ruling-idUSKBN1CI2Q8
2017-10-14,http://www.reuters.com/article/unitedhealth-lawsuit/u-s-drops-lawsuit-against-unitedhealth-after-losing-court-ruling-idUSL2N1MO1FJ
2017-10-18,http://www.reuters.com/article/us-unitedhealth-results/unitedhealth-sees-growth-in-2018-opportunities-in-trump-plans-idUSKBN1CM15I
2017-10-18,http://www.reuters.com/article/unitedhealth-results/update-5-unitedhealth-sees-growth-in-2018-opportunities-in-trump-plans-idUSL4N1MS3CX
2017-10-18,http://www.reuters.com/article/us-unitedhealth-results-outlook/unitedhealth-sets-2018-forecast-at-current-consensus-idUSKBN1CM1XA
2017-10-18,http://www.reuters.com/article/unitedhealth-results-outlook/unitedhealth-sets-2018-forecast-at-current-consensus-idUSL2N1MS0KH
2017-10-18,http://www.reuters.com/article/brief-unitedhealth-reports-q3-adjusted-n/brief-unitedhealth-reports-q3-adjusted-net-earnings-of-2-66-per-share-idUSFWN1MS09W
2017-10-18,http://www.reuters.com/article/unitedhealth-results/insurer-unitedhealths-profit-rises-26-3-pct-idUSL4N1MS3CM
2017-11-06,http://www.reuters.com/article/brief-tivity-health-comments-on-unitedhe/brief-tivity-health-comments-on-unitedhealthcare-relationship-idUSFWN1NC1IJ
2017-11-06,http://www.reuters.com/article/brief-unitedhealth-unit-unitedhealthcare/brief-unitedhealth-unit-unitedhealthcare-adds-new-fitness-benefit-to-medicare-advantage-plans-in-new-york-idUSFWN1NC0UB
