20140109†11:31AM UTC,"US STOCKS SNAPSHOT-Indexes at session lows; Exxon Mobil, retailers weigh",http://www.reuters.com/article/2014/01/09/markets-usa-stocks-sessionlows-idUSL2N0KJ1HC20140109
20140113†9:30AM UTC,"The Zacks Analyst Blog Highlights:Chevron, Exxon Mobil, YPF, OMV Aktiengesellschaft and Lockheed Martin",http://www.reuters.com/article/2014/01/13/zacks-analyst-blog-idUSnPnCGjD8kT+169+PRN20140113
20140115†1:16PM UTC,"Research and Markets: 2013 Report 'Analyzing the Global Petrochemical Industry' Profiles Players such as Exxon Mobil Corporation and Korea Kumho Petrochemical Co., Ltd",http://www.reuters.com/article/2014/01/15/research-and-markets-idUSnBw156130a+100+BSW20140115
20140122†7:35PM UTC,Santos set for revenue boost as Exxon Mobil gas project nears,http://www.reuters.com/article/2014/01/23/australia-santos-idUSL3N0KX01R20140123
20140129†3:00PM UTC,Exxon Mobil Corporation Declares First Quarter Dividend,http://www.reuters.com/article/2014/01/29/tx-exxon-mobil-corp-idUSnBw296315a+100+BSW20140129
20140130†1:49PM UTC,Exxon Mobil profit tumbles as energy production tapers,http://www.reuters.com/article/2014/01/30/us-exxonmobil-results-idUSBREA0T0YE20140130
20140130†1:49PM UTC,UPDATE 5-Exxon Mobil profit tumbles as energy production tapers,http://www.reuters.com/article/2014/01/30/exxonmobil-results-idUSL2N0L40RG20140130
20140130†9:10AM UTC,Exxon Mobil Corporation Announces Estimated Fourth Quarter 2013 Results,http://www.reuters.com/article/2014/01/30/tx-exxon-mobil-corp-idUSnBw305721a+100+BSW20140130
20140130†8:08AM UTC,Exxon Mobil 4th-quarter profit drops 16 percent,http://www.reuters.com/article/2014/01/30/exxonmobil-results-idUSL2N0L31J120140130
20140203†7:00AM UTC,"American Energy - Utica, LLC Agrees To Acquire 130,000 Net Acres Of Southern Utica Shale Leasehold From Affiliates Of Hess Corporation, Exxon Mobil Corporation And Paloma Partners; Brings Southern Utica Position To An Indust",http://www.reuters.com/article/2014/02/03/american-energy-acq-idUSnPnNYp0ffs+160+PRN20140203
20140206†8:30AM UTC,"Great East Energy Producing Gas Alongside Energy Giants Shell, Exxon Mobil and Chevron in Ukraine",http://www.reuters.com/article/2014/02/06/idUSnMKWkNsjTa+1d2+MKW20140206
20140219†9:30AM UTC,"The Zacks Analyst Blog Highlights: Occidental Petroleum, Exxon Mobil, Apache, Phillips 66 and ION Geophysical",http://www.reuters.com/article/2014/02/19/il-zacks-investment-idUSnPnCGt2XkT+165+PRN20140219
20140221†9:00AM UTC,Exxon Mobil Corporation Announces 2013 Reserves Replacement Totaled 103 Percent,http://www.reuters.com/article/2014/02/21/tx-exxon-mobil-corp-idUSnBw215124a+100+BSW20140221
20140224†9:30AM UTC,"The Zacks Analyst Blog Highlights: Coca-Cola, Exxon Mobil, Microsoft, Visa and Boeing",http://www.reuters.com/article/2014/02/24/zacks-analyst-blog-idUSnPnCGv0LkT+165+PRN20140224
20140226†5:38PM UTC,"Exxon Mobil CEO welcomes fracking, but not water tower in his backyard",http://www.reuters.com/article/2014/02/26/us-usa-fracking-tillerson-idUSBREA1P24O20140226
20140226†5:36PM UTC,"Exxon Mobil CEO welcomes fracking, but not water tower in his backyard",http://www.reuters.com/article/2014/02/26/usa-fracking-tillerson-idUSL6N0LV50A20140226
20140303†9:30AM UTC,"The Zacks Analyst Blog Highlights: Home Depot, Exxon Mobil, General Electric, 3M and Coca-Cola",http://www.reuters.com/article/2014/03/03/il-zacks-investment-idUSnPnCGwRfkT+169+PRN20140303
20140305†9:53AM UTC,Exxon Mobil CEO to Headline 2014 Legislative Conference of North America's Building Trades Unions,http://www.reuters.com/article/2014/03/05/building-trades-conf-idUSnPnDCxzBlk+164+PRN20140305
20140305†8:56AM UTC,BRIEF-Exxon Mobil sees 2014 capex of $39.8 billion,http://www.reuters.com/article/2014/03/05/exxonmobil-brief-idUSWEN00CO320140305
20140306†8:00AM UTC,"Pre-Market Scans - Most Active: Exxon Mobil, EMC, JPMorgan Chase, and Intel",http://www.reuters.com/article/2014/03/06/bc-investor-edge-idUSnPnpMwqhn+90+PRN20140306
20140307†9:30AM UTC,"The Zacks Analyst Blog Highlights: Universal Forest Products, Exxon Mobil, Helmerich & Payne, Matrix Service and Patterson-UTI Energy",http://www.reuters.com/article/2014/03/07/il-zacks-investment-idUSnPnCGybVkT+165+PRN20140307
20140205†9:30AM UTC,"The Zacks Analyst Blog Highlights: Chevron, Exxon Mobil, Phillips 66, Marathon Petroleum and Rowan",http://www.reuters.com/article/2014/02/05/zacks-analyst-blog-idUSnPnCGq0fkT+161+PRN20140205
20140331†2:00PM UTC,"Data Analysis on Active Stocks -- Research on Applied Materials, Exxon Mobil, SunEdison, and Rite Aid",http://www.reuters.com/article/2014/03/31/bc-ie-idUSnPn2g0XZp+86+PRN20140331
20140822†9:30AM UTC,"The Zacks Analyst Blog Highlights:Royal Dutch Shell, Chevron, Exxon Mobil, BP and Petrobras",http://www.reuters.com/article/2014/08/21/zacks-equity-research-idUSnPn4nlFvR+85+PRN20140821
20140909†6:28AM UTC,"Research and Markets: Global Polyethylene (HDPE, LDPE & LLDPE) Market 2014-2018: Key Vendors are Dow Chemicals, Exxon Mobil, LyondellBasell, Saudi Basic Industries & Sinopec",http://www.reuters.com/article/2014/09/08/research-and-markets-idUSnBw085476a+100+BSW20140908
20140927†9:30AM UTC,"The Zacks Analyst Blog Highlights: Exxon Mobil, Chevron, ConocoPhillips, Valero Energy and HollyFrontier",http://www.reuters.com/article/2014/09/26/zacks-investment-idUSnPn7GWh4y+98+PRN20140926
20141120†9:22AM UTC,"Research and Markets: Global Nanotechnology in Energy Applications Market 2014-2018 with Dupont Industrial Biosciences, Exxon Mobil, Johnson Matthey, Nanomix & Sabic Innovative Plastics",http://www.reuters.com/article/2014/11/19/research-and-markets-idUSnBw195871a+100+BSW20141119
20140317†10:01PM UTC,VIETNAM PRESS-Exxon Mobil plans $20 bln power project in Vietnam - Thanh Nien,http://www.reuters.com/article/2014/03/18/vietnam-press-exxon-mobil-idUSL3N0MF0FP20140318
20140317†8:54AM UTC,Exxon Mobil announces five-part benchmark bond,http://www.reuters.com/article/2014/03/17/exxon-mobil-bonds-idUSL2N0ME0FI20140317
20140326†9:30AM UTC,"The Zacks Analyst Blog Highlights: Exxon Mobil, PetroChina, Royal Dutch Shell, Chesapeake Energy and Cenovus Energy",http://www.reuters.com/article/2014/03/26/zacks-analyst-blog-idUSnPnbclK3x+84+PRN20140326
20140403†5:54PM UTC,Exxon Mobil agrees to share more data on fracking risks,http://www.reuters.com/article/2014/04/03/us-exxonmobil-fracking-data-idUSBREA3227020140403
20140403†5:39PM UTC,UPDATE 1-Exxon Mobil agrees to share more data on fracking risks,http://www.reuters.com/article/2014/04/03/exxonmobil-fracking-data-idUSL1N0MV24Q20140403
20140403†5:03PM UTC,Exxon Mobil agrees to share more data on fracking's risks,http://www.reuters.com/article/2014/04/03/exxonmobil-comptroller-idUSL1N0MV23020140403
20140407†9:30AM UTC,"The Zacks Analyst Blog Highlights: Chevron, Exxon Mobil, Range Resources, Abraxas Petroleum and Boeing.",http://www.reuters.com/article/2014/04/07/il-zacks-investment-idUSnPn9jwwC1+82+PRN20140407
20140408†9:30AM UTC,"The Zacks Analyst Blog Highlights:Visa, Mastercard, Bank of America, BP and Exxon Mobil",http://www.reuters.com/article/2014/04/08/zacks-equity-research-idUSnPn22K8Z0+8a+PRN20140408
20140409†11:57AM UTC,"Research and Markets: Global Synthetic Rubber Market Report: 2014 Edition Featuring Exxon Mobil, Goodyear, KKPC & Lanxess",http://www.reuters.com/article/2014/04/09/research-and-markets-idUSnBw096081a+100+BSW20140409
20140416†9:30AM UTC,"The Zacks Analyst Blog Highlights: Chevron, Royal Dutch Shell, ConocoPhillips, Athlon Energy and Exxon Mobil",http://www.reuters.com/article/2014/04/16/zacks-analyst-blog-idUSnPn6zrST5+86+PRN20140416
20140428†10:40AM UTC,"Technical Notes on Active Equities -- Research on Exxon Mobil, MGM Resorts Intl., McDermott Intl., and GT Advanced Technologies",http://www.reuters.com/article/2014/04/28/bc-investor-edge-idUSnPn1RkdPF+93+PRN20140428
20140430†1:55PM UTC,Exxon Mobil Corporation Declares Second Quarter Dividend,http://www.reuters.com/article/2014/04/30/tx-exxon-mobil-corp-idUSnBw306578a+100+BSW20140430
20140430†1:47PM UTC,Exxon Mobil boosts dividend by 10 percent,http://www.reuters.com/article/2014/04/30/exxonmobil-dividends-idUSL2N0NM1WK20140430
20140430†9:30AM UTC,"Sanmina, MSA Safety, Exxon Mobil, Chevron and ConocoPhillips highlighted as Zacks Bull and Bear of the Day",http://www.reuters.com/article/2014/04/30/il-zacks-investment-idUSnPnwRZVF+4f+PRN20140430
20140501†9:05AM UTC,CORRECTED-UPDATE 1-Exxon Mobil profit easily beats Wall Street's expectations,http://www.reuters.com/article/2014/05/01/exxon-mobil-results-idUSL2N0NN0GS20140501
20140501†8:56AM UTC,Exxon Mobil Corporation Announces Estimated First Quarter 2014 Results,http://www.reuters.com/article/2014/05/01/tx-exxon-mobil-corp-idUSnBw015913a+100+BSW20140501
20140501†8:06AM UTC,Exxon Mobil quarterly profit slips 4 percent,http://www.reuters.com/article/2014/05/01/exxon-mobil-results-idUSL2N0NK0YC20140501
20140502†9:30AM UTC,"The Zacks Analyst Blog Highlights: Exxon Mobil, Chevron, BP, Royal Dutch Shell and ABB",http://www.reuters.com/article/2014/05/02/il-zacks-investment-idUSnPn2B8CP+4b+PRN20140502
20140502†6:30AM UTC,"Exxon Mobil Sees Margins Edge Lower in First-Quarter 2014, Eyes Projects in Alaska, Texas, an Industrial Info News Alert",http://www.reuters.com/article/2014/05/02/idUSnMKWkWwXla+1d4+MKW20140502
20140507†9:30AM UTC,"The Zacks Analyst Blog Highlights: Exxon Mobil, Chevron, BP, Royal Dutch Shell and Encana",http://www.reuters.com/article/2014/05/07/zacks-analyst-blog-idUSnPnbnQFPb+8e+PRN20140507
20140507†8:33AM UTC,"Quarterly Earnings Releases, Public Offer Pricings, Upcoming Annual Conferences, and Quarterly Earnings Report Schedules - Analyst Notes on Exxon Mobil, EQT Partners, Vale, Baker Hughes and Cameron",http://www.reuters.com/article/2014/05/07/bc-analystsreviewcom-idUSnPnbQs419+90+PRN20140507
20140509†9:30AM UTC,"The Zacks Analyst Blog Highlights: BP, Total SA, Exxon Mobil, ConocoPhillips and Chevron",http://www.reuters.com/article/2014/05/09/il-zacks-investment-idUSnPnzMv9P+49+PRN20140509
20140519†9:30AM UTC,"The Zacks Analyst Blog Highlights: Exxon Mobil, Chevron, TOTAL SA, BP and Royal Dutch Shell",http://www.reuters.com/article/2014/05/19/il-zacks-investment-idUSnPn89Gvp8+88+PRN20140519
20140521†4:50PM UTC,LINN Energy Announces Permian Trade With Exxon Mobil Corporation,http://www.reuters.com/article/2014/05/21/idUSnGNX24tB7n+1c4+GNW20140521
20140521†1:37PM UTC,"Research and Markets: Global Lubricant Market 2014-2018: BP plc, Chevron Corp., Exxon Mobil Corp., and Royal Dutch Shell plc Dominate the Industry",http://www.reuters.com/article/2014/05/21/research-and-markets-idUSnBw216335a+100+BSW20140521
20140527†9:30AM UTC,"The Zacks Analyst Blog Highlights: Statoil, Royal Dutch Shell, BP, Exxon Mobil and Hyatt Hotels",http://www.reuters.com/article/2014/05/27/il-zacks-investment-idUSnPn7l2K4d+84+PRN20140527
20140530†4:00PM UTC,Jack P. Williams and Darren W. Woods Elected as Senior Vice Presidents and Members of Exxon Mobil Corporation‚Äôs Management Committee,http://www.reuters.com/article/2014/05/30/tx-exxon-mobil-corp-idUSnBw305877a+100+BSW20140530
20140604†9:30AM UTC,"The Zacks Analyst Blog Highlights: Chevron, Exxon Mobil, BP, Encana and PetroChina",http://www.reuters.com/article/2014/06/04/il-zacks-chevron-idUSnPn2gCVNm+8e+PRN20140604
20140613†9:30AM UTC,"The Zacks Analyst Blog Highlights: Anadarko Petroleum, Exxon Mobil, Chevron, BP and Barrett Business Services",http://www.reuters.com/article/2014/06/13/il-zacks-investment-idUSnPn3gnq2M+81+PRN20140613
20140616†9:30AM UTC,"Zacks Investment Ideas feature highlights: Exxon Mobil, BP, Royal Dutch Shell, Chevron, JA Solar Holdings, Microsoft and Tupperware Brands",http://www.reuters.com/article/2014/06/16/zacks-equity-research-idUSnPn75nNnc+84+PRN20140616
20140616†9:30AM UTC,"The Zacks Analyst Blog Highlights: BP, Exxon Mobil, Royal Dutch Shell, Chevron and PetroChina",http://www.reuters.com/article/2014/06/16/il-zacks-investment-idUSnPn5W98z2+90+PRN20140616
20140616†9:30AM UTC,"The Zacks Analyst Blog Highlights:Merck, Idenix Pharmaceuticals, Caterpillar, Boeing, Exxon Mobil and Microsoft",http://www.reuters.com/article/2014/06/16/zacks-blog-idUSnPn2Ft62N+91+PRN20140616
20140616†6:10AM UTC,"Senior-Level Elections, Spinoffs, Operational Updates, New Products, and Completed Offerings - Analyst Notes on Exxon Mobil, NOV, MPC, PPG and Cobalt",http://www.reuters.com/article/2014/06/16/bc-ar-idUSnPnbCDtbX+99+PRN20140616
20140618†9:30AM UTC,"The Zacks Analyst Blog Highlights:Anadarko Petroleum, Exxon Mobil, Chevron, Royal Dutch Shell, Chesapeake Energy, Oceaneering International and Eni",http://www.reuters.com/article/2014/06/18/zacks-blog-idUSnPnc99F48+84+PRN20140618
20140625†7:30AM UTC,"Energy Sector Equities under the Scanner -- Research on Exxon Mobil, YPF S.A., Cameron Intl., and Superior Energy Services",http://www.reuters.com/article/2014/06/25/bc-investor-edgecom-idUSnPn4mvxNv+82+PRN20140625
20140708†1:00AM UTC,"Technip Awarded Renewal of Subsea Services Framework Agreement with Statoil, Exxon Mobil & Gassco",http://www.reuters.com/article/2014/07/08/technip-idUSnBw075727a+100+BSW20140708
20140709†9:30AM UTC,"The Zacks Analyst Blog Highlights:Chesapeake Energy, Seventy Seven Energy, Exxon Mobil, Cheniere Energy and Warren Resources",http://www.reuters.com/article/2014/07/09/il-zacks-investments-idUSnPn4qwfQQ+83+PRN20140709
20140721†9:30AM UTC,"The Zacks Analyst Blog Highlights: BP, Exxon Mobil, Morgan Stanley, United Technologies and IBM",http://www.reuters.com/article/2014/07/21/il-zacks-bpplc-idUSnPnXrBwR+55+PRN20140721
20140723†9:30AM UTC,"The Zacks Analyst Blog Highlights: Royal Dutch Shell, Chevron, Exxon Mobil, Baker Hughes and Schlumberger",http://www.reuters.com/article/2014/07/23/il-zacks-investment-idUSnPn4wqJRN+87+PRN20140723
20140729†9:00AM UTC,"Integrated Oil and Gas Equities Coverage -- Exxon Mobil, Chevron, Statoil, BP PLC, and YPF S.A.",http://www.reuters.com/article/2014/07/29/bc-ie-idUSnPn4mD2k3+88+PRN20140729
20140730†12:59PM UTC,Exxon Mobil Corporation Declares Third Quarter Dividend,http://www.reuters.com/article/2014/07/30/tx-exxon-mobil-corp-idUSnBw306039a+100+BSW20140730
20140731†9:01AM UTC,Exxon Mobil Corporation Announces Estimated Second Quarter 2014 Results,http://www.reuters.com/article/2014/07/31/tx-exxon-mobil-corp-idUSnBw315722a+100+BSW20140731
20140731†8:21AM UTC,CORRECTED-Exxon Mobil quarterly profit jumps 28 percent,http://www.reuters.com/article/2014/07/31/exxon-mobil-results-idUSL2N0Q00NW20140731
20140806†9:30AM UTC,"The Zacks Analyst Blog Highlights: Exxon Mobil, Chevron, Apache, Halcon Resources and Noble",http://www.reuters.com/article/2014/08/06/il-zacks-analyst-blog-idUSnPn54K1Bm+8a+PRN20140806
20140808†9:30AM UTC,Earnings Release Review - Exxon Mobil,http://www.reuters.com/article/2014/08/08/bc-ie-idUSnPnp9S2K+45+PRN20140808
20140814†9:30AM UTC,"The Zacks Analyst Blog Highlights: Kinder Morgan, Exxon Mobil, Transocean, Royal Dutch Shell and Chiquita Brands International",http://www.reuters.com/article/2014/08/13/il-zacks-investment-idUSnPnbkfhMW+83+PRN20140813
20140827†4:41PM UTC,Exxon Mobil unit to pay $1.4 million penalty for Louisiana oil spill,http://www.reuters.com/article/2014/08/26/us-exxon-mobil-settlement-idUSKBN0GQ23O20140826
20140827†4:31PM UTC,Exxon Mobil unit to pay $1.4 mln penalty for Louisiana oil spill,http://www.reuters.com/article/2014/08/26/exxon-mobil-settlement-idUSL1N0QW27D20140826
20140828†9:30AM UTC,"The Zacks Analyst Blog Highlights: BP, Exxon Mobil, Kinder Morgan, Weatherford International and North Atlantic Drilling",http://www.reuters.com/article/2014/08/27/il-zacks-bp-idUSnPn5mh5NQ+83+PRN20140827
20140913†9:05AM UTC,"Energy Sector Stocks Technical Review - Exxon Mobil, Cameron Intl., Superior Energy Services, Solazyme, and Alon USA Energy",http://www.reuters.com/article/2014/09/12/bc-investor-edge-idUSnPn5pwNM8+86+PRN20140912
20140916†9:30AM UTC,"The Zacks Analyst Blog Highlights: Exxon Mobil, BP, Royal Dutch Shell, TOTAL and Statoil",http://www.reuters.com/article/2014/09/15/il-zacks-investment-idUSnPn3sjLF0+86+PRN20140915
20140916†12:56AM UTC,Indonesia expects output from Exxon Mobil's Cepu block to peak in July/Aug 2015,http://www.reuters.com/article/2014/09/15/indonesia-oil-exxon-mobil-idUSL3N0RG1L620140915
20140917†9:30AM UTC,"The Zacks Analyst Blog Highlights: Exxon Mobil, BP, North Atlantic Drilling, Superior Energy Services and PowerSecure International",http://www.reuters.com/article/2014/09/16/il-zacks-investment-idUSnPn77tx87+80+PRN20140916
20140919†5:00PM UTC,LINN Energy Announces Permian -- California Trade With Exxon Mobil Corporation,http://www.reuters.com/article/2014/09/18/idUSnGNX5rnFbt+1c4+GNW20140918
20140920†1:55PM UTC,"Exclusive: Exxon Mobil puts Torrance, Calif, refinery up for sale - sources",http://www.reuters.com/article/2014/09/19/us-exxon-mobil-refinery-sale-exclusive-idUSKBN0HE22O20140919
20140923†11:49AM UTC,"Exclusive: Exxon Mobil puts Torrance, Calif, refinery up for sale- sources",http://www.reuters.com/article/2014/09/22/us-exxon-mobil-refinery-sale-exclusive-idUSKBN0HE22O20140922
20140925†9:30AM UTC,"The Zacks Analyst Blog Highlights: Exxon Mobil, LINN Energy, Patterson-UTI Energy, Western Refining and ConocoPhillips",http://www.reuters.com/article/2014/09/24/il-zacks-investment-idUSnPn9pcGFz+86+PRN20140924
20141001†4:58PM UTC,$250 Million Development Near Exxon Mobil Campus Announces Name Change,http://www.reuters.com/article/2014/09/30/tx-pinpoint-commercial-idUSnBw306808a+100+BSW20140930
20141002†9:30AM UTC,"Capacity Expansions, New Products, Scheduled Financial Results, and Technical Updates - Research Reports on Exxon Mobil, Chevron, Schlumberger, Halliburton and Monsanto",http://www.reuters.com/article/2014/10/01/bc-analysts-review-idUSnPn9GqDMG+97+PRN20141001
20141003†11:57AM UTC,Mexico's Pemex signs cooperation agreement with Exxon Mobil,http://www.reuters.com/article/2014/10/02/mexico-pemex-idUSL2N0RX16I20141002
20141010†9:30AM UTC,"The Zacks Analyst Blog Highlights: Vanguard Energy ETF, Exxon Mobil, Chevron, Energy Select Sector SPDR and PowerShares DWA Energy Momentum Portfolio",http://www.reuters.com/article/2014/10/09/il-zacks-vanguard-idUSnPn2mGm5t+88+PRN20141009
20141010†7:10AM UTC,"Research and Markets: Global Injection Molded Plastics Market 2014-2018: Key Vendors are BASF, The Dow Chemical, E.I. du Pont de Nemours, Exxon Mobil & SABIC Innovative Plastics",http://www.reuters.com/article/2014/10/09/research-and-markets-idUSnBw095421a+100+BSW20141009
20141011†5:11PM UTC,Exxon Mobil asks court to recognize payment from Venezuela,http://www.reuters.com/article/2014/10/10/us-venezuela-exxon-mobil-court-idUSKCN0HZ29Y20141010
20141011†5:09PM UTC,Exxon Mobil asks U.S. court to recognize payment from Venezuela,http://www.reuters.com/article/2014/10/10/venezuela-exxon-mobil-court-idUSL2N0S51J920141010
20141011†9:29AM UTC,"The Zacks Analyst Blog Highlights: Exxon Mobil,  Chevron, Miller Energy Resources, Sanchez Energy and Forest Oil",http://www.reuters.com/article/2014/10/10/il-zacks-investments-idUSnPn9NtvnC+91+PRN20141010
20141014†9:29AM UTC,"The Zacks Analyst Blog Highlights: Exxon Mobil, Chevron, ConocoPhillips, Valero Energy and HollyFrontier",http://www.reuters.com/article/2014/10/13/il-zacksinvestment-idUSnPn8V8NQj+96+PRN20141013
20141017†8:27AM UTC,Exxon Mobil votes with feet to stay in EU as energy laws loom,http://www.reuters.com/article/2014/10/16/us-climatechange-summit-eu-policy-idUSKCN0I51BQ20141016
20141017†8:25AM UTC,RPT-REUTERS SUMMIT-Exxon Mobil votes with feet to stay in EU as energy laws loom,http://www.reuters.com/article/2014/10/16/climatechange-summit-eu-policy-idUSL6N0SB3J620141016
20141017†7:34AM UTC,Exxon Mobil votes with feet to stay in EU as energy laws loom,http://www.reuters.com/article/2014/10/16/climatechange-summit-eu-policy-idUSL6N0RV4WK20141016
20141030†1:16PM UTC,Exxon Mobil Corporation Declares Fourth Quarter Dividend,http://www.reuters.com/article/2014/10/29/tx-exxon-mobil-corp-idUSnBw296187a+100+BSW20141029
20141101†8:59AM UTC,Exxon Mobil Corporation Announces Estimated Third Quarter 2014 Results,http://www.reuters.com/article/2014/10/31/tx-exxon-mobil-corp-idUSnBw315401a+100+BSW20141031
20141105†9:30AM UTC,"The Zacks Analyst Blog Highlights: Exxon Mobil, Chevron, iShares U.S. Energy ETF, Fidelity MSCI Energy Index ETF and Vanguard Energy ETF",http://www.reuters.com/article/2014/11/04/il-zacks-investments-idUSnPn6BwYR7+96+PRN20141104
20141106†9:30AM UTC,"The Zacks Analyst Blog Highlights: Exxon Mobil, Chevron, ConocoPhillips, Phillips 66 and Noble",http://www.reuters.com/article/2014/11/05/il-zacksinvestment-idUSnPnbrMwzD+89+PRN20141105
20141111†9:00AM UTC,"Technical Coverage on Integrated Oil and Gas Equities - Exxon Mobil, Occidental Petroleum, Cenovus Energy, Suncor Energy, and Hess",http://www.reuters.com/article/2014/11/10/bc-investor-edge-idUSnPn3m52xG+81+PRN20141110
20141122†6:49AM UTC,REFILE-UPDATE 1-Exxon Mobil in final talks with Ivory Coast over two oil blocks,http://www.reuters.com/article/2014/11/21/ivorycoast-oil-exxon-mobil-idUSL6N0TB2CA20141121
20141122†6:33AM UTC,Exxon Mobil in final talks with Ivory Coast over two oil blocks,http://www.reuters.com/article/2014/11/21/ivorycoast-oil-exxon-mobil-idUSL6N0TB28720141121
20141126†1:30PM UTC,New Proxy Resolution Urges Exxon Mobil To Return Capital To Shareholders In The Face Of Global Climate Change & Carbon Asset Risk,http://www.reuters.com/article/2014/11/25/exxon-shareholders-idUSnPn2RQ4Cm+9a+PRN20141125
20141206†9:30AM UTC,"The Zacks Analyst Blog Highlights: Exxon Mobil, Anadarko Petroleum, Valero Energy, Phillips 66 and HollyFrontier",http://www.reuters.com/article/2014/12/05/il-zacks-investment-idUSnPn2swGCd+86+PRN20141205
20141216†9:30AM UTC,"The Zacks Analyst Blog Highlights: Exxon Mobil, Chevron, BP, Royal Dutch Shell and TOTAL",http://www.reuters.com/article/2014/12/15/il-zacks-exxonmobil-idUSnPn40PmYh+8a+PRN20141215
20141216†9:30AM UTC,"The Zacks Analyst Blog Highlights: Exxon Mobil, Chevron, Devon Energy, Valero Energy and Phillips 66",http://www.reuters.com/article/2014/12/15/il-zacks-analystblog-idUSnPn1CG6RP+9b+PRN20141215
20141219†12:09PM UTC,"UPDATE 1-Exxon Mobil says hits more shale oil, gas in Argentine region",http://www.reuters.com/article/2014/12/18/argentina-exploration-idUSL1N0U21IP20141218
20141219†11:39AM UTC,"Exxon Mobil says strikes more shale oil, gas again in Argentine region",http://www.reuters.com/article/2014/12/18/argentina-exploration-idUSE6N0SL00W20141218
20141223†9:30AM UTC,"The Zacks Analyst Blog Highlights: Exxon Mobil, Chevron, Devon Energy, Valero Energy and Phillips 66",http://www.reuters.com/article/2014/12/22/il-zacks-analyst-blog-idUSnPn5HkgYv+92+PRN20141222
20141225†9:39AM UTC,"The Zacks Analyst Blog Highlights: Exxon Mobil, Royal Dutch Shell, Marathon Oil, Encana and Hess",http://www.reuters.com/article/2014/12/24/il-zacks-analyst-blog-idUSnPn7x0xRM+83+PRN20141224
20141230†9:05AM UTC,"Early Briefing on Oil, Gas and Consumable Fuels Stocks -- Petroleo Brasileiro, Exxon Mobil, Crestwood Midstream Partners, Natural Resource Partners, and Whiting Petroleum",http://www.reuters.com/article/2014/12/29/bc-investor-edge-idUSnPn55jCZZ+87+PRN20141229
20150117†12:08PM UTC,"Research and Markets: Global Automotive Coolant & Lubricant Market Trends & Forecasts to 2019: Royal Dutch Shell, Chevron, Total, and Exxon Mobil Dominates the $400+ Million Market",http://www.reuters.com/article/2015/01/16/research-and-markets-idUSnBw165574a+100+BSW20150116
20150127†6:00AM UTC,Rex W. Tillerson of Exxon Mobil Chosen as Energy Intelligence 2015 ‚ÄúPetroleum Executive of the Year‚Äù,http://www.reuters.com/article/2015/01/26/ny-energy-intelligence-idUSnBw265084a+100+BSW20150126
20150129†2:35PM UTC,Exxon Mobil Corporation Declares First Quarter Dividend,http://www.reuters.com/article/2015/01/28/tx-exxon-mobil-corp-idUSnBw286252a+100+BSW20150128
20150203†8:35AM UTC,"Integrated Oil and Gas Equities Technical Data - Exxon Mobil, BP PLC, Chevron, Royal Dutch Shell, and Sasol",http://www.reuters.com/article/2015/02/02/bc-investor-edge-idUSnPn8ZZVRv+9e+PRN20150202
20150203†8:11AM UTC,Exxon Mobil quarterly profit down 21 percent,http://www.reuters.com/article/2015/02/02/exxon-results-idUSL1N0V733M20150202
20150204†9:20AM UTC,"Hogging the Limelight: New Research on Exxon Mobil, You On Demand, Mylan, Verizon, and Intel",http://www.reuters.com/article/2015/02/03/bc-analysts-review-idUSnPnbrDtf4+88+PRN20150203
20150207†8:40AM UTC,"What's New in the Energy Sector: Special Research on EXCO Resources, Exxon Mobil, FMC Technologies, Foresight Energy, and Helmerich & Payne",http://www.reuters.com/article/2015/02/06/bc-analysts-review-idUSnPn4n5FLK+87+PRN20150206
20150219†5:30PM UTC,"Explosion at Exxon Mobil refinery in Torrance, California, injures four",http://www.reuters.com/article/2015/02/18/us-refinery-blast-exxon-idUSKBN0LM1VR20150218
20150219†5:27PM UTC,"UPDATE 5-Explosion at Exxon Mobil refinery in Torrance, Calif., injures 4",http://www.reuters.com/article/2015/02/18/refinery-blast-exxon-idUSL1N0VS1PR20150218
20150219†7:48PM UTC,"All I saw was smoke and people running"" -Exxon Mobil refinery worker""",http://www.reuters.com/news/video/videoStory?storyID=104326639
20150224†10:26AM UTC,"Exxon Mobil 2014 reserves up on oil sands, shale",http://www.reuters.com/article/2015/02/23/exxonmobil-reserves-idUSL1N0VX11N20150223
20150303†11:05AM UTC,"Berkshire's Buffett says sold Exxon Mobil stake for acquisition, stock buys",http://www.reuters.com/article/2015/03/02/us-berkshire-buffet-exxon-mobil-idUSKBN0LY1U220150302
20150303†11:03AM UTC,"Berkshire's Buffett says sold Exxon Mobil stake for acquisition, stock buys",http://www.reuters.com/article/2015/03/02/berkshire-buffet-exxon-mobil-idUSL1N0W41G520150302
20150303†9:30AM UTC,Post-Earnings Briefing - Exxon Mobil,http://www.reuters.com/article/2015/03/02/bc-investor-edge-idUSnPnbR0zsY+91+PRN20150302
20150205†4:30PM UTC,"Research and Markets: Global Sulfuric Acid Market 2015-2019: Key Vendors are Akzo Nobel, Bayer, BP, Chevron, DuPont and Exxon Mobil",http://www.reuters.com/article/2015/02/04/research-and-markets-idUSnBw046532a+100+BSW20150204
20150418†8:45AM UTC,"Energy Stocks in Focus: Complementary Research on Freeport-McMoRan,SeaDrill Limited, Chesapeake Energy Corporation, Exxon Mobil, and Cliffs Natural Resources",http://www.reuters.com/article/2015/04/17/bc-analysts-review-idUSnPncc1CLC+87+PRN20150417
20150408†9:15AM UTC,"Oil, Gas and Consumable Fuels Equities Update -- Exxon Mobil, BP PLC, Occidental Petroleum, Gevo Inc., and Concho Resources",http://www.reuters.com/article/2015/04/07/bc-investor-edge-idUSnPn8wwyKN+83+PRN20150407
20150423†10:29AM UTC,Exxon Mobil to pay $5.07 mln for 2013 Arkansas oil spill,http://www.reuters.com/article/2015/04/22/exxonmobil-settlement-idUSL1N0XJ19L20150422
20150423†9:29AM UTC,Exxon Mobil to pay $5.07 million for 2013 Arkansas oil spill,http://www.reuters.com/article/2015/04/22/us-exxonmobil-settlement-idUSKBN0ND1FU20150422
20150423†9:27AM UTC,UPDATE 1-Exxon Mobil to pay $5.07 mln for 2013 Arkansas oil spill,http://www.reuters.com/article/2015/04/22/exxonmobil-settlement-idUSL1N0XJ0VD20150422
20150423†9:15AM UTC,"Business Highlights From the Energy Sector: A Complementary Research on Exxon Mobil, Seadrill Ltd., SandRidge Energy, Chesapeake Energy, and Halliburton Co.",http://www.reuters.com/article/2015/04/22/bc-analysts-review-idUSnPnGhr6x+50+PRN20150422
20150424†12:54PM UTC,"Research and Markets: Asia Pacific Liquefied Petroleum Gas Market 2015-2019 with Sinopec, JX Nippon Petro China, Exxon Mobil Corporation, Royal Dutch Shell, and IOCL Dominating",http://www.reuters.com/article/2015/04/23/research-and-markets-idUSnBw236286a+100+BSW20150423
20150430†3:00PM UTC,"Research and Markets: Global Liquefied Petroleum Gas Market 2015-2019 with Gazprom, PetroChina, Sinopec, Saudi Aramco & Exxon Mobile Dominating the $200+ Million Market",http://www.reuters.com/article/2015/04/29/research-and-markets-idUSnBw296552a+100+BSW20150429
20150430†1:59PM UTC,Exxon Mobil Corporation Declares Second Quarter Dividend,http://www.reuters.com/article/2015/04/29/tx-exxon-mobil-corp-idUSnBw296447a+100+BSW20150429
20150514†7:35AM UTC,"How Financials Make all the Difference: Complementary Research on Exxon Mobil, Apple, Ford Motor, Ambev and General Motors",http://www.reuters.com/article/2015/05/13/bc-analysts-review-idUSnPnc4CYzm+8c+PRN20150513
20150516†8:40AM UTC,"Technical Roundup on Oil, Gas and Consumable Fuels Equities -- Exxon Mobil, BP p.l.c, Occidental Petroleum, Ecopetrol, and EnLink Midstream Partners",http://www.reuters.com/article/2015/05/15/bc-investor-edge-idUSnPn89R0dS+89+PRN20150515
20150603†6:30AM UTC,"Research and Markets: Global Automotive Lubricant Market Report 2015-2019 with Royal Dutch Shell, Exxon Mobil and BP Dominating the $6.8 Billion Market",http://www.reuters.com/article/2015/06/02/research-and-markets-idUSnBw025957a+100+BSW20150602
20150704†11:08AM UTC,Exxon Mobil ends oil exploration in Madagascar after poor finds: minister,http://www.reuters.com/article/2015/07/03/us-madagascar-exploration-idUSKCN0PD1P620150703
20150704†10:58AM UTC,Exxon Mobil ends oil exploration in Madagascar after poor finds -minister,http://www.reuters.com/article/2015/07/03/madagascar-exploration-idUSL8N0ZJ2DM20150703
20150705†3:55AM UTC,CORRECTED-Exxon Mobil ends oil exploration in Madagascar after poor finds -minister,http://www.reuters.com/article/2015/07/04/madagascar-exploration-idUSL8N0ZJ2DM20150704
20150718†5:20AM UTC,"Research and Markets: Global EPDM Market 2015-2019 with Dow Chemical, Exxon Mobil, Lanxess, Lion Elastomers & Mitsui Chemical Dominating",http://www.reuters.com/article/research-and-markets-idUSnBw175192a+100+BSW20150717
20150728†6:40PM UTC,Exxon Mobil donates $5 million to North Dakota housing fund,http://www.reuters.com/article/us-exxon-mobil-northdakota-idUSKCN0Q129J20150727
20150728†6:37PM UTC,Exxon Mobil donates $5 mln to North Dakota housing fund,http://www.reuters.com/article/exxon-mobil-northdakota-idUSL1N10717B20150727
20150730†1:38PM UTC,Exxon Mobil Corporation Declares Third Quarter Dividend,http://www.reuters.com/article/tx-exxon-mobil-corp-idUSnBw296423a+100+BSW20150729
20150730†12:10PM UTC,"Global Methyl Ethyl Ketone (MEK) Market 2015-2019 with Exxon Mobil, Lanzhou Petrochemicals, Maruzen Petrochemical, Royal Dutch Shell & Sasol Dominating",http://www.reuters.com/article/researchandmarkets-idUSnPn9f4KNz+86+PRN20150729
20150731†9:45AM UTC,"Major Integrated Oil and Gas Stocks Technical Data -- Exxon Mobil, Encana, Chevron, Ecopetrol, and EQT GP Holdings",http://www.reuters.com/article/bc-equity-research-insti-idUSnPn6Rmlmw+90+PRN20150730
20150801†7:31PM UTC,"Tumbling oil prices slam profit at Exxon Mobil, Chevron",http://www.reuters.com/article/us-usa-oil-results-idUSKCN0Q51Y520150731
20150801†7:00PM UTC,"WRAPUP 4-Tumbling oil prices slam profit at Exxon Mobil, Chevron",http://www.reuters.com/article/usa-oil-results-idUSL1N10B12Q20150731
20150801†9:04AM UTC,BUZZ-Exxon Mobil Corp: Q2 profit halved by weak oil prices,http://www.reuters.com/article/idUSL3N10B53P20150731
20150801†4:32PM UTC,Exxon Mobil and Chevron fall short,http://www.reuters.com/news/video/videoStory?storyID=110146729
20150801†3:56PM UTC,"S&P; Capital IQ's Glickman: buy Exxon Mobil, not Chevron",http://www.reuters.com/news/video/videoStory?storyID=110145567
20150813†4:02PM UTC,Judge approves Exxon Mobil settlement over 2013 Arkansas spill,http://www.reuters.com/article/us-exxonmobil-settlement-idUSKCN0QH2FJ20150812
20150813†3:40PM UTC,Judge approves Exxon Mobil settlement over 2013 Arkansas spill,http://www.reuters.com/article/exxonmobil-settlement-idUSL1N10N29E20150812
20150813†3:27PM UTC,Judge approves Exxon Mobil settlement over 2013 Arkansas spill,http://www.reuters.com/article/exxonmobil-settlement-idUSL1N10N26W20150812
20150915†2:30PM UTC,"Research and Markets: Analyzing the Global Crude Oil Refining Industry 2015 Featuring Industry Leaders, Exxon Mobil, BP Plc, Chevron",http://www.reuters.com/article/research-and-markets-idUSnBw146204a+100+BSW20150914
20150916†9:05AM UTC,Financial Results Update - Report on Exxon Mobil,http://www.reuters.com/article/bc-aci-association-idUSnPnbwFDZD+8f+PRN20150915
20150922†9:07AM UTC,"Market Update on the Basic Materials Sector -- Marathon Oil, Dow Chemical, Barrick Gold, Exxon Mobil and Transocean",http://www.reuters.com/article/bc-aci-association-idUSnPn7Fs3Kd+92+PRN20150921
20151001†4:37PM UTC,PBF Energy to buy Exxon Mobil's Torrance refinery,http://www.reuters.com/article/exxon-mobil-divestiture-pbf-energy-idUSL3N1205UP20150930
20151008†2:09PM UTC,"Research and Markets: Global Linear Low Density Polyethylene Market 2015-2019 - Key Vendors are The Dow Chemicals Company, Exxon Mobil Chemical, LyondellBasell Industries, Saudi Basic Industries (SABIC) & Sinopec",http://www.reuters.com/article/research-and-markets-idUSnBw076335a+100+BSW20151007
20151029†12:58PM UTC,Exxon Mobil Corporation Declares Fourth Quarter Dividend,http://www.reuters.com/article/tx-exxon-mobil-corp-idUSnBw286281a+100+BSW20151028
20151030†1:12AM UTC,BRIEF-Exxon Mobil says to expand hydrocraker unit at Rotterdam refinery,http://www.reuters.com/article/idUSFWN12S08O20151029
20151031†10:50AM UTC,BRIEF-Exxon Mobil plans no restructuring charges-exec,http://www.reuters.com/article/idUSL1N12U16E20151030
20151105†7:23AM UTC,Exxon Mobil sees Kashagan oil field to restarting at end-2016,http://www.reuters.com/article/exxon-mobil-kashagan-idUSL8N12Z2RK20151104
20151107†11:09AM UTC,BUZZ-Exxon Mobil Corp: New York investigating company,http://www.reuters.com/article/idUSL3N1315LW20151106
20151110†8:49AM UTC,"Research and Markets: United States Advanced Energy Market Report 2015-2019 with Alstom, Exxon Mobil, Panasonic, Schneider Electric & Siemens Energy Dominating",http://www.reuters.com/article/research-and-markets-idUSnBw095942a+100+BSW20151109
20151114†8:51AM UTC,Exxon Mobil to drill offshore post-Ebola Liberia,http://www.reuters.com/article/us-liberia-oil-idUSKCN0T212C20151113
20151114†8:49AM UTC,CORRECTED-Exxon Mobil to drill offshore post-Ebola Liberia,http://www.reuters.com/article/liberia-oil-idUSL8N1376WU20151113
20151212†3:03PM UTC,Darren Woods Elected President of Exxon Mobil Corporation and Member of Board of Directors,http://www.reuters.com/article/tx-exxon-mobil-corp-idUSnBw115831a+100+BSW20151211
20151217†2:19PM UTC,"Research and Markets: Global Compressor Oil Market 2015-2019 with BP, Castrol, CNPC, Dow, Exxon Mobil, Ingersoll-Rand, Royal Dutch Shell & Total Dominating",http://www.reuters.com/article/research-and-markets-idUSnBw166121a+100+BSW20151216
20160114†1:38PM UTC,Exxon Mobil to shut Beaumont refinery crude unit in April for up to 90 days: report,http://www.reuters.com/article/us-refinery-operations-exxon-mobil-beaum-idUSKCN0UR2JK20160113
20160203†4:43PM UTC,"US STOCKS-Wall St sells off as Exxon Mobil, oil weigh",http://www.reuters.com/article/usa-stocks-idUSL2N15H2WU
20160203†3:33PM UTC,"US STOCKS-Wall St falls 2 pct as Exxon Mobil, oil weigh",http://www.reuters.com/article/usa-stocks-idUSL2N15H2JM
20160218†1:31AM UTC,U.S. Exxon Mobil closes its office in Azerbaijan - Azeri tax ministry,http://www.reuters.com/article/azerbaijan-exxon-office-idUSL8N15W0OL
20160303†3:32PM UTC,"Exxon Mobil eyes acquisitions, forecasts lowered spending",http://www.reuters.com/article/us-exxon-mobil-outlook-idUSKCN0W41PI
20160303†3:26PM UTC,"UPDATE 3-Exxon Mobil eyes acquisitions, forecasts lowered spending",http://www.reuters.com/article/exxon-mobil-outlook-idUSL2N16A0R3
20160303†12:40PM UTC,BRIEF-Exxon Mobil production mix will be more oily,http://www.reuters.com/article/idUSL2N16A16Z
20160303†8:40AM UTC,Exxon Mobil sees production up slightly as spending stalls,http://www.reuters.com/article/exxon-mobil-outlook-idUSL2N16A0PP
20160324†7:19PM UTC,Exxon Mobil must allow climate change vote -SEC,http://www.reuters.com/article/exxon-mobil-shareholders-idUSL2N16V2CX
20160324†7:17PM UTC,Exxon Mobil must allow climate change vote -SEC,http://www.reuters.com/article/exxon-mobil-shareholders-idUSL2N16V25X
20160325†5:46PM UTC,BRIEF-Exxon Mobil in talks to buy stake in big Mozambique gas project from Eni SpA - WSJ,http://www.reuters.com/article/idUSFWN16W0M6
20160325†3:46AM UTC,Exxon Mobil must allow climate change vote: SEC,http://www.reuters.com/article/us-exxon-mobil-shareholders-exclusive-idUSKCN0WP2TG
20160327†2:28PM UTC,REFILE-Exxon Mobil in talks to buy into Eni's giant Mozambique gas field -sources,http://www.reuters.com/article/exxon-eni-ma-idUSL5N16X11Y
20160404†11:44AM UTC,Exxon Mobil reaches agreement to restart crippled Torrance FCC,http://www.reuters.com/article/us-exxon-agreement-idUSKCN0X00PJ
20160404†11:40AM UTC,Exxon Mobil reaches agreement to restart crippled Torrance FCC,http://www.reuters.com/article/idUSL2N1760AG
20160408†5:59PM UTC,Smoke near Houston Ship Channel from Exxon Mobil Baytown facility - Coast Guard,http://www.reuters.com/article/refinery-outages-exxon-mobil-baytownsmok-idUSL2N17A282
20160408†1:10PM UTC,Exxon Mobil to pay New York $10.75 mln for oil spill cleanup,http://www.reuters.com/article/exxonmobil-new-york-settlement-idUSL2N17A1BR
20160408†12:02PM UTC,Exxon Mobil to pay New York $10.75 million for oil spill cleanup,http://www.reuters.com/article/us-exxonmobil-new-york-settlement-idUSKCN0X425G
20160408†11:57AM UTC,Exxon Mobil to pay New York $10.75 mln for oil spill cleanup,http://www.reuters.com/article/exxonmobil-new-york-settlement-idUSL2N17A136
20160414†10:40AM UTC,BRIEF-Exxon Mobil says CEO Tillerson's 2015 compensation was $27.3 mln,http://www.reuters.com/article/idUSFWN17G0D3
20160415†12:53PM UTC,UPDATE 1-Exxon Mobil exports first cargo of offshore Gulf of Mexico crude,http://www.reuters.com/article/oil-exxon-mobil-exports-idUSL2N17H1BT
20160420†9:20AM UTC,BRIEF-Exxon Mobil starts oil production at Julia oil field in Gulf of Mexico,http://www.reuters.com/article/idUSFWN17M07Q
20160427†11:10AM UTC,BRIEF-S&P; - Exxon Mobil Corp. Corporate credit rating lowered to 'AA+' from 'AAA'; outlook stable,http://www.reuters.com/article/idUSFWN17T0L4
20160428†2:29PM UTC,Exxon Mobil boosts dividend day after ratings downgrade,http://www.reuters.com/article/exxon-mobil-dividend-idUSL2N17U1W5
20160430†2:23PM UTC,Exxon Mobil reaches bottom of the oil barrel,http://www.reuters.com/article/idUS407271318120160429
20160430†10:52AM UTC,BRIEF-Exxon Mobil says remains committed to growing its dividend,http://www.reuters.com/article/idUSL2N17W0TK
20160430†9:50AM UTC,Exxon Mobil profit beats expectations on big cost cuts,http://www.reuters.com/article/us-exxon-mobil-results-idUSKCN0XQ1EK
20160430†8:15AM UTC,BRIEF-Exxon Mobil reports Q1 earnings per share $0.43,http://www.reuters.com/article/idUSASD08G9A
20160506†8:42AM UTC,"BRIEF-Exxon Mobil, Fuelcell Energy to pursue novel technology in carbon capture",http://www.reuters.com/article/idUSFWN1820PR
20160511†1:58AM UTC,"Exxon Mobil says production at Cepu oil block reached 185,000 bpd",http://www.reuters.com/article/indonesia-exxon-mobil-output-idUSL3N18729P
20160512†3:23PM UTC,BRIEF-CalPERS asks Exxon Mobil shareholders to vote for climate change proposal,http://www.reuters.com/article/idUSFWN18816S
20160517†12:55PM UTC,Exxon Mobil expected to ramp up Nigeria's Qua Iboe crude output this week,http://www.reuters.com/article/nigeria-oil-idUSL5N18D4SK
20160520†12:42PM UTC,Exxon Mobil says Nigeria's Qua Iboe production 'ongoing' despite blocked access to terminal,http://www.reuters.com/article/nigeria-oil-idUSL5N18G5N3
20160524†3:37PM UTC,French unions to strike at Exxon Mobil's Port Jerome refinery,http://www.reuters.com/article/france-politics-protest-exxon-mobil-idUSL5N18K53E
20160602†10:21AM UTC,"Exxon Mobil shuts hydrocracker compressor at Torrance, California refinery",http://www.reuters.com/article/refinery-operations-torrance-idUSL1N18T0UP
20160608†3:52PM UTC,"BRIEF-Exxon Mobil VP Chapman sells 12,000 shares of co's common stock",http://www.reuters.com/article/idUSFWN18Z0J5
20160609†5:26PM UTC,"BRIEF-Exxon Mobil VP Bradley Corson reports sale of 6,000 shares at $90.81 each",http://www.reuters.com/article/idUSFWN1900LM
20160610†11:29AM UTC,Exxon Mobil to start full operations at Torrance refinery by June 13,http://www.reuters.com/article/refinery-operations-exxon-mobil-idUSL1N19113D
20160624†11:59AM UTC,"CORRECTED-Oil in California pipeline leak owned by affiliates of Shell, Exxon Mobil",http://www.reuters.com/article/pipeline-operations-oil-idUSL1N19F14Q
20160701†8:43AM UTC,BRIEF-Exxon Mobil says second well offshore Guyana confirms oil discovery,http://www.reuters.com/article/idUSFWN19M0N6
20160712†8:35PM UTC,Exxon Mobil says no attacks at its facilities despite Nigerian militants' claim,http://www.reuters.com/article/us-nigeria-delta-exxon-mobil-idUSKCN0ZR2M9
20160712†8:14PM UTC,REFILE-UPDATE 2-Exxon Mobil says no attacks at its facilities despite Nigerian militants' claim,http://www.reuters.com/article/nigeria-delta-exxon-mobil-idUSL4N19X4YZ
20160712†7:56PM UTC,Exxon Mobil says no attacks at its facilities after Nigerian militants claim attack,http://www.reuters.com/article/nigeria-delta-exxon-mobil-idUSL8N19X5NR
20160712†6:12PM UTC,Nigerian militants say they blew up Exxon Mobil's pipeline,http://www.reuters.com/article/nigeria-delta-exxon-mobil-idUSL4N19X4WE
20160712†5:39PM UTC,BRIEF-Niger delta avenger says blew up Exxon Mobil Qua Iboe 48 crude oil export pipeline,http://www.reuters.com/article/idUSFWN19X0V4
20160726†9:39AM UTC,Saudi's SABIC says studying petchems JV with Exxon Mobil affiliate,http://www.reuters.com/article/us-sabic-exxon-mobil-petrochemicals-idUSKCN1051GM
20160726†9:39AM UTC,UPDATE 1-Saudi's SABIC says studying petchems JV with Exxon Mobil affiliate,http://www.reuters.com/article/sabic-exxon-mobil-petrochemicals-idUSL8N1AB35F
20160726†8:50AM UTC,BRIEF-Exxon Mobil and SABIC evaluate petrochemical JV on U.S. Gulf coast,http://www.reuters.com/article/idUSFWN1AB0FF
20160726†8:24AM UTC,Saudi's SABIC says studying petchems JV with Exxon Mobil affiliate,http://www.reuters.com/article/sabic-exxon-mobil-petrochemicals-idUSD5N19Q02P
20160727†1:52AM UTC,"MIDEAST STOCKS-SABIC may rise on Exxon Mobil JV, most markets sluggish",http://www.reuters.com/article/mideast-stocks-emirates-idUSL8N1AC0OF
20160728†2:02PM UTC,BRIEF-Exxon Mobil sets quarterly cash dividend of $0.75/share,http://www.reuters.com/article/idUSFWN1AD166
20160730†8:59AM UTC,Exxon Mobil profit misses expectations; stock slides,http://www.reuters.com/article/us-exxon-mobil-results-idUSKCN1091FI
20160730†8:37AM UTC,UPDATE 1-Exxon Mobil profit misses expectations; stock slides,http://www.reuters.com/article/exxon-mobil-results-idUSL1N1AF0HN
20160730†8:08AM UTC,Exxon Mobil profit tumbles 59 pct in 2nd quarter,http://www.reuters.com/article/exxon-mobil-results-idUSL1N1AF0H9
20160730†1:53PM UTC,"Chevron, Exxon Mobil disappoint on earnings",http://www.reuters.com/news/video/videoStory?storyID=120864370
20160819†5:17PM UTC,Vitol says Exxon Mobil lacked 'transparency' during Torrance outage,http://www.reuters.com/article/us-gasoline-supply-vitol-idUSKCN10T2BX
20160819†3:03PM UTC,Vitol says Exxon Mobil lacked 'transparency' during Torrance outage,http://www.reuters.com/article/gasoline-supply-vitol-idUSL1N1AZ0VW
20160820†3:59PM UTC,Exxon Mobil defends handling of Torrance refinery outage,http://www.reuters.com/article/us-gasoline-supply-vitol-idUSKCN10U20U
20160820†3:58PM UTC,Exxon Mobil defends handling of Torrance refinery outage,http://www.reuters.com/article/gasoline-supply-vitol-idUSL3N1B04C6
20160828†12:28PM UTC,MEDIA LINK-Exxon Mobil Backs Out of Proposed Alaska LNG Project -WSJ,http://www.reuters.com/article/idUSL1N1B80B5
20160831†2:12PM UTC,Exxon Mobil preparing to put Montana refinery on block: sources,http://www.reuters.com/article/us-refinery-sale-exxon-mobil-idUSKCN1152FR
20160831†2:09PM UTC,Exxon Mobil preparing to put Montana refinery on block - sources,http://www.reuters.com/article/refinery-sale-exxon-mobil-idUSL1N1B70WZ
20160921†1:26PM UTC,"BRIEF-SEC investigating Exxon Mobil on climate change - CNBC, citing DJ",http://www.reuters.com/article/idUSFWN1BW0PA
20161008†11:11AM UTC,BRIEF-Exxon Mobil and Stewart-Haas racing extend partnership with multi-year deal,http://www.reuters.com/article/idUSFWN1CD089
20161011†6:09AM UTC,BRIEF-Interoil Corp says supreme court of Yukon approves pending transaction with Exxon Mobil Corp,http://www.reuters.com/article/idUSASC09ALG
20161019†6:39PM UTC,UPDATE 1-Exxon Mobil to start drilling first Liberia well in November,http://www.reuters.com/article/liberia-oil-exxon-mobil-idUSL8N1CO6SN
20161019†5:55PM UTC,Exxon Mobil to start drilling first Liberia well in November,http://www.reuters.com/article/liberia-oil-exxon-mobil-idUSL8N1CO69F
20161020†5:48AM UTC,Exxon Mobil CEO says doesn't see big oil supply crunch,http://www.reuters.com/article/us-exxon-mobil-oil-idUSKCN12J0XV
20161027†4:49PM UTC,BRIEF-New York Supreme Court orders Exxon Mobil to comply with A.G. Schneiderman'S subpoena,http://www.reuters.com/article/idUSFWN1CW1AY
20161027†1:26PM UTC,BRIEF-Exxon Mobil Corp sets quarterly cash dividend of $0.75 per share,http://www.reuters.com/article/idUSFWN1CW1A3
20161028†11:52AM UTC,BRIEF-Exxon Mobil announces significant oil discovery offshore Nigeria,http://www.reuters.com/article/idUSASC09DRK
20161029†5:43PM UTC,Exxon Mobil profit drops 38 percent but beats estimates,http://www.reuters.com/article/us-exxon-mobil-results-idUSKCN12S1GA
20161029†1:29PM UTC,UPDATE 3-Exxon Mobil profit drops 38 percent but beats estimates,http://www.reuters.com/article/exxon-mobil-results-idUSL1N1CY0KA
20161029†8:13AM UTC,Exxon Mobil quarterly profit drops by $1.59 billion,http://www.reuters.com/article/exxon-mobil-results-idUSL1N1CX2EN
20161029†8:08AM UTC,BRIEF-Exxon Mobil reports Q3 earnings per share of $0.63,http://www.reuters.com/article/idUSASC09E4V
20161102†5:43PM UTC,BRIEF-Exxon Mobil- board amended corp's by-laws,http://www.reuters.com/article/idUSFWN1D20SP
20161124†11:03AM UTC,Exxon Mobil refinery in Louisiana running at planned rates after fire,http://www.reuters.com/article/us-refinery-fire-exxon-operations-idUSKBN13I1UX
20161124†10:54AM UTC,Exxon Mobil refinery in Louisiana running at planned rates after fire,http://www.reuters.com/article/refinery-fire-exxon-operations-idUSL1N1DO12W
20161203†4:48PM UTC,BRIEF-Exxon Mobil says Neil Duffin appointed President of Exxonmobil Production Company,http://www.reuters.com/article/idUSL8N1DX54E
20161206†2:02PM UTC,Total y Exxon Mobil ganan licitaci√≥n para un √°rea en Perdido en aguas profundas del Golfo de M√©xico,http://www.reuters.com/article/petroleo-mexico-bloque-idUSE1N1D8009
20161208†2:30PM UTC,"BRIEF-Exxon Mobil - VP & Gen. Tax Counsel James Spellings reports open market sale of 15,678 common shares",http://www.reuters.com/article/idUSFWN1E20WA
20161208†10:11AM UTC,"BRIEF-Exxon Mobil - VP and Treasurer, Robert Schleckser reports open market sale of 5,685 shares of co's common stock",http://www.reuters.com/article/idUSFWN1E20V5
20161214†9:17AM UTC,BRIEF-Exxon Mobil says board will be meeting shortly regarding transition following Tillerson's appointment as sec. of state - CNBC,http://www.reuters.com/article/idUSFWN1E80KD
20161215†3:23PM UTC,"BRIEF-Exxon Mobil says CEO Rex Tillerson to retire, names Darren Woods as new CEO",http://www.reuters.com/article/idUSASC09NHW
20161215†12:31PM UTC,"BRIEF-Exxon Mobil VP Wascom sells 4,400 shares of co's common stock on Dec 13",http://www.reuters.com/article/idUSFWN1E90O5
20161217†11:47AM UTC,UPDATE 1-Nigeria strike shuts Exxon Mobil offices after firings - union,http://www.reuters.com/article/nigeria-exxon-mobil-layoffs-idUSL5N1EB4V6
20161222†4:02PM UTC,UPDATE 1-Nigerian union says to end strike over Exxon Mobil sackings,http://www.reuters.com/article/nigeria-oil-idUSL5N1EG560
20161222†3:34PM UTC,Nigerian union says to end strike over Exxon Mobil sackings,http://www.reuters.com/article/nigeria-oil-idUSL5N1EG547
20161222†11:23AM UTC,Exxon Mobil oil spill hits communities in southeast Nigeria: local leader,http://www.reuters.com/article/us-nigeria-exxon-mobil-spill-idUSKBN14A1RC
20161222†11:21AM UTC,Exxon Mobil oil spill hits communities in southeast Nigeria -local leader,http://www.reuters.com/article/nigeria-exxon-mobil-spill-idUSL4N1EG3ZN
20161229†9:56AM UTC,Exxon Mobil announces new gas discovery in Papua New Guinea,http://www.reuters.com/article/us-exxon-mobil-papua-new-guinea-idUSKBN14H15Y
20161229†9:51AM UTC,Exxon Mobil announces new gas discovery in Papua New Guinea,http://www.reuters.com/article/exxon-mobil-papua-new-guinea-idUSL4N1EN3A2
20161229†9:24AM UTC,BRIEF-Exxon Mobil Muruk-1 well encounters high-quality hydrocarbon-bearing reservoirs,http://www.reuters.com/article/idUSASC09P2H
20170104†10:50PM UTC,"UPDATE 1-Exxon Mobil, Tillerson agree to cut all ties",http://www.reuters.com/article/exxon-mobil-tillerson-idUSL4N1EU1K3
20170104†10:15PM UTC,"Exxon Mobil, Tillerson agree to cut all ties",http://www.reuters.com/article/exxon-mobil-tillerson-idUSL4N1EU1HH
20170104†9:56PM UTC,"BRIEF-Exxon Mobil, Tillerson reach agreement to comply with conflict of interest requirements",http://www.reuters.com/article/idUSFWN1ET0O4
20170105†3:39PM UTC,"Exxon Mobil, Tillerson agree to cut all ties",http://www.reuters.com/article/us-exxon-mobil-tillerson-idUSKBN14O08N
20170110†10:57AM UTC,"Nigerian oil union threatens three-day strike at Exxon Mobil, Chevron",http://www.reuters.com/article/us-nigeria-oil-idUSKBN14T1L1
20170110†10:55AM UTC,"UPDATE 2-Nigerian oil union threatens three-day strike at Exxon Mobil, Chevron",http://www.reuters.com/article/nigeria-oil-idUSL5N1EZ3Y2
20170110†8:50AM UTC,"Nigerian oil union threatens three-day strike at Exxon Mobil, Chevron",http://www.reuters.com/article/nigeria-oil-idUSL5N1EZ3SC
20170113†9:19AM UTC,Exxon Mobil discovers new oil reservoir offshore Guyana,http://www.reuters.com/article/us-exxon-mobil-guyana-idUSKBN14W20T
20170114†7:40AM UTC,"PetroVietnam, Exxon Mobil sign deal on gas generation",http://www.reuters.com/article/us-petrovietnam-exxon-mobil-idUSKBN14X1F4
20170114†7:35AM UTC,"PetroVietnam, Exxon Mobil sign deal on gas generation",http://www.reuters.com/article/petrovietnam-exxon-mobil-idUSL4N1F33WP
20170119†9:22AM UTC,BRIEF-Synthetic Genomics and Exxon Mobil renew Algae Biofuels research agreement,http://www.reuters.com/article/idUSFWN1F80JY
20170120†6:58AM UTC,"Saudi's SABIC still keen on Exxon Mobile venture in U.S., looking for more",http://www.reuters.com/article/us-sabic-exxon-idUSKBN1531OC
20170120†6:53AM UTC,"INTERVIEW-Saudi's SABIC still keen on Exxon Mobile venture in U.S., looking for more",http://www.reuters.com/article/sabic-exxon-idUSL5N1F9398
20170126†6:02PM UTC,BRIEF-Exxon Mobil elects Susan Avery to its board,http://www.reuters.com/article/idUSASB0AWU2
20170126†4:19PM UTC,BRIEF-Exxon Mobil Corporation declares first quarter dividend,http://www.reuters.com/article/idUSFWN1FF13D
20170201†8:15AM UTC,BRIEF-Exxon Mobil reports Q4 earnings per share $0.41,http://www.reuters.com/article/idUSASB0AXLY
20170201†8:10AM UTC,Exxon Mobil quarterly profit drops after asset write-down,http://www.reuters.com/article/exxon-mobil-results-idUSL1N1FK1JJ
20170215†1:35PM UTC,BRIEF-InterOil says shareholders approve transaction with Exxon Mobil,http://www.reuters.com/article/idUSFWN1FZ18H
20170221†8:30PM UTC,BRIEF-Supreme court of Yukon approves Exxon Mobil transaction,http://www.reuters.com/article/brief-supreme-court-of-yukon-approves-ex-idUSFWN1G50G9
20170225†9:20AM UTC,Exxon Mobil to extend Norway's Sigyn field lifetime until end-2022,http://www.reuters.com/article/exxon-mobil-norway-idUSL8N1G94RT
20170228†5:22PM UTC,BRIEF-Exxon Mobil Corp obtains exemption from Canadian oil and gas reporting obligations,http://www.reuters.com/article/brief-exxon-mobil-corp-obtains-exemption-idUSFWN1GC12T
20170301†12:29PM UTC,BRIEF-Exxon Mobil files for proposed resale of up to 68.2 mln shares of co's common stock,http://www.reuters.com/article/brief-exxon-mobil-files-for-proposed-res-idUSFWN1GD129
20170302†12:43PM UTC,"BRIEF-Exxon Mobil CEO says oil markets 'more balanced,' but still sees uncertainty",http://www.reuters.com/article/brief-exxon-mobil-ceo-says-oil-markets-m-idUSL2N1GE0XV
20170302†8:47AM UTC,BRIEF-Exxon Mobil says 2017 capital and exploration expenses $22 billion,http://www.reuters.com/article/brief-exxon-mobil-says-2017-capital-and-idUSFWN1GE0RN
20170307†5:56PM UTC,Factbox: Trump on Twitter (March 6) - Exxon Mobil $20 billion investment,http://www.reuters.com/article/us-usa-trump-tweet-idUSKBN16D2Q4
20170118†9:21AM UTC,BRIEF-Exxon Mobil to acquire companies doubling Permian Basin resource to 6 bln Barrels,http://www.reuters.com/article/idUSASC09R25
20170408†2:35AM UTC,Exxon Mobil markets mid-term Papua New Guinea LNG supplies,http://www.reuters.com/article/us-japan-gastech-exxon-mobil/exxon-mobil-markets-mid-term-papua-new-guinea-lng-supplies-idUSKBN1790PZ
20170408†2:29AM UTC,Exxon Mobil markets mid-term Papua New Guinea LNG supplies,http://www.reuters.com/article/japan-gastech-exxon-mobil/exxon-mobil-markets-mid-term-papua-new-guinea-lng-supplies-idUSL3N1HF250
20170414†11:05AM UTC,BRIEF-Exxon Mobil says Rex Tillerson's 2016 compensation was $27.4 mln,http://www.reuters.com/article/brief-exxon-mobil-says-rex-tillersons-20/brief-exxon-mobil-says-rex-tillersons-2016-compensation-was-27-4-mln-idUSFWN1HL0GG
20170420†9:52AM UTC,SABIC picks Texas for potential project with Exxon Mobil,http://www.reuters.com/article/sabic-exxon/sabic-picks-texas-for-potential-project-with-exxon-mobil-idUSL8N1HR3QF
20170420†9:04AM UTC,"BRIEF-Exxon Mobil, SABIC select San Patricio county for proposed petrochemical project on U.S. Gulf Coast",http://www.reuters.com/article/brief-exxon-mobil-sabic-select-san-patri/brief-exxon-mobil-sabic-select-san-patricio-county-for-proposed-petrochemical-project-on-u-s-gulf-coast-idUSFWN1HR0G4
20170420†9:00AM UTC,BRIEF-Saudi's SABIC updates on joint venture with Exxon Mobil,http://www.reuters.com/article/brief-saudis-sabic-updates-on-joint-vent/brief-saudis-sabic-updates-on-joint-venture-with-exxon-mobil-idUSL3N1HR41U
20170427†3:16PM UTC,BRIEF-Exxon Mobil sets quarterly cash dividend of $0.77per share,http://www.reuters.com/article/brief-exxon-mobil-sets-quarterly-cash-di/brief-exxon-mobil-sets-quarterly-cash-dividend-of-0-77per-share-idUSFWN1HY14Y
20170427†2:00PM UTC,Exxon Mobil boosts quarterly dividend to 77 cents from 75 cents,http://www.reuters.com/article/us-exxon-mobil-dividend/exxon-mobil-boosts-quarterly-dividend-to-77-cents-from-75-cents-idUSKBN17S2IJ
20170427†1:48PM UTC,Exxon Mobil boosts quarterly dividend to 77 cents from 75 cents,http://www.reuters.com/article/exxon-mobil-dividend/exxon-mobil-boosts-quarterly-dividend-to-77-cents-from-75-cents-idUSL1N1HY1KG
20170429†10:55AM UTC,BRIEF-Exxon Mobil says underlying oil demand growth has been strong,http://www.reuters.com/article/brief-exxon-mobil-says-underlying-oil-de/brief-exxon-mobil-says-underlying-oil-demand-growth-has-been-strong-idUSL1N1I00X4
20170429†10:20AM UTC,Exxon Mobil profit beats Street as oil prices move higher,http://www.reuters.com/article/us-exxon-mobil-results/exxon-mobil-profit-beats-street-as-oil-prices-move-higher-idUSKBN17U1S5
20170429†10:17AM UTC,CORRECTED-UPDATE 1-Exxon Mobil profit beats Street as oil prices move higher,http://www.reuters.com/article/exxon-mobil-results/corrected-update-1-exxon-mobil-profit-beats-street-as-oil-prices-move-higher-idUSL1N1I00KT
20170429†8:10AM UTC,BRIEF-Exxon Mobil reports Q1 earnings per share of $0.95,http://www.reuters.com/article/brief-exxon-mobil-reports-q1-earnings-pe/brief-exxon-mobil-reports-q1-earnings-per-share-of-0-95-idUSASA09LBA
20170429†8:08AM UTC,"Exxon Mobil profit more than doubles on cost cuts, oil price rise",http://www.reuters.com/article/exxon-mobil-results/exxon-mobil-profit-more-than-doubles-on-cost-cuts-oil-price-rise-idUSL1N1HY2JM
20170504†7:10PM UTC,BRIEF-Exxon Mobil Corp makes application to cease to be a reporting issuer in Canada,http://www.reuters.com/article/brief-exxon-mobil-corp-makes-application/brief-exxon-mobil-corp-makes-application-to-cease-to-be-a-reporting-issuer-in-canada-idUSFWN1I5118
20170511†11:11PM UTC,"Exxon Mobil buys Singapore petrochemical plant, boost output in Asia",http://www.reuters.com/article/singapore-exxon-mobil/exxon-mobil-buys-singapore-petrochemical-plant-boost-output-in-asia-idUSL4N1ID1OJ
20170512†5:23PM UTC,8th Circuit rules for Exxon Mobil in pipeline dispute with landowners,http://www.reuters.com/article/exxon-pegasus/8th-circuit-rules-for-exxon-mobil-in-pipeline-dispute-with-landowners-idUSL1N1ID238
20170512†8:08AM UTC,Oil workers go on strike at Exxon Mobil in Nigeria: union,http://www.reuters.com/article/us-nigeria-oil/oil-workers-go-on-strike-at-exxon-mobil-in-nigeria-union-idUSKBN1871FP
20170512†8:01AM UTC,UPDATE 2-Oil workers go on strike at Exxon Mobil in Nigeria -union,http://www.reuters.com/article/nigeria-oil/update-2-oil-workers-go-on-strike-at-exxon-mobil-in-nigeria-union-idUSL8N1ID4TU
20170512†6:58AM UTC,Oil workers go on strike at Exxon Mobil in Nigeria -union,http://www.reuters.com/article/nigeria-oil/oil-workers-go-on-strike-at-exxon-mobil-in-nigeria-union-idUSL8N1ID4OU
20170512†12:22AM UTC,"Exxon Mobil buys Singapore petrochemical plant, boosts output in Asia",http://www.reuters.com/article/us-singapore-exxon-mobil/exxon-mobil-buys-singapore-petrochemical-plant-boosts-output-in-asia-idUSKBN1870A6
20170512†12:18AM UTC,"UPDATE 1-Exxon Mobil buys Singapore petrochemical plant, boosts output in Asia",http://www.reuters.com/article/singapore-exxon-mobil/update-1-exxon-mobil-buys-singapore-petrochemical-plant-boosts-output-in-asia-idUSL4N1ID1R0
20170517†3:32AM UTC,"Nigerian oil workers extend Exxon Mobil strike to Chevron, Agip and Shell",http://www.reuters.com/article/us-nigeria-oil/nigerian-oil-workers-extend-exxon-mobil-strike-to-chevron-agip-and-shell-idUSKCN18C0LI
20170517†3:07AM UTC,"UPDATE 1-Nigerian oil workers extend Exxon Mobil strike to Chevron, Agip and Shell",http://www.reuters.com/article/nigeria-oil/update-1-nigerian-oil-workers-extend-exxon-mobil-strike-to-chevron-agip-and-shell-idUSL8N1II19Z
20170517†2:39AM UTC,"Nigerian oil workers extend Exxon Mobil strike to Chevron, Agip and Shell",http://www.reuters.com/article/nigeria-oil/nigerian-oil-workers-extend-exxon-mobil-strike-to-chevron-agip-and-shell-idUSL8N1II15L
20170520†11:05AM UTC,Nigerian oil labor union calls for Exxon Mobil shutdown in Delta,http://www.reuters.com/article/us-nigeria-oil/nigerian-oil-labor-union-calls-for-exxon-mobil-shutdown-in-delta-idUSKCN18F1S3
20170520†11:00AM UTC,UPDATE 1-Nigerian oil labour union calls for Exxon Mobil shutdown in Delta,http://www.reuters.com/article/nigeria-oil/update-1-nigerian-oil-labour-union-calls-for-exxon-mobil-shutdown-in-delta-idUSL8N1IL3R8
20170520†9:25AM UTC,Nigerian oil labour union calls for Exxon Mobil shutdown in Delta,http://www.reuters.com/article/nigeria-oil/nigerian-oil-labour-union-calls-for-exxon-mobil-shutdown-in-delta-idUSL8N1IL325
20170521†5:20PM UTC,Nigerian oil labor union suspends Exxon Mobil strike in Rivers state,http://www.reuters.com/article/us-nigeria-oil/nigerian-oil-labor-union-suspends-exxon-mobil-strike-in-rivers-state-idUSKCN18G0VE
20170521†5:18PM UTC,UPDATE 1-Nigerian oil labour union suspends Exxon Mobil strike in Rivers state,http://www.reuters.com/article/nigeria-oil/update-1-nigerian-oil-labour-union-suspends-exxon-mobil-strike-in-rivers-state-idUSL8N1IM0UK
20170521†2:56PM UTC,Nigerian oil labour union suspends Exxon Mobil strike in Rivers state,http://www.reuters.com/article/nigeria-oil/nigerian-oil-labour-union-suspends-exxon-mobil-strike-in-rivers-state-idUSL8N1IM0SE
20170523†11:03AM UTC,BRIEF-Exxon Mobil completes new polyethylene lines at Mont Belvieu plastics plant,http://www.reuters.com/article/brief-exxon-mobil-completes-new-polyethy/brief-exxon-mobil-completes-new-polyethylene-lines-at-mont-belvieu-plastics-plant-idUSFWN1IO0CI
20170525†5:17PM UTC,BRIEF-S&P; says Exxon Mobil outlook revised to negative from stable‚Äç‚Äã,http://www.reuters.com/article/brief-sp-says-exxon-mobil-outlook-revise/brief-sp-says-exxon-mobil-outlook-revised-to-negative-from-stable-idUSFWN1IQ0QY
20170531†6:06PM UTC,BRIEF-‚ÄçCalpers says urges investors to vote for climate change reporting at Exxon Mobil‚Äç‚Äã,http://www.reuters.com/article/brief-calpers-says-urges-investors-to-vo/brief-calpers-says-urges-investors-to-vote-for-climate-change-reporting-at-exxon-mobil-idUSFWN1IW0W4
20170608†4:21PM UTC,"BRIEF-Moody's changes Exxon Mobil's outlook to stable, rating affirmed",http://www.reuters.com/article/brief-moodys-changes-exxon-mobils-outloo/brief-moodys-changes-exxon-mobils-outlook-to-stable-rating-affirmed-idUSFWN1J40LK
20170626†5:37AM UTC,Qatar's emir meets Exxon Mobil Corp CEO: agency,http://www.reuters.com/article/us-gulf-qatar-exxonmobil/qatars-emir-meets-exxon-mobil-corp-ceo-agency-idUSKBN19G0CD
20170626†5:33AM UTC,Qatar's emir meets Exxon Mobil Corp CEO -agency,http://www.reuters.com/article/gulf-qatar-exxonmobil/qatars-emir-meets-exxon-mobil-corp-ceo-agency-idUSL8N1JM05S
20170714†3:14PM UTC,Exxon Mobil fined for Louisiana refinery explosion that injured four,http://www.reuters.com/article/us-refinery-probe-exxon-batonrouge/exxon-mobil-fined-for-louisiana-refinery-explosion-that-injured-four-idUSKBN19Y2AX
20170714†3:02PM UTC,UPDATE 1-Exxon Mobil fined for Louisiana refinery explosion that injured four,http://www.reuters.com/article/refinery-probe-exxon-mobil-batonrouge/update-1-exxon-mobil-fined-for-louisiana-refinery-explosion-that-injured-four-idUSL1N1K41HW
20170721†3:06PM UTC,BRIEF-Exxon Mobil to challenge finding by OFAC that it violated U.S. sanctions against Russia in 2014‚Äã,http://www.reuters.com/article/brief-exxon-mobil-to-challenge-finding-b/brief-exxon-mobil-to-challenge-finding-by-ofac-that-it-violated-u-s-sanctions-against-russia-in-2014-idUSFWN1KB0VP
20170721†10:10AM UTC,U.S. fines Exxon Mobil over Ukraine-related sanctions violations,http://www.reuters.com/article/exxon-mobil-usa-ukraine/u-s-fines-exxon-mobil-over-ukraine-related-sanctions-violations-idUSL1N1KB0PJ
20170727†1:56PM UTC,BRIEF-Exxon Mobil declares Q3 dividend of $0.77/share,http://www.reuters.com/article/brief-exxon-mobil-declares-q3-dividend-o/brief-exxon-mobil-declares-q3-dividend-of-0-77-share-idUSFWN1KH0ZJ
20170729†5:39PM UTC,"Exxon Mobil profit disappoints Wall Street, Chevron shines",http://www.reuters.com/article/us-usa-oil-results/exxon-mobil-profit-disappoints-wall-street-chevron-shines-idUSKBN1AD2DZ
20170729†2:47PM UTC,"WRAPUP 2-Exxon Mobil profit disappoints Wall Street, Chevron shines",http://www.reuters.com/article/usa-oil-results/wrapup-2-exxon-mobil-profit-disappoints-wall-street-chevron-shines-idUSL1N1KJ18U
20170729†8:16AM UTC,BRIEF-Exxon Mobil reports Q2 earnings per share $0.78,http://www.reuters.com/article/brief-exxon-mobil-reports-q2-earnings-pe/brief-exxon-mobil-reports-q2-earnings-per-share-0-78-idUSASB0BBLK
20170729†8:06AM UTC,Exxon Mobil quarterly profit nearly doubles,http://www.reuters.com/article/exxon-mobil-results/exxon-mobil-quarterly-profit-nearly-doubles-idUSL1N1KI1RT
20170729†5:28PM UTC,"Exxon Mobil is penalized for being a big project company, says Mizuho's Bob Yawger",http://www.reuters.com/news/video/videoStory?storyID=131176258
20170825†5:10PM UTC,"Exxon Mobil shuts Galveston 209 platform, shutting in Hadrian South",http://www.reuters.com/article/us-storm-harvey-exxon-operations/exxon-mobil-shuts-galveston-209-platform-shutting-in-hadrian-south-idUSKCN1B42GR
20170825†3:46PM UTC,"REFILE-Exxon Mobil shuts Galveston 209 platform, shutting in Hadrian South",http://www.reuters.com/article/storm-harvey-exxon-operations/refile-exxon-mobil-shuts-galveston-209-platform-shutting-in-hadrian-south-idUSL2N1LA1MN
20170830†9:04AM UTC,Exxon Mobil Vietnam gas project could start in November -state TV,http://www.reuters.com/article/exxon-mobil-vietnam/exxon-mobil-vietnam-gas-project-could-start-in-november-state-tv-idUSL4N1LF4HZ
20170902†4:33PM UTC,Exxon Mobil plans $200 mln investment in Argentina's Vaca Muerta,http://www.reuters.com/article/argentina-shale-exxon-mobil/exxon-mobil-plans-200-mln-investment-in-argentinas-vaca-muerta-idUSL2N1LI1RA
20170904†5:04PM UTC,"Exxon Mobil says Hadrian South system, Galveston 209 platform back online",http://www.reuters.com/article/storm-harvey-exxon/exxon-mobil-says-hadrian-south-system-galveston-209-platform-back-online-idUSL2N1LK0OD
20170913†8:00AM UTC,COLUMN-Exxon Mobil's deal to cut India LNG prices is actually quite good: Russell,http://www.reuters.com/article/column-russell-lng/column-exxon-mobils-deal-to-cut-india-lng-prices-is-actually-quite-good-russell-idUSL4N1LT24L
20170913†1:41AM UTC,Exxon Mobil's deal to cut India LNG prices is actually quite good: Russell,http://www.reuters.com/article/us-column-russell-lng/exxon-mobils-deal-to-cut-india-lng-prices-is-actually-quite-good-russell-idUSKCN1BN0GL
20170913†1:38AM UTC,COLUMN-Exxon Mobil's deal to cut India LNG prices is actually quite good: Russell,http://www.reuters.com/article/column-russell-lng/column-exxon-mobils-deal-to-cut-india-lng-prices-is-actually-quite-good-russell-idUSL4N1LT1YL
20170926†1:46PM UTC,Exxon Mobil says U.S. refinery 2nd largest operations back to normal,http://www.reuters.com/article/refinery-operations-exxon-mobil-texas/exxon-mobil-says-u-s-refinery-2nd-largest-operations-back-to-normal-idUSL2N1M617U
20170928†7:33PM UTC,"Exxon Mobil bets on Brazil, buys 10 oil blocks in auction",http://www.reuters.com/article/us-brazil-oil-auction/exxon-mobil-bets-on-brazil-buys-10-oil-blocks-in-auction-idUSKCN1C22UY
20170928†7:31PM UTC,"UPDATE 4-Exxon Mobil bets on Brazil, buys 10 oil blocks in auction",http://www.reuters.com/article/brazil-oil-auction/update-4-exxon-mobil-bets-on-brazil-buys-10-oil-blocks-in-auction-idUSL2N1M80O5
20171028†8:40AM UTC,BRIEF-Exxon Mobil reports Q3 earnings per share of $0.93,http://www.reuters.com/article/brief-exxon-mobil-reports-q3-earnings-pe/brief-exxon-mobil-reports-q3-earnings-per-share-of-0-93-idUSASB0BPDW
20171028†8:10AM UTC,"Exxon Mobil's profit jumps 50 percent on higher oil, natgas prices",http://www.reuters.com/article/exxon-results/exxon-mobils-profit-jumps-50-percent-on-higher-oil-natgas-prices-idUSL2N1MZ16X
20171101†4:22PM UTC,"Exxon Mobil, PDC Energy settle with U.S., states over air pollution claims",http://www.reuters.com/article/us-usa-exxon-mobil-settlement/exxon-mobil-pdc-energy-settle-with-u-s-states-over-air-pollution-claims-idUSKBN1D02IB
20171101†1:38PM UTC,"Exxon Mobil, PDC Energy settle with U.S., states over air pollution claims",http://www.reuters.com/article/usa-exxon-mobil-settlement/exxon-mobil-pdc-energy-settle-with-u-s-states-over-air-pollution-claims-idUSL2N1N61KD
