20140107 11:56AM UTC,REG-General Electric Capital Corporation FRN Variable Rate Fix,http://www.reuters.com/article/2014/01/07/general-electric-capital-idUSnBw076442a+100+BSW20140107
20140114 7:35PM UTC,"Portland General Electric Schedules Earnings Release and Conference Call for Friday, February 14",http://www.reuters.com/article/2014/01/15/or-pge-idUSnBw146811a+100+BSW20140115
20140116 8:21AM UTC,"AAAResearchReports.com Daily Briefing:AES, Atlantic Power, Portland General Electric, and Dynegy",http://www.reuters.com/article/2014/01/16/bc-aaa-research-reports-idUSnPn8hMchN+89+PRN20140116
20140117 9:58AM UTC,"BRIEF-General Electric CEO says industrial revenue growth goal of 4-7% for 2014 looks achievable, due in part to huge backlog""""",http://www.reuters.com/article/2014/01/17/generalelectric-results-idUSWEN00C5Y20140117
20140120 9:30AM UTC,"Lazard, Full House Resorts, Life Technologies, Thermo Fisher Scientific and General Electric highlighted as Zacks Bull and Bear of the Day",http://www.reuters.com/article/2014/01/20/zacks-bull-and-bear-idUSnPnCGl6dkT+161+PRN20140120
20140131 12:15PM UTC,General Electric gets EU okay to buy Thermo Fisher units,http://www.reuters.com/article/2014/01/31/us-ge-thermofisher-eu-idUSBREA0U1DF20140131
20140131 12:12PM UTC,General Electric gets EU okay to buy Thermo Fisher units,http://www.reuters.com/article/2014/01/31/ge-thermofisher-eu-idUSB5N0IC02I20140131
20140212 11:12AM UTC,REG-General Electric Capital Corporation FRN Variable Rate Fix,http://www.reuters.com/article/2014/02/12/general-electric-capital-idUSnBw125961a+100+BSW20140212
20140214 5:00AM UTC,Portland General Electric Reports 2013 Financial Results and Initiates 2014 Earnings Guidance,http://www.reuters.com/article/2014/02/14/or-pge-idUSnBw145130a+100+BSW20140214
20140218 4:37PM UTC,General Electric Co seeks $658 million U.S. tax refund: court filing,http://www.reuters.com/article/2014/02/18/us-usa-tax-ge-idUSBREA1H22M20140218
20140218 4:22PM UTC,General Electric Co seeks $658 mln U.S tax refund -court filing,http://www.reuters.com/article/2014/02/18/usa-tax-ge-idUSL2N0LN11420140218
20140218 10:52AM UTC,REG-General Electric Capital Corporation FRN Variable Rate Fix,http://www.reuters.com/article/2014/02/18/general-electric-capital-idUSnBw186284a+100+BSW20140218
20140219 5:00PM UTC,Portland General Electric Declares Dividend,http://www.reuters.com/article/2014/02/19/or-pge-idUSnBw196721a+100+BSW20140219
20140225 8:51PM UTC,INDONESIA PRESS-General Electric to develop biomass power plants - Kontan,http://www.reuters.com/article/2014/02/26/indonesia-press-ge-idUSL3N0LV0QG20140226
20140303 11:43AM UTC,"Heritage Global Partners and Perfection Industrial Sales Selected to Manage March 26 Live Webcast Auction of General Electricâ€™s Surplus Capital Assets at its Mankato, MN Facility, Due to Plant Closure",http://www.reuters.com/article/2014/03/03/ca-heritage-global-idUSnBw036160a+100+BSW20140303
20140303 9:30AM UTC,"The Zacks Analyst Blog Highlights: Home Depot, Exxon Mobil, General Electric, 3M and Coca-Cola",http://www.reuters.com/article/2014/03/03/il-zacks-investment-idUSnPnCGwRfkT+169+PRN20140303
20140305 2:30PM UTC,"Most Active: Cisco Systems, Micron Technology, General Electric, AT&T; and Microsoft",http://www.reuters.com/article/2014/03/05/bc-i-idUSnPnpHN5wv+98+PRN20140305
20140305 9:30AM UTC,"The Zacks Analyst Blog Highlights: General Electric, United Technologies, Boeing, Airbus Group and Honeywell International",http://www.reuters.com/article/2014/03/05/zacks-analyst-blog-idUSnPnCGxyMkT+165+PRN20140305
20140306 12:01PM UTC,REG-General Electric Capital Corporation FRN Variable Rate Fix,http://www.reuters.com/article/2014/03/06/gen-electric-cap-corp-idUSnBw065962a+100+BSW20140306
20140331 11:56AM UTC,"Active Equities under the Scanner -- Research on Micron Technology, Kinross Gold, Ford Motor, and General Electric",http://www.reuters.com/article/2014/03/31/bc-investor-edge-idUSnPn65GVtx+8c+PRN20140331
20140927 5:50PM UTC,"Portland General Electric Schedules Earnings Release and Conference Call for Tuesday, October 28",http://www.reuters.com/article/2014/09/26/or-portland-general-idUSnBw265524a+100+BSW20140926
20141015 10:27AM UTC,"The Zacks Analyst Blog Highlights: General Electric, United Technologies, Synchrony Financial and Compass Diversified Holdings",http://www.reuters.com/article/2014/10/14/il-zacks-ge-idUSnPnWB4gK+59+PRN20141014
20140314 1:06PM UTC,REG-General Electric Capital Corporation FRN Variable Rate Fix,http://www.reuters.com/article/2014/03/14/gen-electric-cap-corp-idUSnBw145658a+100+BSW20140314
20140318 1:47PM UTC,REG-General Electric Capital Corporation FRN Variable Rate Fix,http://www.reuters.com/article/2014/03/18/gen-electric-capcorp-idUSnBw186423a+100+BSW20140318
20140318 1:21PM UTC,REG-General Electric Capital Corporation FRN Variable Rate Fix,http://www.reuters.com/article/2014/03/18/gen-electric-cap-corp-idUSnBw186369a+100+BSW20140318
20140318 1:20PM UTC,REG-General Electric Capital Corporation FRN Variable Rate Fix,http://www.reuters.com/article/2014/03/18/general-electric-capital-idUSnBw186366a+100+BSW20140318
20140318 1:17PM UTC,REG-General Electric Capital Corporation FRN Variable Rate Fix,http://www.reuters.com/article/2014/03/18/gen-electric-cap-corp-idUSnBw186362a+100+BSW20140318
20140318 1:15PM UTC,REG-General Electric Capital Corporation FRN Variable Rate Fix,http://www.reuters.com/article/2014/03/18/gen-electric-cap-corp-idUSnBw186359a+100+BSW20140318
20140318 1:14PM UTC,REG-General Electric Capital Corporation FRN Variable Rate Fix,http://www.reuters.com/article/2014/03/18/gen-electric-cap-corp-idUSnBw186356a+100+BSW20140318
20140319 1:57PM UTC,General Electric signs $400 million Algeria generator deal,http://www.reuters.com/article/2014/03/19/us-algeria-energy-idUSBREA2I1NX20140319
20140319 1:51PM UTC,General Electric signs $400 million Algeria generator deal,http://www.reuters.com/article/2014/03/19/algeria-energy-idUSL6N0MG4MR20140319
20140320 1:15PM UTC,REG-General Electric Capital Corporation FRN Variable Rate Fix,http://www.reuters.com/article/2014/03/20/gen-electric-capcorp-idUSnBw206136a+100+BSW20140320
20140320 1:14PM UTC,REG-General Electric Capital Corporation FRN Variable Rate Fix,http://www.reuters.com/article/2014/03/20/general-elec-cap-corp-idUSnBw206134a+100+BSW20140320
20140321 9:30AM UTC,"The Zacks Analyst Blog Highlights:Xerox, Siemens, General Electric, 3M and Raven Industries",http://www.reuters.com/article/2014/03/21/il-zacks-investments-idUSnPn4W69Cv+92+PRN20140321
20140328 3:52AM UTC,"Technical Data on Utilities Stocks -- Research on Portland General Electric, Brookfield Infrastructure Partners, The Southern, and Duke Energy",http://www.reuters.com/article/2014/03/28/bc-investor-edge-idUSnPn6rwn2j+80+PRN20140328
20140404 5:00PM UTC,"Portland General Electric Schedules Earnings Release and Conference Call for Tuesday, April 29",http://www.reuters.com/article/2014/04/04/or-portland-general-idUSnBw045721a+100+BSW20140404
20140404 2:02PM UTC,General Electric sees no room for deal to buy Ansaldo STS,http://www.reuters.com/article/2014/04/04/us-general-electric-ansaldo-st-idUSBREA331IE20140404
20140404 1:59PM UTC,General Electric sees no room for deal to buy Ansaldo STS,http://www.reuters.com/article/2014/04/04/general-electric-ansaldo-st-idUSL5N0MW43P20140404
20140407 12:52PM UTC,REG-General Electric Capital Corporation FRN Variable Rate Fix,http://www.reuters.com/article/2014/04/07/general-electric-capital-idUSnBw076222a+100+BSW20140407
20140409 10:34AM UTC,"Forthcoming Earnings -- Research on BB&T;, Fifth Third Bancorp, Chipotle Mexican Grill, and General Electric",http://www.reuters.com/article/2014/04/09/bc-es-idUSnPnK1p7W+51+PRN20140409
20140415 8:01AM UTC,"Financial Results Schedules, Statements, Notes Pricing, and Acquisitions - Analyst Notes on Portland General Electric, Integrys, Hawaiian Electric, NRG Yield, and Cosan",http://www.reuters.com/article/2014/04/15/bc-analystsreviewcom-idUSnPn8MqPy9+94+PRN20140415
20140417 9:46AM UTC,BRIEF-General Electric says expects to be more active on divestitures this year,http://www.reuters.com/article/2014/04/17/generalelectric-results-idUSWEN00CXE20140417
20140421 10:00AM UTC,"Active Stocks Technical Review -- Research on Bank of America, Facebook, General Electric, and Cisco Systems",http://www.reuters.com/article/2014/04/21/bc-ie-idUSnPn5Pqznw+90+PRN20140421
20140421 8:00AM UTC,"Promotional Campaigns, Equity Awards, Stock Price Movements, New Launches, and Company Events - Analyst Notes on Pfizer, Intuitive Surgical, HCA Holdings, General Electric and John Deere",http://www.reuters.com/article/2014/04/21/bc-ar-idUSnPn1sdh8f+80+PRN20140421
20140422 1:06PM UTC,"Technical Pointers on Electric Utilities Equities -- Research on Centrais Eletricas Brasileiras, Pinnacle West Capital, Portland General Electric, and Duke Energy",http://www.reuters.com/article/2014/04/22/bc-investor-edge-idUSnPn4YfFgm+94+PRN20140422
20140422 5:05AM UTC,"Research and Markets: Global Human Machine Interface (HMI) Market 2014-2018 with General Electric, Invensys & Schneider Electric Dominating the Industry",http://www.reuters.com/article/2014/04/22/research-and-markets-idUSnBw225655a+100+BSW20140422
20140427 5:10PM UTC,"REVEALED: How to Best Invest in Future Spinoffs - Agilent Technologies, General Electric, Kimberly-Clark Corp, Pioneer Foods, Westfield Group â€“ The Spinoff Report",http://www.reuters.com/article/2014/04/27/ny-spinoff-report-idUSnBw275035a+100+BSW20140427
20140428 1:49PM UTC,"Research and Markets: Global Waste Heat Recovery Market 2014-2018: General Electric, Alstom SA, Mitsubishi Heavy Industries, Siemens & ABB Ltd. Dominate the Market",http://www.reuters.com/article/2014/04/28/research-and-markets-idUSnBw286370a+100+BSW20140428
20140428 8:30AM UTC,"Upcoming Earnings Announcements -- Research on Diebold, Waddell & Reed Financial, Parker Hannifin, and Portland General Electric",http://www.reuters.com/article/2014/04/28/bc-earnings-source-idUSnPnGqfmX+51+PRN20140428
20140429 5:00AM UTC,Portland General Electric Announces First Quarter Results,http://www.reuters.com/article/2014/04/29/or-pge-idUSnBw295554a+100+BSW20140429
20140430 8:32AM UTC,Update-Moody's Affirms General Electric Ratings Following Announced Alstom Asset Acquisition,http://www.reuters.com/article/2014/04/30/idUSWLB0083H20140430
20140430 7:39AM UTC,BRIEF-General Electric comments from Alstom slide presentation,http://www.reuters.com/article/2014/04/30/generalelectric-brief-idUSWEN00D4V20140430
20140502 8:01AM UTC,"Stock Movements, Upcoming Investors Conferences, Annual Meetings, and Financial Results - Analyst Notes on American Electric Power, PG&E;, Great Plains Energy, SCANA and Portland General Electric",http://www.reuters.com/article/2014/05/02/bc-analystsreviewcom-idUSnPn8BWxC6+9a+PRN20140502
20140507 5:09PM UTC,General Electric sells Wayne fuel dispensing unit,http://www.reuters.com/article/2014/05/07/us-general-electric-wayne-idUSBREA4612920140507
20140507 5:07PM UTC,General Electric sells Wayne fuel dispensing unit,http://www.reuters.com/article/2014/05/07/general-electric-wayne-idUSL2N0NT2AV20140507
20140507 5:00PM UTC,Portland General Electric Increases Dividend,http://www.reuters.com/article/2014/05/07/or-pge-idUSnBw076908a+100+BSW20140507
20140507 7:27AM UTC,ANSYS and General Electric Unlock Future Innovation with New Collaboration Agreement,http://www.reuters.com/article/2014/05/07/ansys-ge-collaborate-idUSnPn8hYzRX+8b+PRN20140507
20140512 9:30AM UTC,"The Zacks Analyst Blog Highlights:American International Group, Chevron, United Technologies, General Electric and JPMorgan Chase",http://www.reuters.com/article/2014/05/12/zackscom-idUSnPn4txdWt+82+PRN20140512
20140516 9:20AM UTC,"Active Stocks Pre-Market Notes -- Research on Bank of America, Facebook, General Electric, and Petroleo Brasileiro",http://www.reuters.com/article/2014/05/16/bc-investor-edge-idUSnPn6DgcVY+93+PRN20140516
20140519 11:27AM UTC,"Expert Briefing on Electric Utilities Stocks -- Research on Centrais Eletricas Brasileiras, Portland General Electric, Cia Paranaense de Energia, and Pinnacle West Capital",http://www.reuters.com/article/2014/05/19/bc-ie-idUSnPn3KMLDF+9f+PRN20140519
20140521 12:56PM UTC,"BRIEF-General Electric CEO says Alstom is a deal we expect to close""""",http://www.reuters.com/article/2014/05/21/generalelectric-brief-idUSWEN00DCB20140521
20140528 10:15AM UTC,Follow Warren Buffet and General Electric Into the Wind Power Space,http://www.reuters.com/article/2014/05/28/idUSnGNX3KDhCZ+1db+GNW20140528
20140604 4:38PM UTC,Wellgreen Platinum Signs MOU for the Supply of Liquefied Natural Gas With Northern Lights Energy and With General Electric for LNG Power Generation and Electrical Equipment,http://www.reuters.com/article/2014/06/04/idUSnMKWB1RLHa+1ee+MKW20140604
20140604 4:38PM UTC,Wellgreen Platinum Signs MOU for the Supply of Liquefied Natural Gas With Northern Lights Energy and With General Electric for LNG Power Generation and Electrical Equipment,http://www.reuters.com/article/2014/06/04/idUSnCCN5YxRcx+1d4+MKW20140604
20140604 11:06AM UTC,REG-General Electric Capital Corporation FRN Variable Rate Fix,http://www.reuters.com/article/2014/06/04/gen-electric-cap-corp-idUSnBw046037a+100+BSW20140604
20140606 9:30AM UTC,"The Zacks Analyst Blog Highlights: Manpowergroup, General Electric, Honeywell, 3M and MarketAxess Holdings",http://www.reuters.com/article/2014/06/06/il-zacks-investment-idUSnPn1Lfrth+90+PRN20140606
20140610 7:40AM UTC,"Early Briefing on Industrials Sector Equities -- Research on Precision Castparts, ABB Ltd, Babcock and Wilcox, and General Electric",http://www.reuters.com/article/2014/06/10/bc-investor-edge-idUSnPn5GvKtv+94+PRN20140610
20140616 9:30AM UTC,"The Zacks Analyst Blog Highlights: General Electric, Tyco International, 3M, Honeywell International and Bank of America",http://www.reuters.com/article/2014/06/16/il-zacks-investment-idUSnPn7xqc5k+80+PRN20140616
20140618 11:55AM UTC,REG-General Electric Capital Corporation FRN Variable Rate Fix,http://www.reuters.com/article/2014/06/18/gen-electric-cap-corp-idUSnBw186133a+100+BSW20140618
20140618 11:54AM UTC,REG-General Electric Capital Corporation FRN Variable Rate Fix,http://www.reuters.com/article/2014/06/18/general-electric-capital-idUSnBw186132a+100+BSW20140618
20140618 11:53AM UTC,REG-General Electric Capital Corporation FRN Variable Rate Fix,http://www.reuters.com/article/2014/06/18/gen-electric-cap-corp-idUSnBw186131a+100+BSW20140618
20140618 11:52AM UTC,REG-General Electric Capital Corporation FRN Variable Rate Fix,http://www.reuters.com/article/2014/06/18/gen-electric-cap-corp-idUSnBw186129a+100+BSW20140618
20140619 1:07PM UTC,REG-General Electric Capital Corporation FRN Variable Rate Fix,http://www.reuters.com/article/2014/06/19/gen-electric-capcorp-idUSnBw196326a+100+BSW20140619
20140619 1:06PM UTC,REG-General Electric Capital Corporation FRN Variable Rate Fix,http://www.reuters.com/article/2014/06/19/general-elec-cap-corp-idUSnBw196322a+100+BSW20140619
20140619 11:03AM UTC,General Electric details new Alstom offer,http://www.reuters.com/article/2014/06/19/us-alstom-offer-general-electric-idUSKBN0EU1KN20140619
20140619 10:58AM UTC,General Electric details new Alstom offer,http://www.reuters.com/article/2014/06/19/alstom-offer-general-electric-idUSWEB00OLP20140619
20140619 11:47AM UTC,General Electric improves Alstom offer,http://www.reuters.com/news/video/videoStory?storyID=88132678
20140621 4:08PM UTC,ALSTOM SA : Alstom Board of Directors recommends General Electric's offer,http://www.reuters.com/article/2014/06/21/idUSnHUGSNs6Ya+1f2+ONE20140621
20140626 12:23PM UTC,General Electric Company to Be Lead Research Sponsor at New University of Notre Dame Technology Center,http://www.reuters.com/article/2014/06/26/in-ge-idUSnBw266065a+100+BSW20140626
20140627 9:30AM UTC,"The Zacks Analyst Blog Highlights: Starbucks, SLM, General Electric and Coca-Cola",http://www.reuters.com/article/2014/06/27/il-zacks-investment-idUSnPn6CxQJv+96+PRN20140627
20140630 9:30AM UTC,"The Zacks Analyst Blog Highlights:Wisconsin Energy, Integrys Energy Group,Oracle, MICROS Systems, General Electric, Microsoft, Nokia, Google, Cisco Systems, NetApp, ExxonMobil and Wal-Mart Stores",http://www.reuters.com/article/2014/06/30/il-zacks-investments-idUSnPnmCMgQ+4d+PRN20140630
20140701 9:30AM UTC,"Red Robin Gourmet Burgers, DSW, Kate Spade, General Electric and Adobe Systems highlighted as Zacks Bull and Bear of the Day",http://www.reuters.com/article/2014/07/01/il-zacks-investment-idUSnPn9Lvwrx+90+PRN20140701
20140702 5:02PM UTC,"Portland General Electric Schedules Earnings Release and Conference Call for Tuesday, July 29",http://www.reuters.com/article/2014/07/02/or-portland-general-idUSnBw026077a+100+BSW20140702
20140702 9:30AM UTC,"The Zacks Analyst Blog Highlights: General Electric, DSW, Citi Trends, Men's Wearhouse and Foot Locker",http://www.reuters.com/article/2014/07/02/il-zacks-genelectric-idUSnPn4DYTS5+9e+PRN20140702
20140707 12:16PM UTC,REG-General Electric Capital Corporation FRN Variable Rate Fix,http://www.reuters.com/article/2014/07/07/general-electric-capital-idUSnBw075755a+100+BSW20140707
20140710 1:37PM UTC,General Electric picks partners for GE9X engine on Boeing 777X,http://www.reuters.com/article/2014/07/10/us-general-electric-engines-idUSKBN0FF1UR20140710
20140710 1:32PM UTC,UPDATE 2-General Electric picks partners for GE9X engine on Boeing 777X,http://www.reuters.com/article/2014/07/10/general-electric-engines-idUSL2N0PL1A720140710
20140710 11:37AM UTC,General Electric picks participants for GE9X engine on Boeing 777X,http://www.reuters.com/article/2014/07/10/general-electric-engines-idUSL2N0PL17020140710
20140711 11:09AM UTC,REG-General Electric Capital Corporation FRN Variable Rate Fix,http://www.reuters.com/article/2014/07/11/gen-electric-cap-corp-idUSnBw115544a+100+BSW20140711
20140715 8:10AM UTC,"Analyst Scanner on Industrials Sector Equities -- Research on ABB Ltd, China Ming Yang Wind Power, General Electric, and Danaher",http://www.reuters.com/article/2014/07/15/bc-investor-edge-idUSnPn8bYlCv+8a+PRN20140715
20140718 9:35AM UTC,BRIEF-General Electric exec bolze says Alstom deal expected to close in mid-2015,http://www.reuters.com/article/2014/07/18/generalelectric-results-idUSWEN00DLK20140718
20140722 9:30AM UTC,"The Zacks Analyst Blog Highlights:Netflix, Texas Instruments, Chipotle Mexican Grill, Apple and General Electric",http://www.reuters.com/article/2014/07/22/zacks-equity-research-idUSnPn5877gN+81+PRN20140722
20140724 5:15PM UTC,Portland General Electric Declares Dividend,http://www.reuters.com/article/2014/07/24/or-portland-general-idUSnBw246461a+100+BSW20140724
20140725 9:30AM UTC,"The Zacks Analyst Blog Highlights: TAL Education Group, Yingli Green Energy Holding, General Electric, ReneSola and China Mobile",http://www.reuters.com/article/2014/07/25/il-zacks-investment-idUSnPn12Bmlt+88+PRN20140725
20140729 5:00AM UTC,Portland General Electric Announces Second Quarter Results,http://www.reuters.com/article/2014/07/29/or-portland-general-idUSnBw295270a+100+BSW20140729
20140730 8:50AM UTC,"Research and Markets: Global Remote Terminal Unit (RTU) in Smart grid Market 2014-2018: Key Vendors are ABB Group, General Electric, Schneider Electric and Siemens AG",http://www.reuters.com/article/2014/07/30/research-and-markets-idUSnBw305550a+100+BSW20140730
20140801 9:30AM UTC,"Silica Holdings, Plum Creek Timber, General Electric, Ally Financial and Wal-Mart Stores highlighted as Zacks Bull and Bear of the Day",http://www.reuters.com/article/2014/08/01/il-zacks-silica-idUSnPn7Zd7Wb+92+PRN20140801
20140808 9:00AM UTC,"Prestigious Recognition, Upcoming Event, Senior Level Hiring, and Grid Modernization - Research Reports on JPMorgan, Citigroup, Wells Fargo, General Electric and American Airlines",http://www.reuters.com/article/2014/08/08/bc-analysts-review-idUSnPn6RPLTZ+9f+PRN20140808
20140827 9:30AM UTC,"The Zacks Analyst Blog Highlights: General Electric, Caterpillar, Whirlpool, ANN and Wal-Mart Stores",http://www.reuters.com/article/2014/08/26/il-zacks-investment-idUSnPn8710fR+81+PRN20140826
20140827 9:30AM UTC,"The Zacks Analyst Blog Highlights: Google, Hewlett-Packard, Facebook, IBM and General Electric",http://www.reuters.com/article/2014/08/26/il-zacks-investments-idUSnPn38dw1Y+81+PRN20140826
20140828 9:00AM UTC,"Market Activity, Exploration Results, New Loans, and Deliveries - Research Reports on Alcoa, Noble, Fifth Third, Thermo Fisher and General Electric",http://www.reuters.com/article/2014/08/27/bc-analystsreviewcom-idUSnPn3trPcm+84+PRN20140827
20140903 9:30AM UTC,"The Zacks Analyst Blog Highlights: General Electric, Apple, Google, Caterpillar and Wal-Mart Stores",http://www.reuters.com/article/2014/09/02/il-zacks-analyst-blog-idUSnPn9QmVjV+95+PRN20140902
20140905 11:31AM UTC,REG-General Electric Capital Corporation FRN Variable Rate Fix,http://www.reuters.com/article/2014/09/04/gen-electric-cap-corp-idUSnBw045938a+100+BSW20140904
20140910 11:25AM UTC,REG-General Electric Capital Corporation FRN Variable Rate Fix,http://www.reuters.com/article/2014/09/09/gen-electric-cap-corp-idUSnBw096213a+100+BSW20140909
20140910 10:30AM UTC,Medimaps Group appoints General Electric Healthcare as Global Distribution Partner for TBS iNsightÂ® â€“ a Novel Osteoporotic Fracture Assessment Diagnostic Tool,http://www.reuters.com/article/2014/09/09/ma-medimaps-group-idUSnBw095180a+100+BSW20140909
20140916 9:05AM UTC,"Technical Coverage on Industrials Sector Stocks - General Electric, 3M Co., Expeditors Intl. of Washington, UTi Worldwide, and XPO Logistics",http://www.reuters.com/article/2014/09/15/bc-investor-edge-idUSnPnTfvnC+51+PRN20140915
20140919 11:46AM UTC,REG-General Electric Capital Corporation FRN Variable Rate Fix,http://www.reuters.com/article/2014/09/18/gen-electric-cap-corp-idUSnBw185954a+100+BSW20140918
20140919 11:44AM UTC,REG-General Electric Capital Corporation FRN Variable Rate Fix,http://www.reuters.com/article/2014/09/18/general-electric-capital-idUSnBw185950a+100+BSW20140918
20140919 11:43AM UTC,REG-General Electric Capital Corporation FRN Variable Rate Fix,http://www.reuters.com/article/2014/09/18/gen-electric-cap-corp-idUSnBw185947a+100+BSW20140918
20140919 11:42AM UTC,REG-General Electric Capital Corporation FRN Variable Rate Fix,http://www.reuters.com/article/2014/09/18/gen-electric-cap-corp-idUSnBw185942a+100+BSW20140918
20140919 11:41AM UTC,REG-General Electric Capital Corporation FRN Variable Rate Fix,http://www.reuters.com/article/2014/09/18/gen-electric-cap-corp-idUSnBw185937a+100+BSW20140918
20140923 9:25AM UTC,"New Contract, Merger Talks, Environmental Initiatives, Recognition, and Upcoming Conference - Research Reports on General Electric, Dresser-Rand, Emerson, Masco and Joy Global",http://www.reuters.com/article/2014/09/22/bc-analysts-review-idUSnPn1ykY6y+84+PRN20140922
20140924 3:53AM UTC,"Research and Markets: Global and US Ceramic Matrix Composites (CMC) Market 2014-2018: Leading Vendors are 3M Company, Ceradyne, COI Ceramics, General Electric Company & Ube Industries",http://www.reuters.com/article/2014/09/23/research-and-markets-idUSnBw235371a+100+BSW20140923
20140925 5:23AM UTC,"Research and Markets: Global Flue Gas Desulfurizer (Greenfield and Retrofit) Market 2014-2018 - Leading Vendors are Alstom, General Electric, Mitsubishi Heavy Industries, Siemens & The Babcock & Wilcox Company",http://www.reuters.com/article/2014/09/24/research-and-markets-idUSnBw245312a+100+BSW20140924
20140926 11:30AM UTC,REG-General Electric Capital Corporation FRN Variable Rate Fix,http://www.reuters.com/article/2014/09/25/gen-electric-capcorp-idUSnBw255871a+100+BSW20140925
20141001 8:35AM UTC,"Response Statement, Technology Deployment, CSR Program, Project Proposal, and Contract - Research Reports on Endo International, General Electric, Emerson, Dresser-Rand and General Dynamics",http://www.reuters.com/article/2014/09/30/bc-analysts-review-idUSnPn9X0M7Q+95+PRN20140930
20141003 9:30AM UTC,"The Zacks Analyst Blog Highlights:General Motors, Ford Motor, Honda Motor, Tesla Motors and General Electric",http://www.reuters.com/article/2014/10/02/zacks-equity-research-idUSnPn2XC0vX+99+PRN20141002
20141008 11:13AM UTC,REG-General Electric Capital Corporation FRN Variable Rate Fix,http://www.reuters.com/article/2014/10/07/general-electric-capital-idUSnBw076251a+100+BSW20141007
20141011 9:30AM UTC,"Aircraft Delivery, Guidance Revision, New Contract, Operational Update, and Launch of New Service - Research Reports on General Electric, AGCO, Raytheon, General Dynamics and Emerson",http://www.reuters.com/article/2014/10/10/bc-analysts-review-idUSnPn6ZmMLw+96+PRN20141010
20141014 9:29AM UTC,"Bank of America, Google, Intel, Johnson & Johnson and General Electric are part of Zacks Earnings Preview:",http://www.reuters.com/article/2014/10/13/il-zacksinvestment-idUSnPn2R9DmG+95+PRN20141013
20141017 8:00AM UTC,Load DynamiX to Feature General Electricâ€™s Bright Ideas for Storage Performance Validation in Live Webinar,http://www.reuters.com/article/2014/10/16/ca-load-dynamix-idUSnBw165250a+100+BSW20141016
20141018 9:38AM UTC,BRIEF-General Electric comments on Q3 conference call,http://www.reuters.com/article/2014/10/17/generalelectric-results-idUSWEN00E3420141017
20141024 6:15PM UTC,Portland General Electric Declares Dividend,http://www.reuters.com/article/2014/10/23/or-portland-general-idUSnBw236658a+100+BSW20141023
20141028 9:30AM UTC,"The Zacks Analyst Blog Highlights: General Electric, IBM, Boeing, Caterpillar and 3M",http://www.reuters.com/article/2014/10/27/zacks-analyst-blog-idUSnPnblbpHT+83+PRN20141027
20141029 5:00AM UTC,Portland General Electric Announces Third Quarter Results,http://www.reuters.com/article/2014/10/28/or-portland-general-idUSnBw285352a+100+BSW20141028
20141031 8:34AM UTC,"Global EnergySMART 2015 Conference to Feature Speakers From General Electric, MGM Resorts, Oakland Athletics, Walgreens",http://www.reuters.com/article/2014/10/30/idUSnGNX5nJKCs+1ce+GNW20141030
20141106 12:56AM UTC,"REG-ALSTOM SA : Record high orders and improving profitability in Alstom's first half of 2014/15, Key milestones achieved in the project with General Electric",http://www.reuters.com/article/2014/11/05/idUSnHUG2cmWkd+1c4+ONE20141105
20141114 12:00PM UTC,"Robert Schott, Former Vice President, General Electric Asset Management, Joins Advisory Board of Common Sense Investment Management, LLC (CSIM"")""",http://www.reuters.com/article/2014/11/13/idUSnMKW2GFZda+1dc+MKW20141113
20141121 8:35AM UTC,"Early Briefing on Industrials Sector Stocks - General Electric, 3M Co., Masco, USG Corp., and Owens Corning",http://www.reuters.com/article/2014/11/20/bc-investor-edge-idUSnPnb0j8s2+80+PRN20141120
20141129 1:06PM UTC,"Research and Markets: China Artificial Lift Systems Market 2014-2020 Featuring Halliburton, Weatherford & General Electric",http://www.reuters.com/article/2014/11/28/research-and-markets-idUSnBw285426a+100+BSW20141128
20141205 12:05PM UTC,REG-General Electric Capital Corporation FRN Variable Rate Fix,http://www.reuters.com/article/2014/12/04/gen-electric-cap-corp-idUSnBw046033a+100+BSW20141204
20141210 12:11PM UTC,REG-General Electric Capital Corporation FRN Variable Rate Fix,http://www.reuters.com/article/2014/12/09/gen-electric-cap-corp-idUSnBw096236a+100+BSW20141209
20141216 9:52PM UTC,CAMBODIA PRESS-General Electric to sign power deal with Cambodian firm - Cambodia Daily,http://www.reuters.com/article/2014/12/16/cambodia-press-general-electric-idUSL3N0U01JK20141216
20141216 9:30AM UTC,"The Zacks Analyst Blog Highlights: Chevron, Statoil, Merck, Boeing and General Electric",http://www.reuters.com/article/2014/12/15/il-zacks-analystblog-idUSnPnbDh4fD+91+PRN20141215
20141216 8:03AM UTC,General Electric Enters into IP Licensing Agreement with WordLogic (OTCQB:WLGC),http://www.reuters.com/article/2014/12/15/wordlogic-corporation-idUSnBw155111a+100+BSW20141215
20141220 7:35AM UTC,REG-ALSTOM SA : Alstom's Shareholders Meeting authorises the sale of the Energy businesses to General Electric,http://www.reuters.com/article/2014/12/19/idUSnHUG68Ty6C+1c9+ONE20141219
20141223 12:43PM UTC,REG-General Electric Capital Corporation FRN Variable Rate Fix,http://www.reuters.com/article/2014/12/22/gen-electric-cap-corp-idUSnBw225780a+100+BSW20141222
20141223 12:43PM UTC,REG-General Electric Capital Corporation- FRN Variable Rate Fix,http://www.reuters.com/article/2014/12/22/gen-electric-capcorp-idUSnBw225778a+100+BSW20141222
20141223 12:42PM UTC,REG-General Electric Capital Corporation FRN Variable Rate Fix,http://www.reuters.com/article/2014/12/22/general-electric-capital-idUSnBw225776a+100+BSW20141222
20141223 12:41PM UTC,REG-General Electric Capital Corporation FRN Variable Rate Fix,http://www.reuters.com/article/2014/12/22/gen-electric-cap-corp-idUSnBw225775a+100+BSW20141222
20141223 12:41PM UTC,REG-General Electric Capital Corporation FRN Variable Rate Fix,http://www.reuters.com/article/2014/12/22/gen-electric-cap-corp-idUSnBw225772a+100+BSW20141222
20141223 12:40PM UTC,REG-General Electric Capital Corporation FRN Variable Rate Fix,http://www.reuters.com/article/2014/12/22/gen-electric-cap-corp-idUSnBw225771a+100+BSW20141222
20150106 8:50AM UTC,"Coverage of Industrials Sector Equities - General Electric, Danaher, 3M Co., Cintas, and ADT Corp.",http://www.reuters.com/article/2015/01/05/bc-investor-edge-idUSnPn1z8Hlf+84+PRN20150105
20150108 11:50AM UTC,REG-General Electric Capital Corporation FRN Variable Rate Fix,http://www.reuters.com/article/2015/01/07/general-electric-capital-idUSnBw075989a+100+BSW20150107
20150116 4:05AM UTC,"Research and Markets: Global Distributed Energy Generation Technologies Market 2015-2019 with Ballard Power Systems, First Solar, FuelCell Energy, General Electric Energy & Ingersoll-Rand Dominating",http://www.reuters.com/article/2015/01/15/research-and-markets-idUSnBw155215a+100+BSW20150115
20150117 8:12PM UTC,"Portland General Electric Schedules Earnings Release and Conference Call for Friday, February 13",http://www.reuters.com/article/2015/01/17/or-portland-general-idUSnBw165995a+100+BSW20150117
20150117 2:09PM UTC,"Research and Markets: Global Lighting Control System Market 2015-2019 with Acuity Brands Lighting, General Electric, Leviton Manufacturing, Lutron Electronics & Schneider Electric Dominating",http://www.reuters.com/article/2015/01/16/research-and-markets-idUSnBw165774a+100+BSW20150116
20150128 11:45AM UTC,"UPDATE 1-General Electric says to build 1,200 MW power plant in Ghana",http://www.reuters.com/article/2015/01/27/general-electric-ghana-idUSL6N0V64BY20150127
20150128 11:14AM UTC,"General Electric says to build 1,200 MW power plant in Ghana",http://www.reuters.com/article/2015/01/27/general-electric-ghana-idUSL6N0V648320150127
20150203 6:35PM UTC,General Electric plans to cut 330 Texas jobs in oil unit,http://www.reuters.com/article/2015/02/02/us-general-electric-oil-idUSKBN0L62D920150202
20150203 6:13PM UTC,General Electric plans to cut 330 Texas jobs in oil unit,http://www.reuters.com/article/2015/02/02/general-electric-oil-idUSL1N0VC2DP20150202
20150203 6:34AM UTC,"Research and Markets: Global Teleprotection Market Report 2015-2019 with ABB, General Electric, Schneider Electric & Siemens Energy Dominating",http://www.reuters.com/article/2015/02/02/research-and-markets-idUSnBw025368a+100+BSW20150202
20150207 9:05AM UTC,"Industrial Conglomerates Equities Technical Updates - General Electric, 3M, Danaher, Koninklijke Philips, and Roper Industries",http://www.reuters.com/article/2015/02/06/bc-investor-edge-idUSnPn4GkJlm+94+PRN20150206
20150212 6:30PM UTC,General Electric to allow shareholders to nominate directors,http://www.reuters.com/article/2015/02/11/us-general-electric-proxy-idUSKBN0LF2FE20150211
20150212 6:27PM UTC,UPDATE 1-General Electric to allow shareholders to nominate directors,http://www.reuters.com/article/2015/02/11/general-electric-proxy-idUSL1N0VL2P020150211
20150212 3:50PM UTC,General Electric to allow shareholders to nominate directors,http://www.reuters.com/article/2015/02/11/general-electric-proxy-idUSL1N0VL2NV20150211
20150214 5:00AM UTC,Portland General Electric Reports 2014 Financial Results and Initiates 2015 Earnings Guidance,http://www.reuters.com/article/2015/02/13/or-portland-general-idUSnBw135102a+100+BSW20150213
20150219 6:49PM UTC,Portland General Electric Declares Dividend,http://www.reuters.com/article/2015/02/18/or-pge-idUSnBw186659a+100+BSW20150218
20150220 4:29PM UTC,"General Electric Agrees to $3.5 Million Civil Penalty, Internal Compliance Program for Failure to Report Defective Ranges and Dishwashers",http://www.reuters.com/article/2015/02/19/cpsc-ge-civil-penalty-idUSnPn3cWrWy+8a+PRN20150219
20150304 4:52PM UTC,US Patent Office Denies General Electric's Requests for Reexamination of TransData's Smart Electric Meter Patents,http://www.reuters.com/article/2015/03/03/transdata-ge-patent-idUSnPn7c2P8p+84+PRN20150303
20150306 12:41PM UTC,REG-General Electric Capital Corporation FRN Variable Rate Fix,http://www.reuters.com/article/2015/03/05/gen-electric-cap-corp-idUSnBw056208a+100+BSW20150305
20150312 12:28PM UTC,General Electric seeks to sell 500 of new gas turbines by 2030,http://www.reuters.com/article/2015/03/11/general-electric-powerstation-idUSL1N0WC17U20150311
20150205 11:28AM UTC,"Research and Markets: Global Extra High Voltage (EHV) Transmission Market by System and Geography to 2019 - General Electric, Hitachi, Siemens, ABB & Mitsubishi Electric Leads the Market",http://www.reuters.com/article/2015/02/04/research-and-markets-idUSnBw046060a+100+BSW20150204
20150418 9:05AM UTC,"Be On Top of the Latest Updates: Complementary Research on Merck, General Electric Company, Halliburton, Sirius XM Holdings and Rite Aid",http://www.reuters.com/article/2015/04/17/bc-analysts-review-idUSnPn1DcYR2+96+PRN20150417
20150909 11:26AM UTC,REG-ALSTOM SA : The European Commission and the US Department of Justice approve the transaction between Alstom and General Electric,http://www.reuters.com/article/idUSnHUG4W2gv6+1d0+ONE20150908
20150319 12:10PM UTC,REG-General Electric Capital Corporation FRN Variable Rate Fix,http://www.reuters.com/article/2015/03/18/gen-electric-cap-corp-idUSnBw186044a+100+BSW20150318
20150319 12:08PM UTC,REG-General Electric Capital Corporation- FRN Variable Rate Fix,http://www.reuters.com/article/2015/03/18/gen-electric-capcorp-idUSnBw186041a+100+BSW20150318
20150319 12:07PM UTC,REG-General Electric Capital Corporation FRN Variable Rate Fix,http://www.reuters.com/article/2015/03/18/general-electric-capital-idUSnBw186036a+100+BSW20150318
20150319 12:05PM UTC,REG-General Electric Capital Corporation FRN Variable Rate Fix,http://www.reuters.com/article/2015/03/18/gen-electric-cap-corp-idUSnBw186028a+100+BSW20150318
20150319 12:04PM UTC,REG-General Electric Capital Corporation FRN Variable Rate Fix,http://www.reuters.com/article/2015/03/18/gen-electric-cap-corp-idUSnBw186022a+100+BSW20150318
20150319 12:02PM UTC,REG-General Electric Capital Corporation FRN Variable Rate Fix,http://www.reuters.com/article/2015/03/18/gen-electric-cap-corp-idUSnBw186017a+100+BSW20150318
20150319 8:50AM UTC,"Latest Buzz in Public Utilities Space: Special Research on Pinnacle West, PNM Resources, Portland General Electric, TECO Energy, and PPL Corp.",http://www.reuters.com/article/2015/03/18/bc-analysts-review-idUSnPnb8fpX6+82+PRN20150318
20150325 10:40AM UTC,TransData's Smart Meter Patent Triumphs Again Over General Electric's Patent Challenge,http://www.reuters.com/article/2015/03/25/transdata-ge-patent-idUSnPn9qBbjL+89+PRN20150325
20150326 10:40AM UTC,TransData's Smart Meter Patent Triumphs Again Over General Electric's Patent Challenge,http://www.reuters.com/article/2015/03/25/transdata-ge-patent-idUSnPn9qBbjL+89+PRN20150325
20150327 5:00PM UTC,"Portland General Electric Schedules Earnings Release and Conference Call for Tuesday, April 28",http://www.reuters.com/article/2015/03/26/or-pge-idUSnBw265003a+100+BSW20150326
20150408 10:52AM UTC,REG-General Electric Capital Corporation FRN Variable Rate Fix,http://www.reuters.com/article/2015/04/07/general-electric-capital-idUSnBw076098a+100+BSW20150407
20150411 6:36AM UTC,"Research and Markets: 3D Printing in Aerospace - Revolution or Evolution? New 2015 Featuring Avio Aero, General Electric Aviation, Pratt & Whitney, Turbomeca & Boeing",http://www.reuters.com/article/2015/04/10/research-and-markets-idUSnBw105193a+100+BSW20150410
20150423 8:40AM UTC,"How it All Plays Out: Free Research on General Electric, Cemex, Comcast, Sirius XM, and Rite Aid",http://www.reuters.com/article/2015/04/22/bc-analysts-review-idUSnPnD2Dt2+54+PRN20150422
20150429 6:08AM UTC,"Research and Markets: Global Electric Power Substation Automation Market Report 2015-2020 - Market is Expected to Reach $48.25 Bn with ABB, Siemens, Alstom, General Electric, Eaton & Schweitzer Engineering Laboratories Domin",http://www.reuters.com/article/2015/04/28/research-and-markets-idUSnBw285565a+100+BSW20150428
20150429 5:00AM UTC,Portland General Electric Announces First Quarter Results,http://www.reuters.com/article/2015/04/28/or-pge-idUSnBw285312a+100+BSW20150428
20150507 10:18PM UTC,Portland General Electric Increases Dividend,http://www.reuters.com/article/2015/05/07/or-portland-general-idUSnBw066917a+100+BSW20150507
20150509 8:50AM UTC,"Healthcare, Services and Industrial Goods Companies: Complementary Research on Gilead Sciences, Boston Scientific, General Electric, Sirius XM and MGM Resorts",http://www.reuters.com/article/2015/05/08/bc-analysts-review-idUSnPn6tmDD2+86+PRN20150508
20150514 8:10AM UTC,"What Their Results Say: Complementary Research on Exelixis, General Electric, Cemex SAB de CV, Alibaba Group, Sirius XM",http://www.reuters.com/article/2015/05/13/bc-analysts-review-idUSnPn9ZWmQy+9a+PRN20150513
20150529 3:30PM UTC,General Electric hires Deutsche Bank to sell Italian lender Interbanca:  sources,http://www.reuters.com/article/2015/05/28/us-gecapital-interbanca-idUSKBN0OD2MV20150528
20150529 3:29PM UTC,General Electric hires Deutsche Bank to sell Italian lender Interbanca - sources,http://www.reuters.com/article/2015/05/28/gecapital-interbanca-idUSL5N0YJ57V20150528
20150529 12:21PM UTC,"Research and Markets: North America Commercial Aviation Actuator System Market 2015-2019 with Rockwell Collins, Honeywell, General Electric, Moo, Eaton & UTC Dominating",http://www.reuters.com/article/2015/05/28/research-and-markets-idUSnBw286217a+100+BSW20150528
20150605 10:57AM UTC,REG-General Electric Capital Corporation FRN Variable Rate Fix,http://www.reuters.com/article/2015/06/04/gen-electric-cap-corp-idUSnBw045900a+100+BSW20150604
20150610 12:58PM UTC,"Research and Markets: Brazil Automotive Sensors Market: Growth, Trends & Forecasts 2014-2020 Profiles Giants like Robert Bosch GmbH, General Electric Company and Analog Devices",http://www.reuters.com/article/2015/06/09/research-and-markets-idUSnBw096417a+100+BSW20150609
20150610 5:30AM UTC,"Research and Markets: Global Smart Water Management Market 2015-2020: IBM, General Electric, ABB, Itron, Elster Group, Schneider Electric, Sensus, and Takadu Dominates the $18 Billion Market",http://www.reuters.com/article/2015/06/09/research-and-markets-idUSnBw095779a+100+BSW20150609
20150619 12:44PM UTC,Pentagon Refusing To Release General Electric Contracting Data,http://www.reuters.com/article/2015/06/18/idUSnGNX2z2t9j+1c0+GNW20150618
20150619 12:00PM UTC,REG-General Electric Capital Corporation FRN Variable Rate Fix,http://www.reuters.com/article/2015/06/18/gen-electric-cap-corp-idUSnBw185985a+100+BSW20150618
20150619 11:59AM UTC,REG-General Electric Capital Corporation- FRN Variable Rate Fix,http://www.reuters.com/article/2015/06/18/gen-electric-capcorp-idUSnBw185984a+100+BSW20150618
20150619 11:59AM UTC,REG-General Electric Capital Corporation FRN Variable Rate Fix,http://www.reuters.com/article/2015/06/18/general-electric-capital-idUSnBw185981a+100+BSW20150618
20150619 11:57AM UTC,REG-General Electric Capital Corporation FRN Variable Rate Fix,http://www.reuters.com/article/2015/06/18/gen-electric-cap-corp-idUSnBw185978a+100+BSW20150618
20150619 11:56AM UTC,REG-General Electric Capital Corporation FRN Variable Rate Fix,http://www.reuters.com/article/2015/06/18/gen-electric-cap-corp-idUSnBw185977a+100+BSW20150618
20150619 11:56AM UTC,REG-General Electric Capital Corporation FRN Variable Rate Fix,http://www.reuters.com/article/2015/06/18/gen-electric-cap-corp-idUSnBw185976a+100+BSW20150618
20150619 7:13AM UTC,Pentagon Refusing To Release General Electric Contracting Data,http://www.reuters.com/article/2015/06/18/asbl-ge-contract-data-idUSnPn6WbM7w+94+PRN20150618
20150626 5:00PM UTC,"Portland General Electric Schedules Earnings Release and Conference Call for Tuesday, July 28",http://www.reuters.com/article/2015/06/25/or-pge-idUSnBw255007a+100+BSW20150625
20150702 4:23AM UTC,"Research and Markets: Energy Management System Market 2015 - Analysis & Global Forecast to 2020 with Cisco, General Electric, Siemens & Schneider Electric Dominating the $59 Billion Industry",http://www.reuters.com/article/2015/07/01/research-and-markets-idUSnBw015586a+100+BSW20150701
20150708 10:35AM UTC,REG-General Electric Capital Corporation FRN Variable Rate Fix,http://www.reuters.com/article/general-electric-capital-idUSnBw076075a+100+BSW20150707
20150718 6:40AM UTC,General Electric posts 5 pct rise in industrial profit,http://www.reuters.com/article/general-electric-results-idUSL2N0ZX09U20150717
20150724 8:44PM UTC,Portland General Electric Declares Dividend,http://www.reuters.com/article/or-pge-idUSnBw236673a+100+BSW20150724
20150724 2:36PM UTC,"Research and Markets: Future Horizons and Growth Strategies in the Global MRI Market 2015: Strategic Assessments of Leading Suppliers - Esaote, General Electric, Hitachi, Philips, Shimadzu, Siemens, and Toshiba",http://www.reuters.com/article/research-and-markets-idUSnBw236388a+100+BSW20150723
20150724 2:26PM UTC,"Research and Markets: Future Horizons and Growth Strategies in the Global X-Ray Equipment Market 2015: Strategic Assessments of Leading Suppliers - General Electric, Hitachi, Hologic, Philips, Shimadzu, Siemens, and Toshiba",http://www.reuters.com/article/research-and-markets-idUSnBw236357a+100+BSW20150723
20150724 2:17PM UTC,"Research and Markets: Future Horizons and Growth Strategies in the Global Computed Tomography (CT) Market 2015: Strategic Assessments of Leading Suppliers - General Electric, Hitachi, Philips, Shimadzu, Siemens, and Toshiba",http://www.reuters.com/article/research-and-markets-idUSnBw236337a+100+BSW20150723
20150724 9:00AM UTC,New Contracts and Project Updates - Report on General Electric Company,http://www.reuters.com/article/bc-aci-association-idUSnPn9Jr9Vh+92+PRN20150723
20150727 8:37AM UTC,General Electric aims big in energy storage after battery step back,http://www.reuters.com/article/us-general-electric-energy-storage-idUSKCN0Q00FS20150726
20150727 7:59AM UTC,General Electric aims big in energy storage after battery step back,http://www.reuters.com/article/general-electric-energy-storage-idUSL1N0ZM2DU20150726
20150728 12:03PM UTC,REG-ALSTOM SA : Proposed sale of Alstom Energy to General Electric - Alstom will contribute to the remedies presented by GE to the European Commission,http://www.reuters.com/article/idUSnHUG7VZ48b+1d8+ONE20150727
20150729 5:00AM UTC,Portland General Electric Announces Second Quarter Results,http://www.reuters.com/article/or-portland-general-idUSnBw285555a+100+BSW20150728
20150805 11:10AM UTC,"Research and Markets: Marine Hybrid Propulsion Market - Global Industry Analysis 2014-2022: Key Players are BAE Systems plc, Caterpillar Inc., Aspin Kemp & Associates, Imtech Marine, and General Electric",http://www.reuters.com/article/research-and-markets-idUSnBw046358a+100+BSW20150804
20150812 9:10AM UTC,Quarterly Report Card - Report on General Electric Company,http://www.reuters.com/article/bc-aci-association-idUSnPn2BZ2xZ+99+PRN20150811
20150902 11:41AM UTC,General Electric names Beth Comstock as vice chair,http://www.reuters.com/article/us-general-electric-comstock-idUSKCN0R148920150901
20150902 11:39AM UTC,General Electric names Beth Comstock as vice chair,http://www.reuters.com/article/general-electric-comstock-idUSL1N11712L20150901
20150905 12:35PM UTC,REG-General Electric Capital Corporation FRN Variable Rate Fix,http://www.reuters.com/article/gen-electric-cap-corp-idUSnBw045598a+100+BSW20150904
20150911 4:43PM UTC,BMO Financial Group to Acquire General Electric Capital Corporation's Transportation Finance Business,http://www.reuters.com/article/idUSnMKWwdNbKa+1ca+MKW20150910
20150911 4:43PM UTC,BMO Financial Group to Acquire General Electric Capital Corporation's Transportation Finance Business,http://www.reuters.com/article/idUSnCCN75XzwF+1c9+MKW20150910
20150911 10:10AM UTC,"Research and Markets: General Lighting Market in North America 2015 Report With General Electric (GE), Panasonic, Philips and Schneider Electric Dominating",http://www.reuters.com/article/research-and-markets-idUSnBw106033a+100+BSW20150910
20150915 9:15AM UTC,An Update on Divesture Agreements For GE Capital - Report on General Electric,http://www.reuters.com/article/bc-aci-association-idUSnPnwZS9Y+4d+PRN20150914
20150917 9:30AM UTC,"TransData Files Patent Infringement Lawsuits Against Smart Meter Manufacturers General Electric, Itron, Landis+Gyr<6502.T>",http://www.reuters.com/article/transdata-patentsuit-idUSnPn371LTC+87+PRN20150916
20150918 11:22AM UTC,REG-General Electric Capital Corporation FRN Variable Rate Fix,http://www.reuters.com/article/gen-electric-cap-corp-idUSnBw176016a+100+BSW20150917
20150918 11:21AM UTC,REG-General Electric Capital Corporation- FRN Variable Rate Fix,http://www.reuters.com/article/gen-electric-capcorp-idUSnBw176013a+100+BSW20150917
20150918 11:20AM UTC,REG-General Electric Capital Corporation FRN Variable Rate Fix,http://www.reuters.com/article/general-electric-capital-idUSnBw176012a+100+BSW20150917
20150918 11:19AM UTC,REG-General Electric Capital Corporation FRN Variable Rate Fix,http://www.reuters.com/article/gen-electric-cap-corp-idUSnBw176010a+100+BSW20150917
20150918 11:17AM UTC,REG-General Electric Capital Corporation FRN Variable Rate Fix,http://www.reuters.com/article/gen-electric-cap-corp-idUSnBw176006a+100+BSW20150917
20150919 8:25PM UTC,ISO Welcomes Portland General Electric Plans to Explore Joining EIM,http://www.reuters.com/article/idUSnMKWsPlMna+1d4+MKW20150919
20150919 8:25PM UTC,ISO Welcomes Portland General Electric Plans to Explore Joining EIM,http://www.reuters.com/article/idUSnCCN82LzrL+1c9+MKW20150919
20150919 12:22PM UTC,REG-General Electric Capital Corporation FRN Variable Rate Fix,http://www.reuters.com/article/gen-electric-cap-corp-idUSnBw185649a+100+BSW20150918
20150919 8:40AM UTC,"Technical Coverage on Diversified Machinery Equities -- General Electric, Danaher, Ametek, Xylem and Colfax",http://www.reuters.com/article/bc-equity-research-insti-idUSnPn7j0q3j+80+PRN20150918
20150925 12:20PM UTC,REG-General Electric Capital Corporation FRN Variable Rate Fix,http://www.reuters.com/article/gen-electric-capcorp-idUSnBw246112a+100+BSW20150924
20150929 8:03AM UTC,Poland's PZU says General Electric may sell Bank BPH this year,http://www.reuters.com/article/bankbph-ma-pzu-idUSW8N11L00I20150928
20150930 5:00PM UTC,General Electric sees digital revenue tripling to $15 billion by 2020,http://www.reuters.com/article/us-general-electric-digital-idUSKCN0RT2KD20150929
20150930 4:59PM UTC,UPDATE 1-General Electric sees digital revenue tripling to $15 bln by 2020,http://www.reuters.com/article/general-electric-digital-idUSL1N11Z2MR20150929
20150930 4:00PM UTC,General Electric sees digital revenue tripling to $15 bln by 2020,http://www.reuters.com/article/general-electric-digital-idUSL1N11Z26520150929
20150930 9:24AM UTC,Execution on Divestiture Plan Continues - Report on General Electric,http://www.reuters.com/article/bc-aci-association-idUSnPnpYSx+26+PRN20150929
20151003 9:05AM UTC,General Electric producing science fiction podcast series,http://www.reuters.com/article/us-ge-podcasts-idUSKCN0RW1CD20151002
20151003 9:00AM UTC,General Electric producing science fiction podcast series,http://www.reuters.com/article/ge-podcasts-idUSL1N11Y1D120151002
20151003 4:38AM UTC,"Research and Markets: Global Medical Device Market 2015-2020: Trend, Profit and Forecast Analysis Featuring Johnson & Johnson, Medtronic Plc., Siemens Ltd, General Electric Co., and Baxter International",http://www.reuters.com/article/research-and-markets-idUSnBw025205a+100+BSW20151002
20151006 7:12PM UTC,Nelson Peltz's Trian takes $2.5 billion stake in General Electric,http://www.reuters.com/article/us-general-electric-stake-idUSKCN0RZ0HY20151005
20151006 1:30PM UTC,UPDATE 6-Nelson Peltz's Trian takes $2.5 bln stake in General Electric,http://www.reuters.com/article/general-electric-stake-idUSL3N12533L20151005
20151007 6:53PM UTC,"Portland General Electric Schedules Earnings Release and Conference Call for Tuesday, October 27",http://www.reuters.com/article/or-portland-general-idUSnBw066986a+100+BSW20151006
20151009 5:40AM UTC,REG-General Electric Capital Corporation FRN Variable Rate Fix,http://www.reuters.com/article/general-electric-capital-idUSnBw085549a+100+BSW20151008
20151020 9:15AM UTC,"Probe Manufacturing Completes Acquisition of General Electric International, Inc. Heat Recovery Solutions Assets",http://www.reuters.com/article/probe-acq-geheat-idUSnPn8F12c1+90+PRN20151019
20151023 5:27PM UTC,Portland General Electric Declares Dividend,http://www.reuters.com/article/or-portland-general-idUSnBw226681a+100+BSW20151022
20151028 5:00AM UTC,Portland General Electric Announces Third Quarter 2015 Results,http://www.reuters.com/article/or-portland-general-idUSnBw275579a+100+BSW20151027
20151111 5:00PM UTC,Portland General Electric's Tucannon River Wind Farm Earns ISI's Envision Sustainable Infrastructure Gold Award,http://www.reuters.com/article/idUSnCCN98Chlv+1c8+MKW20151110
20151111 5:00PM UTC,Portland General Electric's Tucannon River Wind Farm Earns ISI's Envision Sustainable Infrastructure Gold Award,http://www.reuters.com/article/idUSnMKWkS50sa+1d0+MKW20151110
20151113 11:15AM UTC,"Research and Markets: Global Wireless Sensors Market 2015-2019 - Key Vendors are ABB, Emerson Electric, General Electric, Honeywell International, Siemens & Yokogawa Electric",http://www.reuters.com/article/research-and-markets-idUSnBw126054a+100+BSW20151112
20151124 2:02PM UTC,Portland General Electric Formalizes Agreement to Join EIM,http://www.reuters.com/article/idUSnMKW5jwlYa+1c2+MKW20151123
20151124 2:02PM UTC,Portland General Electric Formalizes Agreement to Join EIM,http://www.reuters.com/article/idUSnCCN6qdcvR+1c1+MKW20151123
20151126 2:00AM UTC,Flatirons Signs New Collaboration Agreements with General Electric Corporation and the Boeing Company in Support of F/A-18 Super Hornet Danish Fighter Replacement Program Entry,http://www.reuters.com/article/ca-flatiron-solutions-idUSnBw245340a+100+BSW20151125
20151202 6:49AM UTC,BMO Financial Group Completes Acquisition of General Electric Capital Corporation's Transportation Finance Business,http://www.reuters.com/article/idUSnMKWHb6b3a+1e0+MKW20151201
20151202 6:49AM UTC,BMO Financial Group Completes Acquisition of General Electric Capital Corporation's Transportation Finance Business,http://www.reuters.com/article/idUSnCCN6KkdT9+1d2+MKW20151201
20151205 11:53AM UTC,REG-General Electric Capital Corporation FRN Variable Rate Fix,http://www.reuters.com/article/gen-electric-cap-corp-idUSnBw045636a+100+BSW20151204
20151212 1:14PM UTC,"Research and Markets: World MRI Market 2016: Strategic Assessments of Leading Suppliers - Esaote, General Electric, Hitachi, Philips, Shimadzu, Siemens & Toshiba",http://www.reuters.com/article/research-and-markets-idUSnBw115756a+100+BSW20151211
20151212 1:02PM UTC,"Research and Markets: World Computed Tomography (CT) Market 2016: Strategic Assessments of Leading Suppliers - General Electric, Hitachi, Philips, Shimadzu, Siemens, and Toshiba",http://www.reuters.com/article/research-and-markets-idUSnBw115731a+100+BSW20151211
20151212 12:54PM UTC,"Research and Markets: 2016 Future Horizons and Growth Strategies in the World X-Ray Equipment Market: Strategic Assessments of Leading Suppliers - General Electric, Hitachi, Hologic, Philips, Shimadzu, Siemens, and Toshiba",http://www.reuters.com/article/research-and-markets-idUSnBw115721a+100+BSW20151211
20151215 4:45PM UTC,General Electric valuation hits lofty levels after stock surge,http://www.reuters.com/article/us-ge-valuation-idUSKBN0TX2F020151214
20151215 3:55PM UTC,General Electric valuation hits lofty levels after stock surge,http://www.reuters.com/article/ge-valuation-idUSL1N13Z2PD20151214
20151217 6:25PM UTC,General Electric rechnet 2016 mit deutlichen Gewinnanstieg,http://www.reuters.com/article/usa-ge-idUSL8N1454ZF20151216
20151218 11:47AM UTC,REG-General Electric Capital Corporation FRN Variable Rate Fix,http://www.reuters.com/article/gen-electric-cap-corp-idUSnBw176106a+100+BSW20151217
20151218 11:45AM UTC,REG-General Electric Capital Corporation- FRN Variable Rate Fix,http://www.reuters.com/article/gen-electric-capcorp-idUSnBw176103a+100+BSW20151217
20151218 11:44AM UTC,REG-General Electric Capital Corporation FRN Variable Rate Fix,http://www.reuters.com/article/general-electric-capital-idUSnBw176101a+100+BSW20151217
20151218 11:42AM UTC,REG-General Electric Capital Corporation FRN Variable Rate Fix,http://www.reuters.com/article/gen-electric-cap-corp-idUSnBw176097a+100+BSW20151217
20151218 11:41AM UTC,REG-General Electric Capital Corporation FRN Variable Rate Fix,http://www.reuters.com/article/gen-electric-cap-corp-idUSnBw176093a+100+BSW20151217
20151219 11:41AM UTC,REG-General Electric Capital Corporation FRN Variable Rate Fix,http://www.reuters.com/article/gen-electric-cap-corp-idUSnBw185680a+100+BSW20151218
20151219 1:31AM UTC,"REG-TOUAX announces that it took over the management of approximately 2,000 wagons previously owned and managed by General Electric in Europe",http://www.reuters.com/article/idUSnHUG93hCXK+1c7+ONE20151218
20151221 9:14PM UTC,General Electric expects to announce headquarters decision in January,http://www.reuters.com/article/us-ge-headquarters-idUSKBN0U404Y20151221
20151221 9:13PM UTC,General Electric expects to announce headquarters decision in January,http://www.reuters.com/article/ge-headquarters-idUSL1N14A01A20151221
20160114 10:43AM UTC,General Electric to move headquarters to Boston - report,http://www.reuters.com/article/usa-ge-headquarters-idUSL2N14X1DF20160113
20160123 6:51AM UTC,General Electric's industrial profit falls 8 pct,http://www.reuters.com/article/general-electric-results-idUSL3N1544YA
20160129 3:15AM UTC,"BRIEF-General Electric, Petrofac awarded contract to build electrical substations",http://www.reuters.com/article/idUSFWN15B05J
20160130 8:37AM UTC,General Electric to invest well over $546 million in Italy: sources,http://www.reuters.com/article/us-ge-italy-idUSKCN0V71LA
20160130 8:25AM UTC,General Electric to invest well over 500 mln euros in Italy - sources,http://www.reuters.com/article/ge-italy-idUSL8N15D379
20160201 2:01PM UTC,General Electric signs $600 million investment deal in Italy,http://www.reuters.com/article/us-ge-italy-idUSKCN0V90XX
20160201 1:47PM UTC,General Electric signs $600 mln investment deal in Italy,http://www.reuters.com/article/ge-italy-idUSL8N15F0RZ
20160428 7:22PM UTC,BRIEF-Portland General Electric increases dividend to 32 cents per shr,http://www.reuters.com/article/idUSASC08M15
20160430 5:09AM UTC,BRIEF-Portland General Electric Q1 earnings per share $0.68,http://www.reuters.com/article/idUSASD08G6F
20160507 10:05AM UTC,"BRIEF-General Electric says Linda Boff has been promoted to Vice President, Chief Marketing Officer, GE",http://www.reuters.com/article/idUSFWN18310H
20160519 2:25PM UTC,General Electric reaffirms forecast despite weaker growth,http://www.reuters.com/article/us-ge-outlook-idUSKCN0Y929Y
20160519 2:23PM UTC,UPDATE 2-General Electric reaffirms forecast despite weaker growth,http://www.reuters.com/article/ge-outlook-idUSL2N18F165
20160519 12:18PM UTC,General Electric reaffirms forecast despite weaker growth,http://www.reuters.com/article/ge-outlook-idUSL2N18F0ZS
20160720 9:27PM UTC,General Electric to partner with China's Huawei on 'industrial internet',http://www.reuters.com/article/ge-china-idUSB9N1A200P
20160604 9:41AM UTC,BRIEF-General Electric announces offers to register outstanding notes,http://www.reuters.com/article/idUSASC08SLD
20160610 8:53AM UTC,BRIEF-General Electric says signed contract with Pakistan's power plant Hubco,http://www.reuters.com/article/idUSFWN19102K
20160628 5:17PM UTC,BRIEF-General Electric to sell bulk of U.S. restaurant finance assets,http://www.reuters.com/article/idUSFWN19J0SZ
20160701 5:27PM UTC,General Electric wins $919 million Pentagon contract,http://www.reuters.com/article/us-general-electric-pentagon-idUSKCN0ZG340
20160701 5:26PM UTC,General Electric wins $919 million Pentagon contract,http://www.reuters.com/article/general-electric-pentagon-idUSW1N191021
20160721 3:37AM UTC,General Electric to make $500 million productivity savings from industrial internet,http://www.reuters.com/article/us-ge-internet-idUSKCN10004A
20160803 12:35PM UTC,BRIEF-Fitch publishes General Electric & GE capital's 'AA-/F1+' ratings,http://www.reuters.com/article/idUSFWN1AJ0Q9
20160803 10:37AM UTC,Fitch Publishes General Electric & GE Capital's 'AA-/F1+' Ratings; Outlook Stable,http://www.reuters.com/article/idUSFit969164
20160809 2:05PM UTC,BRIEF-General Electric appoints four new company officers,http://www.reuters.com/article/idUSFWN1AP0OM
20160819 2:41PM UTC,BRIEF-General Electric and Hitachi to sell a canada-based nuclear power venture - Nikkei,http://www.reuters.com/article/idUSFWN1AZ0NK
20160823 12:55PM UTC,General Electric to submit bid for Areva's Adwen on August 24: media,http://www.reuters.com/article/us-areva-m-a-adwen-idUSKCN10X1R7
20160823 12:08PM UTC,General Electric to submit bid for Areva's Adwen on Aug. 24 - media,http://www.reuters.com/article/areva-ma-adwen-idUSL8N1B33MA
20160831 8:55AM UTC,BRIEF- Keith Sherin to retire from General Electric and Richard Laxer to lead GE Capital,http://www.reuters.com/article/idUSFWN1BB0C9
20160831 7:16AM UTC,BRIEF-General Electric joins with MIT Energy Initiative,http://www.reuters.com/article/idUSFWN1BB07Z
20160902 4:42PM UTC,BRIEF-General Electric files certificate of change to its restated certificate of incorporation,http://www.reuters.com/article/idUSFWN1BD0G0
20160907 9:31AM UTC,BRIEF-General Electric says no impact to previous EPS forecast for 2018,http://www.reuters.com/article/idUSFWN1BI0H3
20160907 2:15AM UTC,General Electric unveils $761 mln bid for Germany's SLM Solutions,http://www.reuters.com/article/slm-solutions-ma-ge-idUSFWN1BI044
20160920 9:18AM UTC,BRIEF-General Electric announces appointment of co officers,http://www.reuters.com/article/idUSFWN1BV0E4
20161004 11:10AM UTC,General Electric to invest $150 million in Nigeria,http://www.reuters.com/article/us-nigeria-economy-idUSKCN1231LX
20161004 11:05AM UTC,General Electric to invest $150 mln in Nigeria,http://www.reuters.com/article/nigeria-economy-idUSL5N1C941X
20161012 6:29AM UTC,"BRIEF-Tpi composites entered into an amended, restated supply agreement with General Electric International on Oct 4, 2016",http://www.reuters.com/article/idUSFWN1CH0K4
20161020 12:36PM UTC,BRIEF-Nelson Peltz says General Electric has the best set of industrial assets - CNBC,http://www.reuters.com/article/idUSFWN1CP0UV
20161028 3:03AM UTC,"Exclusive: General Electric wins $900 million Brazil power plant, grid contract",http://www.reuters.com/article/us-generalelectric-brazil-exclusive-idUSKCN12R0ME
20161029 5:10AM UTC,BRIEF-Portland General Electric Q3 earnings per share $0.38,http://www.reuters.com/article/idUSASC09E2Q
20161110 6:10PM UTC,"BRIEF-General Electric CEO reports open market purchase of 50,000 shares",http://www.reuters.com/article/idUSFWN1DA166
20161110 2:49AM UTC,BRIEF-C-RAD gets first two orders from General Electric,http://www.reuters.com/article/idUSFWN1DA091
20161116 12:49PM UTC,BP inks deal for General Electric oilfield data service,http://www.reuters.com/article/us-general-electric-bp-idUSKBN13A2DP
20161116 12:47PM UTC,BP inks deal for General Electric oilfield data service,http://www.reuters.com/article/general-electric-bp-idUSL1N1DF21I
20161116 11:41AM UTC,"BRIEF-General Electric CEO Jeff Immelt says on CNBC we are an exporter, we will keep globalizing",http://www.reuters.com/article/idUSFWN1DG0OU
20170121 6:34AM UTC,BRIEF-General Electric Co Q4 results presentation,http://www.reuters.com/article/idUSL4N1FA42U
20170121 6:29AM UTC,BRIEF-General Electric Co Q4 results press release,http://www.reuters.com/article/idUSL4N1FA3YG
20170126 2:19PM UTC,General Electric to have logo patch on Boston Celtics jerseys,http://www.reuters.com/article/us-ge-nba-sponsorship-idUSKBN1592CJ
20170126 12:46PM UTC,General Electric to have logo patch on Boston Celtics jerseys,http://www.reuters.com/article/ge-nba-sponsorship-idUSL1N1FF14I
20170214 6:27AM UTC,"BRIEF-General Electric, Aluminium of Greece sign deal to implement digital smelter solutions for AOG",http://www.reuters.com/article/idUSFWN1FY0F3
20170307 11:09AM UTC,BRIEF-South Africa's Competition Commission recommends Tribunal to approve proposed merger between General Electric and Baker Hughes,http://www.reuters.com/article/brief-south-africas-competition-commissi-idUSFWN1GJ0NP
20170309 5:25PM UTC,BRIEF-General Electric's CFO Jeff Bornstein's 2016 sec total compensation $9.9 mln,http://www.reuters.com/article/brief-general-electrics-cfo-jeff-bornste-idUSFWN1GL0V8
20170331 2:21PM UTC,BRIEF-General Electric CEO Jeff Immelt says U.S. still has much to gain from globalization,http://www.reuters.com/article/brief-general-electric-ceo-jeff-immelt-s-idUSFWN1H70WK
20170331 11:28AM UTC,BRIEF-General Electric says GE Capital exits European consolidated prudential supervision,http://www.reuters.com/article/brief-general-electric-says-ge-capital-e-idUSFWN1H70JB
20170804 5:43PM UTC,BRIEF-Portland General Electric signs bond purchase agreement with certain institutional buyersâ€‹,http://www.reuters.com/article/brief-portland-general-electric-signs-bo/brief-portland-general-electric-signs-bond-purchase-agreement-with-certain-institutional-buyers-idUSFWN1KP1AW
20170321 8:16AM UTC,"BRIEF-General Electric says to further invest in machines, reconstruction of factory in Karlovac",http://www.reuters.com/article/brief-general-electric-says-to-further-i-idUSFWN1GX0F4
20170325 8:22AM UTC,BRIEF-General Electric says co and Sarawak Energy sign multiyear deal in Malaysia,http://www.reuters.com/article/brief-general-electric-says-co-and-saraw-idUSFWN1H10BX
20170329 9:59AM UTC,BRIEF-General Electric's power services signed agreement to provide advanced gas path upgrades,http://www.reuters.com/article/brief-general-electrics-power-services-s-idUSFWN1H50I4
20170422 12:48PM UTC,"ABB, Schneider Electric bid for General Electric unit: sources",http://www.reuters.com/article/us-ge-m-a-industrialsolutions/abb-schneider-electric-bid-for-general-electric-unit-sources-idUSKBN17N25F
20170422 12:45PM UTC,"ABB, Schneider Electric bid for General Electric unit -sources",http://www.reuters.com/article/ge-ma-industrialsolutions/abb-schneider-electric-bid-for-general-electric-unit-sources-idUSL1N1HT0V8
20170422 7:23AM UTC,BRIEF-General Electric says challenges continue in resource sector,http://www.reuters.com/article/brief-general-electric-says-challenges-c/brief-general-electric-says-challenges-continue-in-resource-sector-idUSFWN1HT0B7
20170422 6:41AM UTC,BRIEF-General Electric reports Q1 continuing operations EPS (GAAP) of $0.10,http://www.reuters.com/article/brief-general-electric-reports-q1-contin/brief-general-electric-reports-q1-continuing-operations-eps-of-0-10-idUSFWN1HR0SH
20170427 5:54PM UTC,BRIEF-Portland General Electric increases dividend,http://www.reuters.com/article/brief-portland-general-electric-increase/brief-portland-general-electric-increases-dividend-idUSFWN1HY19H
20170428 11:36AM UTC,BRIEF-General Electric says awarded contract with Toshiba Plant System & Services Corp,http://www.reuters.com/article/brief-general-electric-says-awarded-cont/brief-general-electric-says-awarded-contract-with-toshiba-plant-system-services-corp-idUSFWN1HZ12O
20170429 5:23PM UTC,General Electric wins $670 million aircraft engine maintenance contract: Pentagon,http://www.reuters.com/article/us-usa-defense-ge/general-electric-wins-670-million-aircraft-engine-maintenance-contract-pentagon-idUSKBN17U2Y7
20170429 5:19PM UTC,General Electric wins $670 mln aircraft engine maintenance contract- Pentagon,http://www.reuters.com/article/usa-defense-ge/general-electric-wins-670-mln-aircraft-engine-maintenance-contract-pentagon-idUSL1N1I029I
20170429 5:26AM UTC,BRIEF-Portland General Electric says Q1 earnings per share $0.82,http://www.reuters.com/article/brief-portland-general-electric-says-q1/brief-portland-general-electric-says-q1-earnings-per-share-0-82-idUSASA09L8W
20170503 8:08AM UTC,BRIEF-General Electric gets an order from AE Energia,http://www.reuters.com/article/brief-general-electric-gets-an-order-fro/brief-general-electric-gets-an-order-from-ae-energia-idUSFWN1I40FA
20170511 2:54PM UTC,General Electric says engine issue grounds Boeing 737 max flights,http://www.reuters.com/article/boeing-737max-engine/general-electric-says-engine-issue-grounds-boeing-737-max-flights-idUSL1N1IC1N5
20170511 10:59AM UTC,UPDATE 1-Nigeria to start General Electric railway talks -minister,http://www.reuters.com/article/generalelectric-nigeria/update-1-nigeria-to-start-general-electric-railway-talks-minister-idUSL8N1IC6GX
20170511 10:19AM UTC,Nigeria to start talks with General Electric over railway contract -minister,http://www.reuters.com/article/generalelectric-nigeria/nigeria-to-start-talks-with-general-electric-over-railway-contract-minister-idUSL8N1IC6CX
20170512 9:00PM UTC,General Electric wins Mexico deal for two gigawatt power projects,http://www.reuters.com/article/us-general-electric-mexico/general-electric-wins-mexico-deal-for-two-gigawatt-power-projects-idUSKBN18802Q
20170512 8:48PM UTC,General Electric wins Mexico deal for 2 gigawatt power projects,http://www.reuters.com/article/general-electric-mexico/general-electric-wins-mexico-deal-for-2-gigawatt-power-projects-idUSL1N1IE019
20170520 7:04AM UTC,General Electric to launch service plant for power turbines in Nigeria,http://www.reuters.com/article/us-ge-plant-nigeria/general-electric-to-launch-service-plant-for-power-turbines-in-nigeria-idUSKCN18E26S
20170520 6:59AM UTC,CORRECTED-General Electric to launch service plant for power turbines in Nigeria,http://www.reuters.com/article/ge-plant-nigeria/corrected-general-electric-to-launch-service-plant-for-power-turbines-in-nigeria-idUSL8N1II4PZ
20170525 5:18AM UTC,General Electric signs 1 billion riyal deal to build gas turbines in Saudi Arabia,http://www.reuters.com/article/us-saudi-industry-general-electric/general-electric-signs-1-billion-riyal-deal-to-build-gas-turbines-in-saudi-arabia-idUSKBN18K10C
20170525 5:15AM UTC,General Electric signs 1 bln riyal deal to build gas turbines in Saudi Arabia,http://www.reuters.com/article/saudi-industry-general-electric/general-electric-signs-1-bln-riyal-deal-to-build-gas-turbines-in-saudi-arabia-idUSL8N1IQ2AE
20170613 5:39PM UTC,"BRIEF-General Electric Co says in connection with his promotion to CEO, John Flannery's salary increased to $2 million",http://www.reuters.com/article/brief-general-electric-co-says-in-connec/brief-general-electric-co-says-in-connection-with-his-promotion-to-ceo-john-flannerys-salary-increased-to-2-million-idUSFWN1J90H6
20170613 7:04AM UTC,"BRIEF-General Electric says Kieran Murphy appointed CEO of GE Healthcare, succeeding John Flannery",http://www.reuters.com/article/brief-general-electric-says-kieran-murph/brief-general-electric-says-kieran-murphy-appointed-ceo-of-ge-healthcare-succeeding-john-flannery-idUSASA09TG8
20170614 2:51AM UTC,BRIEF-ACCC won't oppose acquisition of Baker Hughes Inc by General Electric Co,http://www.reuters.com/article/brief-accc-wont-oppose-acquisition-of-ba/brief-accc-wont-oppose-acquisition-of-baker-hughes-inc-by-general-electric-co-idUSFWN1JA01A
20170621 10:48AM UTC,BRIEF-General Electric signs services agreement with Jordanâ€™s Samra Electric Power Company,http://www.reuters.com/article/brief-general-electric-signs-services-ag/brief-general-electric-signs-services-agreement-with-jordans-samra-electric-power-company-idUSFWN1JH0KH
20170621 6:41AM UTC,BRIEF-General Electric says West Atlantic to lease four 737-800 Boeing converted freighters from GE Capital,http://www.reuters.com/article/brief-general-electric-says-west-atlanti/brief-general-electric-says-west-atlantic-to-lease-four-737-800-boeing-converted-freighters-from-ge-capital-idUSFWN1JH0EK
20170718 2:49PM UTC,"BRIEF-General Electric says Iraq Ministry of Oil & Baker Hughes, a GE Company sign contract for NGL plant solution for flare gas recoveryâ€â€‹",http://www.reuters.com/article/brief-general-electric-says-iraq-ministr/brief-general-electric-says-iraq-ministry-of-oil-baker-hughes-a-ge-company-sign-contract-for-ngl-plant-solution-for-flare-gas-recovery-idUSFWN1K80RV
20170719 9:17AM UTC,"BRIEF-General Electric, Maersk Drilling extend scope of digital partnershipâ€â€‹",http://www.reuters.com/article/brief-general-electric-maersk-drilling-e/brief-general-electric-maersk-drilling-extend-scope-of-digital-partnership-idUSFWN1K90M8
20170720 5:32PM UTC,General Electric awarded contract worth up to $409 million: Pentagon,http://www.reuters.com/article/us-general-electric-pentagon/general-electric-awarded-contract-worth-up-to-409-million-pentagon-idUSKBN1A42JQ
20170720 5:29PM UTC,General Electric awarded contract worth up to $409 mln -Pentagon,http://www.reuters.com/article/general-electric-pentagon/general-electric-awarded-contract-worth-up-to-409-mln-pentagon-idUSW1N1J9024
20170720 6:47AM UTC,BRIEF-General Electric announces agreement with PT Pembangkitan Jawa Bali,http://www.reuters.com/article/brief-general-electric-announces-agreeme/brief-general-electric-announces-agreement-with-pt-pembangkitan-jawa-bali-idUSFWN1KA0FF
20170722 6:38AM UTC,BRIEF-General Electric sees 2017 operating EPS $1.60 - $1.70,http://www.reuters.com/article/brief-general-electric-sees-2017-operati/brief-general-electric-sees-2017-operating-eps-1-60-1-70-idUSFWN1KC0EB
20170722 6:34AM UTC,BRIEF-General Electric reports Q2 continuing operations EPS (GAAP) of $0.15â€â€‹,http://www.reuters.com/article/brief-general-electric-reports-q2-contin/brief-general-electric-reports-q2-continuing-operations-eps-of-0-15-idUSFWN1KC0B9
20170729 8:13AM UTC,BRIEF-Portland General Electric says CEO to retire,http://www.reuters.com/article/brief-portland-general-electric-says-ceo/brief-portland-general-electric-says-ceo-to-retire-idUSASB0BBLI
20170729 6:22AM UTC,BRIEF-Portland General Electric Q2 earnings per share $0.36 - SEC filing,http://www.reuters.com/article/brief-portland-general-electric-q2-earni/brief-portland-general-electric-q2-earnings-per-share-0-36-sec-filing-idUSFWN1KJ0GY
20170803 9:52AM UTC,BRIEF-Vestas says intends to fight General Electric's patent complaint,http://www.reuters.com/article/brief-vestas-says-intends-to-fight-gener/brief-vestas-says-intends-to-fight-general-electrics-patent-complaint-idUSFWN1KO0SK
20170811 7:47PM UTC,General Electric's new CEO places $2.7 million bet on company's future,http://www.reuters.com/article/us-ge-ceo-stock/general-electrics-new-ceo-places-2-7-million-bet-on-companys-future-idUSKBN1AQ2QG
20170811 7:43PM UTC,General Electric's new CEO places $2.7 mln bet on company's future,http://www.reuters.com/article/ge-ceo-stock/general-electrics-new-ceo-places-2-7-mln-bet-on-companys-future-idUSL1N1KW2HG
20170811 9:24AM UTC,BRIEF-General Electric Co says Amit Kumar has been promoted to vice president,http://www.reuters.com/article/brief-general-electric-co-says-amit-kuma/brief-general-electric-co-says-amit-kumar-has-been-promoted-to-vice-president-idUSFWN1KW0WV
20170824 5:10PM UTC,"BRIEF-General Electric directorâ€ James Tischâ€‹ reports purchase of 100,000 shares of co's common stock at $24.56",http://www.reuters.com/article/brief-general-electric-director-james-ti/brief-general-electric-director-james-tisch-reports-purchase-of-100000-shares-of-cos-common-stock-at-24-56-idUSFWN1L90PH
20170825 6:01AM UTC,BRIEF-Miracle Automation Engineering's unit in supply agreement with General Electric,http://www.reuters.com/article/brief-miracle-automation-engineerings-un/brief-miracle-automation-engineerings-unit-in-supply-agreement-with-general-electric-idUSL4N1LA3MW
20170921 11:58AM UTC,BRIEF-General Electric to shut down its corporate jet fleet - WSJ,http://www.reuters.com/article/brief-general-electric-to-shut-down-its/brief-general-electric-to-shut-down-its-corporate-jet-fleet-wsj-idUSFWN1M10PZ
20170923 6:04AM UTC,BRIEF-General Electric said to near industrial-solutions unit sale to ABB- Bloomberg,http://www.reuters.com/article/brief-general-electric-said-to-near-indu/brief-general-electric-said-to-near-industrial-solutions-unit-sale-to-abb-bloomberg-idUSFWN1M3091
20171003 4:27PM UTC,BRIEF-Baker Hughes a GE Co says entered amendment to stockholders agreement between co and General Electric,http://www.reuters.com/article/brief-baker-hughes-a-ge-co-says-entered/brief-baker-hughes-a-ge-co-says-entered-amendment-to-stockholders-agreement-between-co-and-general-electric-idUSFWN1MD0R3
20171003 4:11PM UTC,"BRIEF-General Electric says â€in connection with Jeffreyâ€‹ Immelt's retirement, board decreased its size",http://www.reuters.com/article/brief-general-electric-says-in-connectio/brief-general-electric-says-in-connection-with-jeffrey-immelts-retirement-board-decreased-its-size-idUSFWN1MD0UV
20171003 6:49AM UTC,BRIEF-General Electric co says commercial operation has been achieved for Chubu Electric Power Co Incâ€™S Nishi-Nagoya power plant block-1 in Japan,http://www.reuters.com/article/brief-general-electric-co-says-commercia/brief-general-electric-co-says-commercial-operation-has-been-achieved-for-chubu-electric-power-co-incs-nishi-nagoya-power-plant-block-1-in-japan-idUSFWN1MD0H6
20171021 6:38AM UTC,BRIEF-General Electric Co results press release,http://www.reuters.com/article/brief-general-electric-co-results-press/brief-general-electric-co-results-press-release-idUSL4N1MV3DR
20171028 5:17AM UTC,BRIEF-Portland General Electric reports Q3 EPS of $0.44,http://www.reuters.com/article/brief-portland-general-electric-reports/brief-portland-general-electric-reports-q3-eps-of-0-44-idUSASB0BPBU
