20140103†11:02AM UTC,"New York, Today: Ironman, Minority Report, Homeland, Whitehouse Down, and Star Trek Technologies Meet Modern Day Reality! Lockheed-Martin, Nike, and Tokyo University Pre-Release Purchasers of Billionaires Row Technologies 'T",http://www.reuters.com/article/2014/01/03/ny-billionaires-row-idUSnPnPHgMHp9+16c+PRN20140103
20140108†11:21AM UTC,Adidas names brand chief to take up battle with Nike,http://www.reuters.com/article/2014/01/08/us-adidas-board-idUSBREA070XS20140108
20140108†11:18AM UTC,Adidas names brand chief to take up battle with Nike,http://www.reuters.com/article/2014/01/08/adidas-board-idUSL6N0KI27320140108
20140109†9:30AM UTC,"Zacks Earnings Trends Highlights: Oracle, FedEx, Nike, Bank of America and Chubb",http://www.reuters.com/article/2014/01/09/il-zacks-earnings-idUSnPnCGj5LkT+165+PRN20140109
20140114†8:05AM UTC,"Nike is the most innovative company according to a new global study of 5,000 companies by Bluefin Solutions",http://www.reuters.com/article/2014/01/14/bluefin-solutions-idUSnBw145088a+100+BSW20140114
20140121†9:30AM UTC,"The Zacks Analyst Blog Highlights:eBay, Amazon.com, Apple, Nike and Gap",http://www.reuters.com/article/2014/01/21/il-zacks-investments-idUSnPnCGlmRkT+165+PRN20140121
20140127†12:25PM UTC,Germany's Puma ousts Nike as Arsenal kit supplier,http://www.reuters.com/article/2014/01/27/us-soccer-arsenal-puma-idUSBREA0Q1AG20140127
20140127†12:23PM UTC,UPDATE 1-Soccer-Germany's Puma ousts Nike as Arsenal kit supplier,http://www.reuters.com/article/2014/01/27/soccer-arsenal-puma-idUSL5N0L136N20140127
20140127†8:50AM UTC,Soccer-Germany's Puma ousts Nike as Arsenal kit supplier,http://www.reuters.com/article/2014/01/27/soccer-arsenal-puma-idUSL9N0IK00E20140127
20140128†4:45PM UTC,UPDATE 1-Nike faces rivals for Manchester United soccer kit deal,http://www.reuters.com/article/2014/01/28/soccer-manutd-kit-idUSL5N0L24G720140128
20140128†3:57PM UTC,Man Utd broadens kit supply talks beyond Nike,http://www.reuters.com/article/2014/01/28/soccer-man-utd-kit-idUSL5N0L24EU20140128
20140226†8:00AM UTC,Vivint Taps Nike Veteran Jeff Lyman for Chief Marketing Officer,http://www.reuters.com/article/2014/02/26/ut-vivint-marketing-idUSnPnLAvFWhn+16c+PRN20140226
20140303†1:58PM UTC,"Research and Markets: the US Sports Equipment Industry Outlook to 2017 Profiles Players Such as Nike, Callaway Golf and Kohl's",http://www.reuters.com/article/2014/03/03/research-and-markets-idUSnBw036391a+100+BSW20140303
20140307†9:30AM UTC,"The Zacks Analyst Blog Highlights: Nike, Pixelworks, iShares Biotech Index ETF, ABB and Intel",http://www.reuters.com/article/2014/03/07/il-zacks-investment-idUSnPnCGybTkT+165+PRN20140307
20140310†9:47AM UTC,Adidas and Nike battle for soccer supremacy in World Cup year,http://www.reuters.com/article/2014/03/10/us-soccer-world-cup-kit-idUSBREA290ID20140310
20140310†9:46AM UTC,Adidas and Nike battle for soccer supremacy in World Cup year,http://www.reuters.com/article/2014/03/10/soccer-world-cup-kit-idUSL6N0M41JN20140310
20140311†11:17AM UTC,"Financial Results and Reports, New Company Appointee, and Stock Price Movement - Analyst Notes on Nike, Ralph Lauren, Hanesbrands, Steve Madden, and Wolverine",http://www.reuters.com/article/2014/03/11/bc-analysts-review-idUSnPnq7cdpt+80+PRN20140311
20140331†9:30AM UTC,"Alcoa, Nike, FedEx and Oracle are part of Zacks Earnings Preview:",http://www.reuters.com/article/2014/03/31/il-zacks-investment-idUSnPn6MqMCC+97+PRN20140331
20140506†3:00PM UTC,"2014 Street League Skateboarding Nike SB World Tour Announces New Stops, FOX Sports 1 TV Schedule And First-Ever SLS Pro Open Kick-Off Event",http://www.reuters.com/article/2014/05/06/sls-nikesb-worldtour-idUSnPn5jvdC7+82+PRN20140506
20140506†7:03AM UTC,"Adidas, facing investor unrest over Nike lead, sees sales dip",http://www.reuters.com/article/2014/05/06/us-adidas-results-idUSBREA4504L20140506
20140506†7:02AM UTC,"UPDATE 2-Adidas, facing investor unrest over Nike lead, sees sales dip",http://www.reuters.com/article/2014/05/06/adidas-results-idUSL6N0NS17P20140506
20140804†9:10AM UTC,"Financial Results, Renewal of Collaboration, and Upcoming Earnings and Conference Call - Research Reports on TRW, PMI, Nike, Mondelez and Whirlpool",http://www.reuters.com/article/2014/08/04/bc-ar-idUSnPn87KZWs+8e+PRN20140804
20140822†5:27PM UTC,Under Armour looking to lure Durant away from Nike: ESPN.com,http://www.reuters.com/article/2014/08/21/us-underarmour-durant-idUSKBN0GL27C20140821
20140822†5:15PM UTC,Under Armour looking to lure Durant away from Nike -ESPN.com,http://www.reuters.com/article/2014/08/21/idUSL2N0QR2B920140821
20140822†9:00AM UTC,"Appointments, Market Activity, Regulatory Approvals, and Rights Acquisition - Research Reports on Nike, Morgan Stanley, Regeneron, Zimmer and Jazz",http://www.reuters.com/article/2014/08/21/bc-ar-idUSnPnJwP1T+55+PRN20140821
20140927†12:39PM UTC,Nike shares spike as profit beats estimates,http://www.reuters.com/article/2014/09/26/us-nike-stocks-idUSKCN0HL1RV20140926
20140927†12:36PM UTC,UPDATE 1-Nike shares spike as profit beats estimates,http://www.reuters.com/article/2014/09/26/nike-stocks-idUSL3N0RR4X020140926
20140927†11:06AM UTC,Nike shares hit record high as profit beats estimates,http://www.reuters.com/article/2014/09/26/nike-stocks-idUSL3N0RR4UM20140926
20140927†8:11AM UTC,"US STOCKS-Blackberry, Nike among most active before opening bell",http://www.reuters.com/article/2014/09/26/markets-stocks-usa-idUSL2N0RR0LA20140926
20141015†5:02AM UTC,"Research and Markets: European Wearable Technology Market Outlook 2019 - Major Vendors are Google Inc. Microsoft, Sony, Samsung, Nike and Adidas",http://www.reuters.com/article/2014/10/14/research-and-markets-idUSnBw145435a+100+BSW20141014
20141120†9:31AM UTC,"Research and Markets: Global Connected Wearable Devices Market 2014-2018: Convergence of Technologies with Adidas, Google, Motorola, Nike, Pebble, Samsung & Sony Dominating",http://www.reuters.com/article/2014/11/19/research-and-markets-idUSnBw195886a+100+BSW20141119
20141120†8:00AM UTC,Nike vs. Adidas: World Finance Reviews the History of Two Brand Titans,http://www.reuters.com/article/2014/11/19/idUSnMKWcjSbqa+1c8+MKW20141119
20140317†9:30AM UTC,"Adobe Systems, Oracle, Nike, FedEx and KBHome are part of Zacks Earnings Preview:",http://www.reuters.com/article/2014/03/17/zacks-earningspreview-idUSnPnBDZx8+5c+PRN20140317
20140318†2:26PM UTC,DRYWORLD Tackles Nike and adidas Competition Head On,http://www.reuters.com/article/2014/03/18/dryworld-industries-idUSnBw186481a+100+BSW20140318
20140319†9:40AM UTC,GRV Shoes Blames Nike for Epidemic of Bad Dancing,http://www.reuters.com/article/2014/03/19/idUSnMKWkpDfGa+1ca+MKW20140319
20140320†7:00PM UTC,"Nike warns FX fluctuations to slam profit, expects weak China sales",http://www.reuters.com/article/2014/03/20/us-nike-results-idUSBREA2J26120140320
20140320†6:58PM UTC,"UPDATE 2-Nike warns FX fluctuations to slam profit, expects weak China sales",http://www.reuters.com/article/2014/03/20/nike-results-idUSL2N0MH1Q020140320
20140320†4:30PM UTC,Nike profit rises; future orders soar 14 percent,http://www.reuters.com/article/2014/03/20/nike-results-idUSL2N0MH15M20140320
20140320†8:34AM UTC,"DuPont, Nike Drive Revolutionary Advances in Golf Ball Technology",http://www.reuters.com/article/2014/03/20/idUSnGNXbtd6QX+1c3+GNW20140320
20140327†9:30AM UTC,"Zacks Earnings Trends Highlights: FedEx, Nike, Oracle and Walgreens",http://www.reuters.com/article/2014/03/27/il-zacks-investment-idUSnPn5HCKsj+9c+PRN20140327
20140328†8:00AM UTC,"Financial Results, Stock Movement, Management Changes, and New Partnership - Analyst Notes on Nike, Coach, Iconix Brand, Steven Madden, and Vera Bradley",http://www.reuters.com/article/2014/03/28/bc-a-idUSnPnhXlp4+48+PRN20140328
20140401†11:00AM UTC,Brand Battles: Nike vs. Adidas,http://www.reuters.com/news/video/videoStory?storyID=82254984
20140402†12:31PM UTC,UPDATE 1-Soccer-UK minister wants Nike to cut price of $150 England shirt,http://www.reuters.com/article/2014/04/02/soccer-world-shirts-idUSL4N0MU3JD20140402
20140402†5:52AM UTC,Soccer-UK minister urges Nike to rethink $150 England shirt,http://www.reuters.com/article/2014/04/02/soccer-world-shirts-idUSL5N0MU23H20140402
20140402†5:56AM UTC,Nike vs. Adidas - the brand battle in Brazil,http://www.reuters.com/news/video/videoStory?storyID=82346868
20140403†5:03AM UTC,British PM says Nike's $150 England shirt is too expensive,http://www.reuters.com/article/2014/04/03/us-soccer-world-shirt-idUSBREA320LD20140403
20140403†4:56AM UTC,British PM says Nike's $150 England shirt is too expensive,http://www.reuters.com/article/2014/04/03/soccer-world-shirt-idUSL5N0MV1JR20140403
20140404†9:30AM UTC,"Zacks Earnings Trends Highlights: Alcoa, FedEx, Nike and Oracle",http://www.reuters.com/article/2014/04/04/il-zacks-investment-idUSnPn4V7d8k+90+PRN20140404
20140404†8:01AM UTC,"Upcoming Events, Promotional Campaign Launches, Stock Price Movements, and Collaborations - Analyst Notes on Delphi, Nike, Mead Johnson, Kimberly-Clark, and Whirlpool",http://www.reuters.com/article/2014/04/04/bc-analystsreviewcom-idUSnPnc8C0Mt+8a+PRN20140404
20140407†9:30AM UTC,"Alcoa, FedEx and Nike are part of Zacks Earnings Preview:",http://www.reuters.com/article/2014/04/07/il-zacks-erns-preview-idUSnPn7XqQKf+96+PRN20140407
20140408†2:00AM UTC,REG-Milestone's subsidiary creates app for Nike's launch of new England kit,http://www.reuters.com/article/2014/04/08/idUSnHUGdCxW+75+ONE20140408
20140410†11:03AM UTC,"Consumer Goods Sector Announced Earnings Results, New Apps, and Collection Launch - Analyst Notes on Nike, Fossil, Deckers, Herbalife, and UniFirst",http://www.reuters.com/article/2014/04/10/bc-analysts-review-idUSnPn7CBKyC+9d+PRN20140410
20140410†10:00AM UTC,Nike High School Grand Prix Athletes Travel to Toronto With S-Trip!,http://www.reuters.com/article/2014/04/10/idUSnMKWLYbtja+1f0+MKW20140410
20140410†9:00AM UTC,Nike+ Fuel Lab Launches in San Francisco,http://www.reuters.com/article/2014/04/10/or-nike-inc-idUSnBw105422a+100+BSW20140410
20140414†3:06PM UTC,Former NFL Player Shawne Merriman Sues Nike for Trademark Infringement,http://www.reuters.com/article/2014/04/14/ca-lights-out-idUSnBw146287a+100+BSW20140414
20140414†8:01AM UTC,"Earnings and Conference Call Schedules, Management Changes, New Product Launches, and Director Appointments - Analyst Notes on Hershey, VF, Nike , Kimberly-Clark and Lorillard",http://www.reuters.com/article/2014/04/14/bc-analystsreviewcom-idUSnPn4SbtL9+92+PRN20140414
20140414†7:00AM UTC,"National Luminaries From Nike Inc, Ford Motor Company, Walt Disney And More Visiting Detroit's College For Creative Studies Today, April 14",http://www.reuters.com/article/2014/04/14/mi-ccs-design-summit-idUSnPn9xkWvv+84+PRN20140414
20140416†7:24PM UTC,"Nike, USA Track and Field extend sponsorship deal through 2040",http://www.reuters.com/article/2014/04/16/us-nike-athletics-idUSBREA3F23T20140416
20140416†7:22PM UTC,"Nike, USA Track and Field extend sponsorship deal through 2040",http://www.reuters.com/article/2014/04/16/nike-athletics-idUSL2N0N82FE20140416
20140422†2:06PM UTC,"Nike Oregon Project Head Coach Alberto Salazar Utilizes Multi Radiance Medical Lasers on Elite Runners, Facilitating Performance and Recovery",http://www.reuters.com/article/2014/04/22/oh-multi-radiance-med-idUSnBw226505a+100+BSW20140422
20140501†3:29PM UTC,Nike CEO says could shift China production over labor strife,http://www.reuters.com/article/2014/05/01/us-nike-labor-china-idUSBREA400SR20140501
20140501†3:25PM UTC,Nike CEO says could shift China production over labor strife,http://www.reuters.com/article/2014/05/01/nike-labor-china-idUSL6N0NN3DO20140501
20140501†8:00AM UTC,"Stock Price Movements, Women's Half Marathon, Launch of New Programs, and Quarterly Earnings Release - Analyst Notes on Mondelez, Nike, Kimberly-Clark, International Paper and Mattel",http://www.reuters.com/article/2014/05/01/bc-analysts-review-idUSnPnldFk1+44+PRN20140501
20140502†8:01AM UTC,"Earnings Results, Upcoming Conferences, Recognitions, Stock Updates, and Appointments - Analyst Notes on Coach, Nike, Skechers, Deckers and Iconix",http://www.reuters.com/article/2014/05/02/bc-analysts-review-idUSnPn4XK4W2+9a+PRN20140502
20140508†9:00AM UTC,UPDATE 2-Adidas CEO faces down investor unrest over Nike advance,http://www.reuters.com/article/2014/05/08/adidas-idUSL6N0NU2RE20140508
20140508†6:09AM UTC,Adidas CEO faces down investor unrest over Nike advance,http://www.reuters.com/article/2014/05/08/us-adidas-idUSBREA4708420140508
20140512†7:00AM UTC,"Earnings Releases, Company Updates, and Sustainable Development Activities - Analyst Notes on FMC, Rockwood, PTNNT, BHP Billiton and Nike",http://www.reuters.com/article/2014/05/12/bc-analystsreviewcom-idUSnPn2Tqmcz+90+PRN20140512
20140515†9:30AM UTC,"The Zacks Analyst Blog Highlights: Lululemon Athletica, Nike, V.F. Corp, Columbia Sportswear and Navigators Group",http://www.reuters.com/article/2014/05/15/il-zacks-investment-idUSnPn5g8nTC+83+PRN20140515
20140515†3:51AM UTC,Nike supports production suspensions in Vietnam amid protests,http://www.reuters.com/article/2014/05/15/nike-vietnam-idUSL3N0O13HR20140515
20140520†7:10AM UTC,"Successful Missile Firing, Dividends Declaration, Stock Price Updates, and Investor Conferences - Analyst Notes on Lockheed Martin, Nike, Under Armour, Mohawk and Moody's",http://www.reuters.com/article/2014/05/20/bc-a-idUSnPn4ZF6hV+99+PRN20140520
20140522†12:00PM UTC,Zephyr Real Estate's Corte Madera Office Welcomes Chris DeNike,http://www.reuters.com/article/2014/05/22/idUSnMKWlClxXa+1d2+MKW20140522
20140527†7:24PM UTC,Nike and Adidas get personal in battle over soccer World Cup,http://www.reuters.com/article/2014/05/27/us-soccer-world-brands-idUSKBN0E72TD20140527
20140527†7:16PM UTC,Nike and Adidas get personal in battle over soccer World Cup,http://www.reuters.com/article/2014/05/27/us-soccer-world-brands-idUSKBN0E72T320140527
20140527†7:00PM UTC,Nike and Adidas get personal in battle over soccer World Cup,http://www.reuters.com/article/2014/05/27/soccer-world-brands-idUSL6N0NZ4TK20140527
20140527†3:17AM UTC,"UPDATE 1-Nike, Adidas China distributor Belle warns economy's sag means 2 lean years",http://www.reuters.com/article/2014/05/27/belle-intl-results-idUSL3N0OD0IC20140527
20140528†5:10AM UTC,"Pre-market Insights on Textiles, Apparel and Luxury Good Equities -- Research on Nike, Crocs, Fossil, and Coach",http://www.reuters.com/article/2014/05/28/bc-investor-edge-idUSnPnt6cPR+43+PRN20140528
20140528†4:21AM UTC,Nike and Adidas get personal in battle over soccer World Cup,http://www.reuters.com/article/2014/05/28/us-soccer-world-brands-idUSKBN0E72TD20140528
20140528†3:36AM UTC,UPDATE 1-Nike and Adidas get personal in battle over soccer World Cup,http://www.reuters.com/article/2014/05/28/soccer-world-brands-idUSL6N0OE1EA20140528
20140529†6:45AM UTC,Nike won‚Äôt catch us ‚Äì Adidas CEO,http://www.reuters.com/news/video/videoStory?storyID=86549091
20140612†9:30AM UTC,"The Zacks Analyst Blog Highlights: Pepsico, Nike, Yingli Green Energy Holding and Johnson & Johnson",http://www.reuters.com/article/2014/06/12/il-zacks-investment-idUSnPn2SDBzt+9c+PRN20140612
20140618†5:30AM UTC,"Upcoming Earnings Release, Competitions, New Brand Ambassadors, and New Leaders - Analyst Notes on Nike, Deckers, Skechers, Wolverine World Wide and Vera Bradley",http://www.reuters.com/article/2014/06/18/bc-ar-idUSnPnbcZtYH+8b+PRN20140618
20140619†3:03PM UTC,"Research and Markets: Wearables: Snapshot of Consumer Sentiments on Activity Tracking Report Featuring Bodymedia, Fitbit, Google, Jawbone & Nike",http://www.reuters.com/article/2014/06/19/research-and-markets-idUSnBw195596a+100+BSW20140619
20140620†4:13PM UTC,UPDATE 1-Soccer-Nike extends sponsorship with Dutch team to 2026,http://www.reuters.com/article/2014/06/20/soccer-world-ned-nike-idUSL6N0P155R20140620
20140620†4:00PM UTC,Soccer-Nike extends sponsorship deal with Dutch to 2026,http://www.reuters.com/article/2014/06/20/soccer-world-ned-nike-idUSL6N0P154820140620
20140623†3:13PM UTC,"Research and Markets: Global Wearable Devices in Sports and Fitness Report 2014 - 2019 Featuring Fibit, Google, Neptune Pine, Nike & Reebok",http://www.reuters.com/article/2014/06/23/research-and-markets-idUSnBw235929a+100+BSW20140623
20140626†7:16PM UTC,"Soccer fever helps Nike score strong sales in North America, Europe",http://www.reuters.com/article/2014/06/26/us-nike-results-idUSKBN0F12NT20140626
20140626†7:14PM UTC,"UPDATE 2-Soccer fever helps Nike score strong sales in N America, Europe",http://www.reuters.com/article/2014/06/26/nike-results-idUSL4N0P74NX20140626
20140626†4:30PM UTC,"Nike's profit rises on strong sales in North America, Europe",http://www.reuters.com/article/2014/06/26/nike-results-idUSL4N0P54M120140626
20140626†6:00AM UTC,"Donations, Projects, New Leaderships, Distribution Ratios, and Conference Call Schedules - Analyst Notes on P&G;, Coca-Cola, Nike, International Paper and Hasbro",http://www.reuters.com/article/2014/06/26/bc-analystsreviewcom-idUSnPn4tmGsz+84+PRN20140626
20140627†8:48AM UTC,"US STOCKS-Futures point to lower Wall St open, Nike gains early",http://www.reuters.com/article/2014/06/27/markets-usa-stocks-idUSL2N0P80EK20140627
20140627†8:34AM UTC,Adidas and Nike battle for social media World Cup,http://www.reuters.com/article/2014/06/27/us-soccer-world-brands-idUSKBN0F211420140627
20140627†8:10AM UTC,REFILE-Adidas and Nike battle for social media World Cup,http://www.reuters.com/article/2014/06/27/soccer-world-brands-idUSL6N0P72KR20140627
20140627†7:50AM UTC,"REFILE-US STOCKS-Futures dip, but Nike rises in premarket",http://www.reuters.com/article/2014/06/27/markets-usa-stocks-idUSL2N0P809720140627
20140703†9:30AM UTC,"Zacks.com featured expert Kevin Matras highlights: Nike, Kraft Foods, Genuine Parts Co., Cintas and Rockwell Automation",http://www.reuters.com/article/2014/07/03/zacks-equity-research-idUSnPnc0wcw2+80+PRN20140703
20140707†4:02PM UTC,Soccer-Nike to end kit supply deal with Man Utd - source,http://www.reuters.com/article/2014/07/07/soccer-manutd-nike-idUSL6N0PI5C520140707
20140708†3:19PM UTC,Nike CEO expects soccer sales to keep soaring -report,http://www.reuters.com/article/2014/07/08/us-soccer-world-nike-idUSKBN0FD1R220140708
20140708†2:27PM UTC,CORRECTED-Nike CEO expects soccer sales to keep soaring -report,http://www.reuters.com/article/2014/07/08/soccer-world-nike-idUSL6N0PJ48420140708
20140708†1:44PM UTC,Nike to end Man Utd sponsorship citing rising cost,http://www.reuters.com/article/2014/07/08/us-soccer-manchester-utd-nike-idUSKBN0FD1YV20140708
20140708†1:38PM UTC,UPDATE 1-Nike to end Man Utd sponsorship citing rising cost,http://www.reuters.com/article/2014/07/08/soccer-manchester-utd-nike-idUSL6N0PJ4Q420140708
20140708†12:44PM UTC,Nike ending Manchester United soccer sponsorship,http://www.reuters.com/article/2014/07/08/soccer-manchester-utd-nike-idUSL6N0PJ4O920140708
20140709†11:53AM UTC,Nike ends Manchester United kit deal,http://www.reuters.com/news/video/videoStory?storyID=89540427
20140710†8:10AM UTC,Adidas 2 Nike 0 in World Cup final but competition goes on,http://www.reuters.com/article/2014/07/10/us-soccer-world-brands-idUSKBN0FF19L20140710
20140710†8:04AM UTC,Adidas 2 Nike 0 in World Cup final but competition goes on,http://www.reuters.com/article/2014/07/10/soccer-world-brands-idUSL6N0PK2JT20140710
20140724†11:16AM UTC,"Research and Markets: Global Consumer Smart Wearable Technology Market 2014-2018 Featuring Key Vendors, Fitbit, Google, Jawbone, Nike, Samsung & Sony",http://www.reuters.com/article/2014/07/24/research-and-markets-idUSnBw245919a+100+BSW20140724
20140805†7:04PM UTC,"Nike has most Europe soccer deals, Adidas the most lucrative: study",http://www.reuters.com/article/2014/08/05/us-soccer-marketing-idUSKBN0G52IB20140805
20140805†7:01PM UTC,"Nike has most Europe soccer deals, Adidas the most lucrative -study",http://www.reuters.com/article/2014/08/05/soccer-marketing-idUSL6N0QB4U520140805
20140808†11:05AM UTC,Adidas marketing push an uphill battle against 'cool' Nike,http://www.reuters.com/article/2014/08/08/us-adidas-nike-rivalry-analysis-idUSKBN0G81MP20140808
20140812†9:20AM UTC,"Technical Updates, Financial Results, Senior Level Appointment, and Product Debut - Research Reports on PMI, Harman, Mondelez, Nike and WhiteWave",http://www.reuters.com/article/2014/08/12/bc-analysts-review-idUSnPn9MwtrM+91+PRN20140812
20140813†9:20AM UTC,"Technical Updates, Financial Results, Senior Level Appointment, and Product Debut - Research Reports on PMI, Harman, Mondelez, Nike and WhiteWave",http://www.reuters.com/article/2014/08/12/bc-analysts-review-idUSnPn9MwtrM+91+PRN20140812
20140830†8:55AM UTC,"Increase in Production, Technical Update, and Upcoming Events - Research Reports on Dow, National Oilwell, EQT, Range Resources and Nike",http://www.reuters.com/article/2014/08/29/bc-analystsreviewcom-idUSnPn776c7Q+81+PRN20140829
20140903†4:46PM UTC,"Durant re-signs with Nike, spurning Under Armour deal",http://www.reuters.com/article/2014/09/02/us-nike-durant-idUSKBN0GX27J20140902
20140903†2:21PM UTC,"Durant re-signs with Nike, spurning Under Armour deal",http://www.reuters.com/article/2014/09/02/nike-durant-idUSL1N0R31C120140902
20140910†1:12PM UTC,BRIEF-Nike says Ray Rice is no longer a Nike athlete,http://www.reuters.com/article/2014/09/09/nike-brief-idUSL1N0RA1N220140909
20140910†9:30AM UTC,"Financial Results, New Campaigns, Market Activity, and Earnings Guidance - Research Reports on PVH, Nike, Mondelez, Altria and Under Armour",http://www.reuters.com/article/2014/09/09/bc-analysts-review-idUSnPn4KzSnN+95+PRN20140909
20140910†9:30AM UTC,"The Zacks Analyst Blog Highlights:Nike, Skechers USA, Foot Locker, Deckers Outdoor and Petrobras",http://www.reuters.com/article/2014/09/09/zacks-equity-research-idUSnPn4c718d+80+PRN20140909
20140912†9:30AM UTC,"Zacks Earnings Trends Highlights: Darden Restaurants, Oracle, FedEx, Nike and Kroger",http://www.reuters.com/article/2014/09/11/il-zacks-investment-idUSnPn7HKhXM+9b+PRN20140911
20140918†12:29PM UTC,BRIEF-Nike says it has suspended contract with Adrian Peterson,http://www.reuters.com/article/2014/09/17/nike-brief-idUSWNAB04QR020140917
20140918†12:27PM UTC,Nike suspends contract with NFL athlete Adrian Peterson,http://www.reuters.com/article/2014/09/17/us-nike-peterson-idUSKBN0HC1UA20140917
20140918†12:24PM UTC,Nike suspends contract with NFL athlete Adrian Peterson,http://www.reuters.com/article/2014/09/17/nike-peterson-idUSL3N0RI4P720140917
20140918†9:15AM UTC,"Market Activity, Upcoming Earnings, Ratings, Progress Report, and Brand Rejuvenation - Research Reports on Altria, Nike, Molson, Mondelez and Kraft",http://www.reuters.com/article/2014/09/17/bc-analysts-review-idUSnPn5Ntnb8+90+PRN20140917
20140923†9:30AM UTC,"AutoZone, Accenture, Nike and Bank of America are part of Zacks Earnings Preview:",http://www.reuters.com/article/2014/09/22/il-zacks-earnspreview-idUSnPn9nVfD4+8a+PRN20140922
20140926†6:48PM UTC,"European demand, higher margins drive Nike's profit beat",http://www.reuters.com/article/2014/09/25/us-nike-results-idUSKCN0HK2L420140925
20140926†6:42PM UTC,"UPDATE 2-European demand, higher margins drive Nike's profit beat",http://www.reuters.com/article/2014/09/25/nike-results-idUSL3N0RQ5IM20140925
20140926†4:23PM UTC,Nike's quarterly revenue jumps 15 percent,http://www.reuters.com/article/2014/09/25/nike-results-idUSL3N0RP5Y120140925
20140926†8:55AM UTC,"Divestitures, Donations, Recognitions, and Technical Updates - Research Reports on Clorox, Altria, Nike, Mondelez and International Paper",http://www.reuters.com/article/2014/09/25/bc-analysts-review-idUSnPn4yjRl8+84+PRN20140925
20140926†6:30PM UTC,Wall Street craters as Apple slumps; Nike beats,http://www.reuters.com/news/video/videoStory?storyID=95271631
20141003†9:00AM UTC,Nike Foundation and The Unreasonable Group Announce World‚Äôs First Accelerator Program to Benefit Girls in Poverty,http://www.reuters.com/article/2014/10/02/or-nike-foundation-idUSnBw025583a+100+BSW20141002
20141008†9:05AM UTC,"Financial Results, Promotions, Conference Calls, and Technical Updates - Research Reports on Nike, Mondelez, Altria, Carter's and Lear",http://www.reuters.com/article/2014/10/07/bc-analysts-review-idUSnPn7VGJNH+9f+PRN20141007
20141011†9:00AM UTC,"(RED) And Bank of America Challenge The Global Fitness Community To Go The Distance With Turn Your Miles (RED), Powered By Nike+",http://www.reuters.com/article/2014/10/10/-nikecampaign-idUSnPn15WRft+8c+PRN20141010
20141014†9:29AM UTC,"Chipotle Mexican Grill, Oracle, Citi Trends, Hanesbrands and Nike highlighted as Zacks Bull and Bear of the Day",http://www.reuters.com/article/2014/10/13/il-zacksinvestment-idUSnPn5XgR8p+94+PRN20141013
20141016†9:29AM UTC,"Nike, Yum! Brands, Intel, IBM and Cisco highlighted as Zacks Bull and Bear of the Day",http://www.reuters.com/article/2014/10/15/zacks-equity-research-idUSnPnc4ZRXj+8e+PRN20141015
20141022†9:30AM UTC,"The Zacks Analyst Blog Highlights:E. I. du Pont de Nemours, Dow Chemical,Nike, McDonald's and Coca-Cola",http://www.reuters.com/article/2014/10/21/zacks-equity-research-idUSnPn19XdpR+89+PRN20141021
20141022†7:53AM UTC,"Research and Markets: Global Wearable Electronics and Technology Market Outlook 2020: Adidas, Apple, Sony, Fitbit, Jawbone & Nike Dominate the Market",http://www.reuters.com/article/2014/10/21/research-and-markets-idUSnBw215647a+100+BSW20141021
20141023†1:50PM UTC,"Nike Unveils New Spring/Summer 2015 Women‚Äôs Collections, Connects with 65 Million Women Across Global Digital Community",http://www.reuters.com/article/2014/10/22/or-nike-idUSnBw226302a+100+BSW20141022
20141023†1:15PM UTC,"Research and Markets: Global Gaming Wearable Technology Report 2014 Featuring Apple, Microsoft, Nike, Nintendo & Sony",http://www.reuters.com/article/2014/10/22/research-and-markets-idUSnBw226267a+100+BSW20141022
20141024†8:45AM UTC,"TV Campaign, SEC Notification, Upcoming Earnings Release, Appointment and Quarterly Earnings - Research Reports on Nike, Keurig Green Mountain, Altria, Mondelez International and VF Corp.",http://www.reuters.com/article/2014/10/23/bc-analysts-review-idUSnPnbJHmSs+9a+PRN20141023
20141030†2:07PM UTC,"INCENTCO‚Ñ¢ Adds CORT, American Airlines, Starbucks, Nike, L.L.Bean and Shutterfly to Merchant Offerings",http://www.reuters.com/article/2014/10/29/fl-incentco-idUSnBw296272a+100+BSW20141029
20141104†9:20AM UTC,"Upcoming Events, Product Launch, and Financial Results - Research Reports on Michael Kors, Nike, Kraft Foods, Whirlpool and Johnson Controls",http://www.reuters.com/article/2014/11/03/bc-analysts-review-idUSnPn7pkpkg+80+PRN20141103
20141108†5:00PM UTC,Sprint Appoints Nikesh Arora to Board of Directors,http://www.reuters.com/article/2014/11/07/ks-sprint-idUSnBw076003a+100+BSW20141107
20141121†9:30AM UTC,"Zacks Earnings Trends Highlights: FedEx, Nike, Oracle and Walgreens",http://www.reuters.com/article/2014/11/20/il-zacks-investment-idUSnPn2HDX1t+9c+PRN20141120
20141125†1:19PM UTC,USOC and Nike extend partnership through 2020,http://www.reuters.com/article/2014/11/24/us-olympics-usoc-nike-idUSKCN0J81S020141124
20141125†1:12PM UTC,Olympics-USOC and Nike extend partnership through 2020,http://www.reuters.com/article/2014/11/24/olympics-usoc-nike-idUSL2N0TE18Y20141124
20141210†4:31PM UTC,Nike accuses former shoe designers of taking secrets to Adidas,http://www.reuters.com/article/2014/12/09/nike-adidas-lawsuit-idUSL1N0TT2C820141209
20141210†4:05PM UTC,Nike accuses former shoe designers of taking secrets to Adidas,http://www.reuters.com/article/2014/12/09/us-nike-adidas-lawsuit-idUSKBN0JN2DV20141209
20141210†4:00PM UTC,Nike accuses former shoe designers of taking secrets to Adidas,http://www.reuters.com/article/2014/12/09/nike-adidas-lawsuit-idUSL1N0TT1OH20141209
20141210†10:21AM UTC,"Research and Markets: Global Pedometer Market 2015-2019 with Fitbit, Garmin, Jawbone (Aliph), Nike & OMRON Dominating",http://www.reuters.com/article/2014/12/09/research-and-markets-idUSnBw095986a+100+BSW20141209
20141210†9:30AM UTC,"Zacks Investment Ideas feature highlights: Nike, Skechers, Shoe Carnival, Foot Locker and Finish Line",http://www.reuters.com/article/2014/12/09/il-zacks-investment-idUSnPn2k2MYv+86+PRN20141209
20141219†5:50PM UTC,"Nike flags slowing growth in western Europe, emerging markets",http://www.reuters.com/article/2014/12/18/us-nike-results-idUSKBN0JW2O920141218
20141219†5:47PM UTC,"UPDATE 1-Nike flags slowing growth in western Europe, emerging markets",http://www.reuters.com/article/2014/12/18/nike-results-idUSL3N0U25DH20141218
20141219†5:28PM UTC,CORRECTED-Nike's future orders growth rate slows,http://www.reuters.com/article/2014/12/18/nike-results-idUSL3N0U14WM20141218
20141220†9:20AM UTC,"Risk-Reward Favors Equity Players: Research Reports on Marathon Oil, Molson Coors, Salesforce, BBX Capital and Nike",http://www.reuters.com/article/2014/12/19/bc-analysts-review-idUSnPn7JP3hZ+99+PRN20141219
20141230†9:20AM UTC,"What's Buzzing on Street: New Research on CorMedix, American Apparel, Horizon, Nike and Amazon",http://www.reuters.com/article/2014/12/29/bc-analysts-review-idUSnPnWQC9V+5d+PRN20141229
20150107†10:22AM UTC,Research and Markets: Global Wrist Wearable Devices Market Analysis 2013-2020 - Global Sales of Wrist Wear Devices in 2013 were Approximately $850m with Nike and Adidas Dominating,http://www.reuters.com/article/2015/01/06/research-and-markets-idUSnBw066124a+100+BSW20150106
20150108†8:20AM UTC,"Where Opportunity is Found: New Coverage on Myers Industries, Nautilus, Newell Rubbermaid, Nike and Omega Protein",http://www.reuters.com/article/2015/01/07/bc-analysts-review-idUSnPn9BkHWw+96+PRN20150107
20150128†10:30AM UTC,"Global Sports Apparel Market 2015-2019: Key Vendors are Adidas, Lululemon Athletica, Nike, Puma and Under Armour",http://www.reuters.com/article/2015/01/27/idUSnGNX1l5Mr5+1c4+GNW20150127
20150131†2:02PM UTC,"Research and Markets: Global Sports Apparel Market 2015-2019 with Adidas, Lululemon Athletica, Nike, Puma & Under Armour Dominating",http://www.reuters.com/article/2015/01/30/research-and-markets-idUSnBw305747a+100+BSW20150130
20150213†5:31PM UTC,Nike's CFO Donald Blair to retire,http://www.reuters.com/article/2015/02/12/us-nike-moves-cfo-idUSKBN0LG2ZO20150212
20150304†10:00AM UTC,"Ogilvy & Mather‚Äôs Shelly Lazarus, Patagonia‚Äôs Yvon Chouinard, Nike‚Äôs Trevor Edwards and Prophet/UC Berkeley‚Äôs David Aaker Selected as AMA‚Äôs 2015 Marketing Hall of Fame¬Æ Inductees",http://www.reuters.com/article/2015/03/03/ny-nyama-idUSnBw035978a+100+BSW20150303
20150307†9:00AM UTC,TomTom GPS Sport Watches now Compatible with Nike+ Running App,http://www.reuters.com/article/2015/03/06/ma-tomtom-nike-idUSnPn8S8Dcd+94+PRN20150306
20150307†9:00AM UTC,TomTom GPS Sport Watches now Compatible with Nike+ Running App,http://www.reuters.com/article/2015/03/06/tomtom-idUSnBw065334a+100+BSW20150306
20150310†5:40AM UTC,BRIEF-Anhui Anli Artificial Leather becomes qualified supplier for Nike,http://www.reuters.com/article/2015/03/09/idUSL4N0WB37120150309
20150611†5:50PM UTC,"Nike replaces Adidas as maker of NBA uniforms, signs eight-year deal",http://www.reuters.com/article/2015/06/10/us-nike-nba-idUSKBN0OQ2LV20150610
20150611†5:47PM UTC,"UPDATE 1-Nike replaces Adidas as maker of NBA uniforms, signs 8-year deal",http://www.reuters.com/article/2015/06/10/nike-nba-idUSL3N0YW5N320150610
20150611†5:45PM UTC,"CORRECTED-Nike signs 8-year marketing, merchandising agreement with NBA",http://www.reuters.com/article/2015/06/10/nike-nba-idUSL3N0YW5MJ20150610
20150611†8:43AM UTC,Soccer-Dutch FA reviewing 1996 sponsorship deal with Nike,http://www.reuters.com/article/2015/06/10/soccer-fifa-netherlands-idUSL5N0YW1SJ20150610
20151015†6:27PM UTC,"RPT-UPDATE 2-Nike set to grow faster, hit $50 bln in sales by 2020",http://www.reuters.com/article/nike-shareholders-idUSL3N12E5WS20151014
20151015†6:10PM UTC,"Nike set to grow faster, hit $50 billion in sales by 2020",http://www.reuters.com/article/us-nike-shareholders-idUSKCN0S82E820151014
20151015†6:08PM UTC,"REFILE-UPDATE 2-Nike set to grow faster, hit $50 bln in sales by 2020",http://www.reuters.com/article/nike-shareholders-idUSL3N12E58920151014
20151015†2:07PM UTC,Nike says expects revenue of $50 billion by 2020,http://www.reuters.com/article/nike-shareholders-idUSL3N12E57420151014
20151015†5:29AM UTC,"Lansdowne pessimistic on oil-related shares, likes German real estate, Disney, Nike",http://www.reuters.com/article/funds-sohn-lansdowne-idUSL8N12E19R20151014
20151120†8:54PM UTC,SKECHERS Wins Favorable Ruling in Nike Lawsuit,http://www.reuters.com/article/ca-skechers-usa-idUSnBw196307a+100+BSW20151120
20151120†5:05PM UTC,"UPDATE 1-Nike plans $12 bln buyback, two-for-one split",http://www.reuters.com/article/nike-buyback-idUSL3N13E4TS20151119
20151120†4:26PM UTC,"Nike plans $12 bln buyback, two-for-one split",http://www.reuters.com/article/nike-buyback-idUSL3N13E4SZ20151119
20151120†1:30PM UTC,Skechers says wins favorable ruling in Nike lawsuit,http://www.reuters.com/article/skechers-lawsuit-idUSL1N13E20920151119
20151120†1:30PM UTC,Skechers says wins favorable ruling in Nike lawsuit,http://www.reuters.com/article/us-skechers-lawsuit-idUSKCN0T82MB20151119
20151120†1:13PM UTC,Skechers says wins favorable ruling in Nike lawsuit,http://www.reuters.com/article/skechers-lawsuit-idUSL3N13E4G020151119
20151120†12:21PM UTC,SKECHERS Wins Favorable Ruling in Nike Lawsuit,http://www.reuters.com/article/ca-skechers-usa-idUSnBw196307a+100+BSW20151119
20151208†7:59AM UTC,"Global Sportswear Market with Focus on China: Trends & Opportunities 2015-2019 Featuring Nike, Adidas & VF Corporation",http://www.reuters.com/article/research-and-markets-idUSnBw075685a+100+BSW20151207
20150320†7:45PM UTC,"Nike profit trumps Street, strong dollar weighs on forecast",http://www.reuters.com/article/2015/03/19/us-nike-results-idUSKBN0MF2JY20150319
20150320†7:44PM UTC,"UPDATE 2-Nike profit trumps Street, strong dollar weighs on forecast",http://www.reuters.com/article/2015/03/19/nike-results-idUSL3N0WL5AP20150319
20150320†4:25PM UTC,"Nike profit up 16 pct on higher demand for apparel, shoes",http://www.reuters.com/article/2015/03/19/nike-results-idUSL3N0WK4SO20150319
20150321†6:48PM UTC,"Wall St. rises on Nike, lower dollar; Nasdaq hits 15-year high",http://www.reuters.com/article/2015/03/20/us-markets-stocks-us-idUSKBN0MG19320150320
20150321†5:37PM UTC,"US STOCKS-Wall St rises on Nike, lower dollar; Nasdaq hits 15-yr high",http://www.reuters.com/article/2015/03/20/markets-stocks-usa-idUSL2N0WM2GG20150320
20150321†4:33PM UTC,"US STOCKS-Wall St rises on Nike, lower dollar; snaps 3-week string of losses",http://www.reuters.com/article/2015/03/20/markets-stocks-usa-idUSL2N0WM2A920150320
20150321†2:03PM UTC,"US STOCKS-Wall St rises on Nike, lower dollar; set to snap 3 weeks of losses",http://www.reuters.com/article/2015/03/20/markets-stocks-usa-idUSL2N0WM1R620150320
20150321†11:38AM UTC,"US STOCKS-Wall St rises on Nike, biotechs; set to snap 3-week skid",http://www.reuters.com/article/2015/03/20/markets-stocks-usa-idUSL2N0WM1C420150320
20150321†10:12AM UTC,"US STOCKS-Wall St climbs on Nike, biotech lift",http://www.reuters.com/article/2015/03/20/markets-stocks-usa-idUSL2N0WM13A20150320
20150321†9:36AM UTC,"US STOCKS SNAPSHOT-Biotech, Nike lift Wall St at open",http://www.reuters.com/article/2015/03/20/markets-stocks-usa-idUSZXN0RES0520150320
20150321†9:17AM UTC,US STOCKS-Wall St set for higher open as Nike provides lift,http://www.reuters.com/article/2015/03/20/markets-stocks-usa-idUSL2N0WM0IU20150320
20150325†11:09PM UTC,Nike sign Gatlin but won't add Gay,http://www.reuters.com/article/2015/03/26/us-athletics-nike-gay-idUSKBN0MM08R20150326
20150326†11:09PM UTC,Nike sign Gatlin but won't add Gay,http://www.reuters.com/article/2015/03/26/us-athletics-nike-gay-idUSKBN0MM08R20150326
20150401†9:02AM UTC,"Perry Ellis International Extends License Agreement With Nike, Inc.",http://www.reuters.com/article/2015/03/31/idUSnGNXc6C9gC+1c9+GNW20150331
20150407†6:18PM UTC,"Shawne Lights Out""¬Æ Merriman Seeks $18 Million-Plus from Nike in Counterfeiting and False Endorsement Lawsuit""",http://www.reuters.com/article/2015/04/06/mlstrategies-nikesuit-idUSnPn5tN0RG+8b+PRN20150406
20150407†10:04AM UTC,Shawne ‚ÄúLights Out‚Äù¬Æ Merriman Seeks $18 Million-Plus in Nike Lawsuit,http://www.reuters.com/article/2015/04/06/ca-shawne-merriman-idUSnBw065471a+100+BSW20150406
20150416†9:07AM UTC,"Global Smart Wearable Fitness and Sports Devices and Services Market 2015-2019 with Adidas, Apple, Fitbit, Garmin, Jawbone, Nike, Samsung Electronics & Sony Dominating",http://www.reuters.com/article/2015/04/15/researchandmarkets-idUSnPn7ngy2J+81+PRN20150415
20150501†6:07PM UTC,Obama to push case for trade deal at Nike headquarters in Oregon,http://www.reuters.com/article/2015/04/30/us-usa-trade-obama-idUSKBN0NL2RO20150430
20150501†5:01PM UTC,CORRECTED-Obama to push case for trade deal at Nike headquarters in Oregon,http://www.reuters.com/article/2015/04/30/usa-trade-obama-idUSL1N0XR30520150430
20150507†5:21PM UTC,Production Glue Wins Grand CLIO Image Award for Nike Zoom City Arena,http://www.reuters.com/article/2015/05/06/production-glue-award-idUSnPn9jlsTt+82+PRN20150506
20150507†11:59AM UTC,Obama puts Nike in trade spotlight despite sweatshop stigma of past,http://www.reuters.com/article/2015/05/06/usa-trade-obama-idUSL1N0XW27020150506
20150508†5:39PM UTC,White House says will let Nike 'share their news' on Obama visit,http://www.reuters.com/article/2015/05/07/us-usa-trade-nike-idUSKBN0NS2BX20150507
20150508†5:37PM UTC,"UPDATE 1-White House says will let Nike share their news"" on Obama visit""",http://www.reuters.com/article/2015/05/07/usa-trade-nike-idUSL1N0XY3CN20150507
20150508†4:12PM UTC,"White House says it will let Nike share their news"" on Obama visit""",http://www.reuters.com/article/2015/05/07/usa-trade-nike-idUSL1N0XY28R20150507
20150509†5:28PM UTC,"Obama to Democrats on Asia trade pact: like Nike, 'just do it'",http://www.reuters.com/article/2015/05/08/us-trade-obama-nike-idUSKBN0NT0ZO20150508
20150509†4:43PM UTC,Nike CEO Parker says can create jobs if Asia trade pact passes,http://www.reuters.com/article/2015/05/08/us-trade-obama-nike-ceo-idUSKBN0NT1MW20150508
20150509†1:21PM UTC,Hoffa: Nike's TPP Job Projections Will Be Just Another Round Of Corporate Broken Promises,http://www.reuters.com/article/2015/05/08/teamsters-nike-stmnt-idUSnPn5jTFDW+8f+PRN20150508
20150509†10:31AM UTC,Nike CEO Parker says can create jobs if Asia trade pact passes,http://www.reuters.com/article/2015/05/08/trade-obama-nike-ceo-idUSL1N0XZ19Y20150508
20150509†6:00AM UTC,"Nike backs Obama on trade with pledge to create 10,000 U.S. jobs",http://www.reuters.com/article/2015/05/08/trade-obama-nike-idUSL1N0XZ02P20150508
20150509†6:00AM UTC,Nike Welcomes President Obama to Its World Headquarters,http://www.reuters.com/article/2015/05/08/or-nike-potus-tpp-idUSnBw085098a+100+BSW20150508
20150512†10:48AM UTC,SoftBank names Nikesh Arora president and Son's likely successor,http://www.reuters.com/article/2015/05/11/softbank-results-nikesh-arora-idUSKBN0NW14R20150511
20150512†10:45AM UTC,UPDATE 3 -SoftBank names Nikesh Arora president and Son's likely successor,http://www.reuters.com/article/2015/05/11/softbank-results-idUSL4N0XZ52D20150511
20150512†9:53AM UTC,SoftBank names Nikesh Arora president and Son's likely successor,http://www.reuters.com/article/2015/05/11/us-softbank-results-idUSKBN0NW0DK20150511
20150523†8:13AM UTC,"Research and Markets: Global Retail Sporting Goods Industry 2015-2020 - Trends, Profits and Forecast Analysis Featuring Nike, Foot Locker, Dick's Sporting Goods, Adidas & Puma",http://www.reuters.com/article/2015/05/22/research-and-markets-idUSnBw225359a+100+BSW20150522
20150528†4:38PM UTC,Nike says cooperating with authorities on FIFA allegations,http://www.reuters.com/article/2015/05/27/us-nike-idUSKBN0OC2P220150527
20150528†4:36PM UTC,Nike says cooperating with authorities on FIFA allegations,http://www.reuters.com/article/2015/05/27/soccer-fifa-nike-idUSL1N0YI2J320150527
20150528†4:35PM UTC,Nike says cooperating with authorities on FIFA allegations,http://www.reuters.com/article/2015/05/27/idUSL1N0YI2GA20150527
20150530†6:16PM UTC,Nike seen avoiding charges in soccer bribery probe - lawyers,http://www.reuters.com/article/2015/05/29/soccer-fifa-nike-idUSL1N0YK2U520150529
20150530†6:09PM UTC,Nike seen avoiding charges in soccer bribery probe: lawyers,http://www.reuters.com/article/2015/05/29/us-soccer-fifa-nike-idUSKBN0OE2PB20150529
20150530†6:06PM UTC,Nike seen avoiding charges in soccer bribery probe - lawyers,http://www.reuters.com/article/2015/05/29/soccer-fifa-nike-idUSL1N0YJ22E20150529
20150530†2:23AM UTC,Nike says FIFA indictment does not allege criminal conduct by company,http://www.reuters.com/article/2015/05/29/us-soccer-fifa-nike-idUSKBN0OE0GK20150529
20150530†2:20AM UTC,Nike says FIFA indictment does not allege criminal conduct by company,http://www.reuters.com/article/2015/05/29/soccer-fifa-nike-idUSL3N0YK1WS20150529
20150602†7:06AM UTC,Nike seen avoiding charges in soccer bribery probe - lawyers,http://www.reuters.com/article/soccer-fifa-nike-idUSL1N0YK2U520150601
20150606†9:06PM UTC,"Brazil soccer probe to put harsh glare on Nike, other sponsors",http://www.reuters.com/article/2015/06/06/us-soccer-fifa-brazil-nike-idUSKBN0OL0C220150606
20150606†7:00AM UTC,"RPT-Brazil soccer probe to put harsh glare on Nike, other sponsors",http://www.reuters.com/article/2015/06/05/soccer-fifa-brazil-nike-idUSL1N0YR03T20150605
20150606†1:39AM UTC,"Brazil soccer probe to put harsh glare on Nike, other sponsors",http://www.reuters.com/article/2015/06/05/us-soccer-fifa-brazil-nike-idUSKBN0OL0C220150605
20150606†1:00AM UTC,"Brazil soccer probe to put harsh glare on Nike, other sponsors",http://www.reuters.com/article/2015/06/05/soccer-fifa-brazil-nike-idUSL1N0YM0FA20150605
20150610†5:49PM UTC,Nike settles with designers it accused of stealing secrets,http://www.reuters.com/article/2015/06/09/nike-adidas-settlement-idUSL1N0YV2UE20150609
20150610†5:39PM UTC,Nike settles with designers it accused of stealing secrets,http://www.reuters.com/article/2015/06/09/us-nike-adidas-settlement-idUSKBN0OP2GL20150609
20150610†5:33PM UTC,Nike settles with designers it accused of stealing secrets,http://www.reuters.com/article/2015/06/09/nike-adidas-settlement-idUSL1N0YV20V20150609
20150613†9:21PM UTC,U.S. probes Nike payments under Brazil soccer deal: WSJ,http://www.reuters.com/article/2015/06/13/us-soccer-fifa-nike-idUSKBN0OT00G20150613
20150613†9:08PM UTC,UPDATE 1-U.S. probes Nike payments under Brazil soccer deal -WSJ,http://www.reuters.com/article/2015/06/13/soccer-fifa-nike-idUSL1N0YZ00P20150613
20150613†8:21PM UTC,U.S. probes Nike payments under Brazil soccer deal -WSJ,http://www.reuters.com/article/2015/06/13/soccer-fifa-nike-idUSL1N0YZ00620150613
20150613†8:08PM UTC,BRIEF-U.S. probing Nike payments in Brazil soccer deal - WSJ,http://www.reuters.com/article/2015/06/13/idUSL1N0YZ00720150613
20150613†9:24AM UTC,Nike seeks to score with women's football,http://www.reuters.com/news/video/videoStory?storyID=108722167
20150619†5:00PM UTC,Douglas G. Houser and Orin C. Smith Announce Retirement from Nike Board of Directors,http://www.reuters.com/article/2015/06/18/or-nike-idUSnBw186387a+100+BSW20150618
20150624†7:36AM UTC,"Hynes Keller & Hernandez, LLC Announces Investigations of Nike, Inc., AMC Entertainment Holdings, Inc. and Regal Entertainment Group",http://www.reuters.com/article/2015/06/23/hynes-keller-investig-idUSnPn6JNVcx+9c+PRN20150623
20150626†6:43PM UTC,Nike beats estimates again as demand shows no sign of abating,http://www.reuters.com/article/2015/06/25/us-nike-results-idUSKBN0P52NQ20150625
20150626†6:41PM UTC,UPDATE 2-Nike beats estimates again as demand shows no sign of abating,http://www.reuters.com/article/2015/06/25/nike-results-idUSL3N0ZB5HE20150625
20150626†4:20PM UTC,Nike profit rises 24 percent,http://www.reuters.com/article/2015/06/25/nike-results-idUSL3N0ZA4YG20150625
20150626†9:00AM UTC,OHSU sets fundraising record by meeting $1 billion challenge from Nike co-founder and wife,http://www.reuters.com/article/2015/06/25/ohsu-fundraising-idUSnPn9NxlxX+91+PRN20150625
20150701†6:06PM UTC,Nike Chairman Phil Knight to step down in 2016,http://www.reuters.com/article/2015/06/30/us-nike-chairman-idUSKCN0PA2UB20150630
20150701†5:45PM UTC,UPDATE 1-Nike Chairman Phil Knight to step down in 2016,http://www.reuters.com/article/2015/06/30/nike-chairman-idUSL3N0ZG59M20150630
20150701†4:56PM UTC,CORRECTED-Nike outlines Chairman Knight's succession plan,http://www.reuters.com/article/2015/06/30/nike-chairman-idUSL3N0ZG57920150630
20150702†2:04PM UTC,Muscle Flex Targets Nike & Under Armour Customers with its High Quality Affordable Women‚Äôs Activewear at MuscleFlex.com,http://www.reuters.com/article/2015/07/01/ca-bravada-international-idUSnBw016427a+100+BSW20150701
20150702†10:08AM UTC,"Research and Markets: Global Running Apparel and Footwear Market 2015-2019 - Technological Advances with Adidas, Asics, Nike, Puma & Skechers Dominating",http://www.reuters.com/article/2015/07/01/research-and-markets-idUSnBw015980a+100+BSW20150701
20150808†3:03PM UTC,Research and Markets: Global and Chinese Nikethamide Industry 2015 - 2010-2020 Market Research Report,http://www.reuters.com/article/research-and-markets-idUSnBw075776a+100+BSW20150807
20150814†2:55PM UTC,National Amputee Basketball Team AMP1 Wowed Crowds and Showed Off Stand-Up Hoops Skills at Nike 3on3 Tournament,http://www.reuters.com/article/ca-freedom-innovations-idUSnBw136252a+100+BSW20150813
20150911†9:50AM UTC,"Research and Markets: Adidas, Callaway, Nike and Under Armour Dominate the Global Golf Apparel Market, 2015 Report Says",http://www.reuters.com/article/research-and-markets-idUSnBw105983a+100+BSW20150910
20150918†7:55PM UTC,ML Strategies Represents Former NFL Superstar Shawne Merriman in His Ongoing Trademark Infringement Suit Against Nike,http://www.reuters.com/article/ca-lights-out-pro-inc-idUSnBw176613a+100+BSW20150917
20150922†9:00AM UTC,Nike Vision And Kevin Durant Team Up Again To Release New Collection Of Optical Eyewear For Fall 2015,http://www.reuters.com/article/nike-vision-eyewear-idUSnPn1SLPtR+9d+PRN20150921
20150925†6:45PM UTC,Nike sprints ahead as high-margin products sales rise,http://www.reuters.com/article/us-nike-results-idUSKCN0RO2EN20150924
20150925†6:44PM UTC,UPDATE 2-Nike sprints ahead as high-margin products sales rise,http://www.reuters.com/article/nike-results-idUSL4N11U4UO20150924
20150925†4:20PM UTC,Nike profit rises as sales of higher-margin products jump,http://www.reuters.com/article/nike-results-idUSL4N11U4SP20150924
20150926†12:39AM UTC,Nike sprints ahead as China sales defy economic slowdown,http://www.reuters.com/article/us-nike-results-idUSKCN0RO2EN20150925
20150926†12:27AM UTC,RPT-UPDATE 3-Nike sprints ahead as China sales defy economic slowdown,http://www.reuters.com/article/nike-results-idUSL4N11V1U820150925
20150926†12:18AM UTC,UPDATE 3-Nike sprints ahead as China sales defy economic slowdown,http://www.reuters.com/article/nike-results-idUSL4N11U4UO20150925
20151002†7:20AM UTC,"Research and Markets: United States Running Apparel and Footwear Market 2015-2019 with Adidas, ASICS, Nike, Puma & Skecher Dominating",http://www.reuters.com/article/research-and-markets-idUSnBw015816a+100+BSW20151001
20151009†11:37AM UTC,"Research and Markets: Athletic Footwear Market in the US 2015-2019 - Key Vendors are Adidas, ASICS, New Balance, Nike & Skechers",http://www.reuters.com/article/research-and-markets-idUSnBw086092a+100+BSW20151008
20151024†7:47PM UTC,"OHSU Doernbecher patients design Nike footwear, apparel to benefit Oregon children's hospital",http://www.reuters.com/article/oshu-nike-benefit-idUSnPn2qLRhc+8c+PRN20151023
20151030†3:05PM UTC,Nike to consumers: Just wear it,http://www.reuters.com/news/video/videoStory?storyID=113126214
20151104†5:35PM UTC,California runner sues Nike after breaking leg on 'dream run',http://www.reuters.com/article/nike-lawsuit-idUSL1N12Y3LN20151103
20151104†5:30PM UTC,California runner sues Nike after breaking leg on 'dream run',http://www.reuters.com/article/us-nike-lawsuit-idUSKCN0SS2OR20151103
20151104†5:25PM UTC,California runner sues Nike after breaking leg on 'dream run',http://www.reuters.com/article/nike-lawsuit-idUSL1N12Y3A420151103
20151119†12:26PM UTC,"ANF Immobilier Leases All 2,500 sq.m. of Commercial Space in the Former Banque de France Headquarters in Lyon to Two Major Retail Chains: Nike and Maxibazar",http://www.reuters.com/article/anf-immobilier-idUSnBw186360a+100+BSW20151118
20151121†7:31AM UTC,US STOCKS-Futures edge higher; Nike jumps on buyback,http://www.reuters.com/article/usa-stocks-idUSL3N13F3FG20151120
20151127†3:43PM UTC,Coe quits ambassadorial role with Nike,http://www.reuters.com/article/us-athletics-iaaf-coe-idUSKBN0TF25Y20151126
20151127†2:40PM UTC,UPDATE 3-Athletics-Coe quits ambassadorial role with Nike,http://www.reuters.com/article/athletics-iaaf-coe-idUSL3N13L4CJ20151126
20151127†1:04PM UTC,Athletics-Coe steps down from ambassadorial role with Nike,http://www.reuters.com/article/athletics-iaaf-coe-idUSL8N13L45E20151126
20151128†5:31AM UTC,Coe quits ambassadorial role with Nike,http://www.reuters.com/article/us-athletics-iaaf-coe-idUSKBN0TF25Y20151127
20151128†2:16AM UTC,Athletics boss ends Nike deal,http://www.reuters.com/news/video/videoStory?storyID=113855888
20151210†8:23AM UTC,"Hudl Partners with Nike, Offers New App for Athletes",http://www.reuters.com/article/hudl-nike-new-app-idUSnPn5Z5w0m+90+PRN20151209
20151223†7:55PM UTC,"Nike's futures orders surge as demand in China, North America soars",http://www.reuters.com/article/us-nike-results-idUSKBN0U52CL20151223
20151223†7:54PM UTC,"UPDATE 3-Nike's futures orders surge as demand in China, N. America soars",http://www.reuters.com/article/nike-results-idUSL3N14B4M720151223
20151223†5:59PM UTC,"UPDATE 2-Nike's futures orders surge as demand in China, N. America soars",http://www.reuters.com/article/nike-results-idUSL3N14B4M720151222
20151223†4:42PM UTC,Nike sales rise 4.1 percent as demand jumps in North America ,http://www.reuters.com/article/us-nike-results-idUSKBN0U52CL20151222
20151223†4:20PM UTC,Nike quarterly sales rise 4.1 pct,http://www.reuters.com/article/nike-results-idUSL3N14B4JG20151222
20160115†7:00PM UTC,UPDATE 1-Nike extends sponsorship deal with Ohio State University,http://www.reuters.com/article/nike-deal-ohiostateuniversity-idUSL3N14Y6D620160115
20160115†7:00PM UTC,UPDATE 1-Nike extends sponsorship deal with Ohio State University,http://www.reuters.com/article/nike-deal-ohiostateuniversity-idUSL3N14Y6D6
20160115†6:24PM UTC,Nike extends sponsorship deal with Ohio State University - WSJ,http://www.reuters.com/article/us-nike-deal-ohiostateuniversity-idUSKCN0US2ZY20160114
20160115†6:21PM UTC,Nike extends sponsorship deal with Ohio State University - WSJ,http://www.reuters.com/article/nike-deal-ohiostateuniversity-idUSL3N14Y64P20160114
20160115†6:21PM UTC,Nike extends sponsorship deal with Ohio State University - WSJ,http://www.reuters.com/article/nike-deal-ohiostateuniversity-idUSL3N14Y64P
20160212†6:12PM UTC,Nike gets second chance to keep shoe patent in dispute with Adidas,http://www.reuters.com/article/ip-adidas-nike-idUSL2N15Q3F8
20160218†7:25PM UTC,Nike drops boxer Manny Pacquiao after anti-gay comments,http://www.reuters.com/article/philippines-pacquiao-nike-idUSL3N15X04K
20160218†3:57PM UTC,Nike drops boxer Manny Pacquiao after anti-gay comments,http://www.reuters.com/article/us-philippines-pacquiao-nike-idUSKCN0VQ2QC
20160218†3:55PM UTC,Nike drops boxer Manny Pacquiao after anti-gay comments,http://www.reuters.com/article/philippines-pacquiao-nike-idUSL3N15W58N
20160219†5:38AM UTC,Pacquiao may still win senatorship after losing Nike in anti-gay outburst,http://www.reuters.com/article/us-philippines-pacquiao-idUSKCN0VR16U
20160219†5:06AM UTC,Pacquiao may still win senatorship after losing Nike in anti-gay outburst,http://www.reuters.com/article/philippines-pacquiao-idUSL3N15X2P5
20160219†4:52AM UTC,Nike dumps Pacquiao over 'abhorrent' gay slur,http://www.reuters.com/news/video/videoStory?storyID=116122391
20160309†10:09AM UTC,"Sharapova fails drug test, Nike suspends ties",http://www.reuters.com/article/tennis-sharapova-idUSKCN0W92A1
20160309†12:30AM UTC,"UPDATE 8-Tennis-Sharapova fails drug test, Nike suspends ties",http://www.reuters.com/article/tennis-sharapova-idUSL1N16F1IE
20160317†7:58PM UTC,"Nike fitness app, new products get more personal",http://www.reuters.com/article/nike-tech-idUSL2N16O2RH
20160318†10:50PM UTC,"Nike fitness app, new products get more personal",http://www.reuters.com/article/us-nike-tech-idUSKCN0WJ00N
20160318†12:11PM UTC,Nike brand chief leaves door open to Sharapova after doping scandal,http://www.reuters.com/article/us-sport-doping-nike-idUSKCN0WJ25F
20160318†11:33AM UTC,Nike cancels launch of new Brazil jersey due to protests,http://www.reuters.com/article/us-brazil-corruption-nike-idUSKCN0WJ29O
20160318†11:31AM UTC,Nike cancels launch of new Brazil jersey due to protests,http://www.reuters.com/article/brazil-corruption-nike-idUSL2N16P0YS
20160318†10:39AM UTC,INTERVIEW-Nike brand chief leaves door open to Sharapova after doping scandal,http://www.reuters.com/article/sport-doping-nike-idUSL5N16G2DX
20160318†2:23PM UTC,Nike self-tying sneaker tech could go upscale too - Allaire,http://www.reuters.com/news/video/videoStory?storyID=117062815
20160323†6:44PM UTC,BRIEF-Nike expects reported revenue to grow at a high single digit rate in FY 2017 - Conf call,http://www.reuters.com/article/idUSFWN16U0N6
20160323†6:35PM UTC,UPDATE 2-Nike's revenue misses as strong dollar weighs,http://www.reuters.com/article/nike-results-idUSL3N16U4TF
20160323†4:21PM UTC,BRIEF-Nike reports Q3 earnings per share $0.55,http://www.reuters.com/article/idUSASC08HV2
20160323†4:20PM UTC,Nike quarterly sales rise 7.6 pct,http://www.reuters.com/article/nike-results-idUSL3N16U4T6
20160324†10:06AM UTC,Nike's revenue misses as strong dollar weighs,http://www.reuters.com/article/us-nike-results-idUSKCN0WO2YQ
20160324†9:10AM UTC,"Nike, Sports Direct sweating on profits",http://www.reuters.com/news/video/videoStory?storyID=117207773
20160422†6:29PM UTC,BRIEF-Nike announces strategic management changes,http://www.reuters.com/article/idUSL5N17O8C4
20160422†6:05PM UTC,BRIEF-Nike announces strategic management changes,http://www.reuters.com/article/idUSFWN17O16A
20160427†5:50PM UTC,"BRIEF-Nike Inc recommends shareholders to reject mini-tender"" offer""",http://www.reuters.com/article/idUSFWN17T0QZ
20160428†5:31AM UTC,Adidas raises 2016 outlook as it turns tables on Nike  ,http://www.reuters.com/article/us-adidas-outlook-idUSKCN0XO0CH
20160428†5:29AM UTC,UPDATE 2-Adidas raises 2016 outlook as it turns tables on Nike,http://www.reuters.com/article/adidas-outlook-idUSL5N17U18Z
20160512†4:38PM UTC,"Nike expands, adds to its paid family leave",http://www.reuters.com/article/us-nike-leave-idUSKCN0Y22JC
20160512†4:36PM UTC,"Nike expands, adds to its paid family leave",http://www.reuters.com/article/nike-leave-idUSL2N1880LU
20160512†9:25AM UTC,BRIEF-Nike sets bold vision and targets for 2020,http://www.reuters.com/article/idUSFWN1880XO
20160514†4:27PM UTC,BRIEF-Nike declares $0.16 qtrly dividend,http://www.reuters.com/article/idUSFWN18A151
20160518†8:35PM UTC,BRIEF-Nike said to agree to $87 million apparel deal with Chelsea- Bloomberg,http://www.reuters.com/article/idUSFWN18E0PT
20160522†8:41AM UTC,Barcelona agrees to kit deal extension with Nike,http://www.reuters.com/article/us-soccer-spain-fcb-sponsor-idUSKCN0YC0E1
20160522†7:11AM UTC,Soccer-Barcelona agree kit deal extension with Nike,http://www.reuters.com/article/soccer-spain-fcb-sponsor-idUSL3N18I09R
20160930†7:25AM UTC,New Adidas CEO sets off in pursuit of Nike,http://www.reuters.com/article/us-adidas-moves-ceo-idUSKCN11Z1DA
20160930†7:04AM UTC,CORRECTED-New Adidas CEO sets off in pursuit of Nike,http://www.reuters.com/article/adidas-moves-ceo-idUSL8N1BY49R
20160609†3:49PM UTC,BRIEF-Nike says sponsorship of Maria Sharapova no longer suspended - CNBC,http://www.reuters.com/article/idUSFWN1900KU
20160615†5:06PM UTC,"BRIEF-Nike names Craig Zanon VP, GM of Nike global basketball",http://www.reuters.com/article/idUSFWN1960JU
20160617†9:07AM UTC,REFILE-Adidas says beating Nike in Europe soccer boots battle,http://www.reuters.com/article/adidas-soccer-idUSF9N18H01H
20160622†9:33PM UTC,SoftBank founder's heir apparent Nikesh Arora to quit,http://www.reuters.com/article/us-softbank-pres-idUSKCN0Z71DL
20160622†11:46AM UTC,UPDATE 2-SoftBank founder's heir apparent Nikesh Arora to quit,http://www.reuters.com/article/softbank-pres-idUSL4N19D3JY
20160625†8:20AM UTC,BRIEF-Sprint Corp says Nikesh Arora notified company he will resign as director,http://www.reuters.com/article/idUSFWN19G07X
20160629†6:54PM UTC,BRIEF-Nike expects FY 2017 outlook largely in line with prior guidance,http://www.reuters.com/article/idUSFWN19K0Z1
20160629†6:49PM UTC,"Nike sales, forecast disappoint as Adidas gains ground",http://www.reuters.com/article/us-nike-results-idUSKCN0ZE2MQ
20160629†6:47PM UTC,"UPDATE 3-Nike sales, forecast disappoint as Adidas gains ground",http://www.reuters.com/article/nike-results-idUSL4N19K4OT
20160629†4:32PM UTC,BRIEF-Nike reports Q4 earnings per share $0.49,http://www.reuters.com/article/idUSASC08VIW
20160629†4:19PM UTC,Nike quarterly sales rise less than expected,http://www.reuters.com/article/nike-results-idUSL4N19K4MB
20160630†11:57AM UTC,"Breakingviews: Yeezy, Adidas suit up for Nike battle",http://www.reuters.com/news/video/videoStory?storyID=120074482
20160701†6:30PM UTC,Under Armour emulates Nike at Rio Olympics,http://www.reuters.com/article/idUS408672102320160630
20160701†5:11PM UTC,BRIEF-Nike appoints Tim Cook as lead independent director of Board,http://www.reuters.com/article/idUSFWN19M0Y5
20160719†4:39PM UTC,"BRIEF-Nike announces Steve Lesnard VP, GM of global running",http://www.reuters.com/article/idUSASC08X7W
20160719†8:03AM UTC,BRIEF-SoftBank CEO says negotiated ARM deal after Nikesh Arora's departure,http://www.reuters.com/article/idUSU8N19K006
20160722†4:32PM UTC,BRIEF-Nike files for debt shelf offering,http://www.reuters.com/article/idUSFWN1A70WO
20160722†8:31AM UTC,Nike optimistic for sales rebound in North America,http://www.reuters.com/article/us-nike-usa-idUSKCN1011NZ
20160722†8:30AM UTC,INTERVIEW-Nike optimistic for sales rebound in North America,http://www.reuters.com/article/nike-usa-idUSL8N1A53W2
20160726†4:41PM UTC,BRIEF-Nike's CEO FY 2016 total compensation $47.6 mln,http://www.reuters.com/article/idUSFWN1AB0QG
20160803†9:19AM UTC,BRIEF-Nike launches new Nike+ app,http://www.reuters.com/article/idUSFWN1AJ0N9
20160804†7:01PM UTC,Nike to exit golf equipment business,http://www.reuters.com/article/us-nike-golf-idUSKCN10E2SF
20160804†6:13PM UTC,Nike to exit golf equipment business,http://www.reuters.com/article/nike-golf-idUSL3N1AK5DU
20160804†5:56PM UTC,BRIEF-Nike to transition out of making golf equipment,http://www.reuters.com/article/idUSFWN1AK1BP
20160812†5:38PM UTC,BRIEF-Nike declares $0.16 quarterly dividend,http://www.reuters.com/article/idUSFWN1AS0SV
20160813†7:27PM UTC,Nike's stock falls behind rivals amid Rio Olympics,http://www.reuters.com/article/us-olympics-rio-nike-idUSKCN10N2AB
20160813†7:21PM UTC,UPDATE 1-Nike's stock falls behind rivals amid Rio Olympics,http://www.reuters.com/article/olympics-rio-nike-idUSL1N1AT27W
20160813†3:22PM UTC,Nike's stock falls behind rivals at Rio Olympics,http://www.reuters.com/article/olympics-rio-nike-idUSL1N1AS1YF
20160816†4:38PM UTC,"BRIEF-Soros fund management cuts stake in Amazon, dissolves Qualcomm, Nike",http://www.reuters.com/article/idUSFWN1AW0MX
20160819†4:59PM UTC,"BRIEF-Nike, Apollo Global in partnership for apparel manufacturing",http://www.reuters.com/article/idUSASC093NM
20160824†8:20AM UTC,Federal judge certifies class in security check lawsuit against Nike,http://www.reuters.com/article/usa-employment-classaction-idUSL1N1B40DJ
20160928†7:09PM UTC,Nike orders miss estimates as competition heats up,http://www.reuters.com/article/us-nike-results-idUSKCN11X2ET
20160928†7:08PM UTC,UPDATE 3-Nike orders miss estimates as competition heats up,http://www.reuters.com/article/nike-results-idUSL3N1C34IN
20160928†4:36PM UTC,BRIEF-Nike Q1 earnings per share $0.73,http://www.reuters.com/article/idUSASC099G1
20160928†4:30PM UTC,Nike's forecast for future orders misses estimate,http://www.reuters.com/article/nike-results-idUSL3N1C34HO
20160929†9:15AM UTC,Nike seen on track for long-run growth despite tough competition,http://www.reuters.com/article/us-nike-results-research-idUSKCN11Y1P0
20160929†9:08AM UTC,Nike seen on track for long-run growth despite tough competition,http://www.reuters.com/article/nike-results-research-idUSL3N1C4368
20161007†4:56PM UTC,"BRIEF-Nike says Tom Peddie becomes new VP, GM of North America",http://www.reuters.com/article/idUSASC09AGF
20161014†10:45AM UTC,Chelsea agree long-term kit deal with Nike,http://www.reuters.com/article/us-nike-sponsorship-chelsea-idUSKCN12D22T
20161014†10:43AM UTC,UPDATE 1-Soccer-Chelsea agree long-term kit deal with Nike,http://www.reuters.com/article/soccer-england-che-nike-idUSL4N1CJ4IJ
20161014†10:33AM UTC,Nike to become official kit supplier of Chelsea FC,http://www.reuters.com/article/nike-sponsorship-chelsea-idUSL4N1CJ4J5
20161014†10:07AM UTC,BRIEF-Nike to be official kit supplier to Chelsea FC from 2017/18 season,http://www.reuters.com/article/idUSFWN1CJ0RX
20161019†9:06AM UTC,BRIEF-Nike files for potential two-part dollar-denominated notes offering,http://www.reuters.com/article/idUSFWN1CO0MD
20161025†8:47AM UTC,"BRIEF-Apple says 'Apple Watch Nike+' will be available Friday, Oct. 28",http://www.reuters.com/article/idUSFWN1CU0PO
20161101†1:12PM UTC,"US STOCKS-M&A; flurry lifts S&P;, Nasdaq; Nike drags Dow",http://www.reuters.com/article/usa-stocks-idUSL4N1D14KS
20161101†10:02AM UTC,"US STOCKS-S&P;, Nasdaq higher, Dow dragged down by Nike",http://www.reuters.com/article/usa-stocks-idUSL4N1D148U
20161118†4:46PM UTC,BRIEF-Nike announces 13 pct increase in quarterly dividend,http://www.reuters.com/article/idUSFWN1DI0RG
20161207†8:15AM UTC,"BRIEF-Nike signs a 400 mln stg, 12-year extension to its existing deal with FA - Sky News, citing sources",http://www.reuters.com/article/idUSFWN1E10DP
20161221†6:51PM UTC,Nike revenue beats; sees rebound in basketball category,http://www.reuters.com/article/us-nike-results-idUSKBN1492LY
20161221†6:44PM UTC,UPDATE 2-Nike revenue beats; sees rebound in basketball category,http://www.reuters.com/article/nike-results-idUSL4N1EF4TS
20161221†6:16PM UTC,BRIEF-Nike CFO- Expect Q3 reported revenue to grow in mid single-digit range,http://www.reuters.com/article/idUSFWN1EF0SH
20161221†4:23PM UTC,Nike's revenue beats estimates,http://www.reuters.com/article/nike-results-idUSL4N1EA4LX
20161221†4:23PM UTC,"BRIEF-Nike reports,Q2 earnings per share $0.50",http://www.reuters.com/article/idUSASC09OGG
20170121†9:06AM UTC,BRIEF-Perry Ellis International enters into distribution agreements for Nike Swim in Latin America,http://www.reuters.com/article/idUSFWN1FA0IE
20170217†4:45PM UTC,BRIEF-Nike declares $0.18 quarterly dividend,http://www.reuters.com/article/idUSFWN1G10XN
20170309†5:13PM UTC,Nike to launch high-tech hijab for female Muslim athletes,http://www.reuters.com/article/us-nike-hijab-idUSKBN16F2N1
20170309†3:55PM UTC,Nike to launch high-tech hijab for female Muslim athletes,http://www.reuters.com/article/nike-hijab-idUSL2N1GL1FP
20170309†12:51PM UTC,"Adidas U.S. push keeps up pressure on Nike, Under Armour",http://www.reuters.com/article/us-adidas-results-idUSKBN16F0L1
20170309†6:25AM UTC,"UPDATE 3-Adidas U.S. push keeps up pressure on Nike, Under Armour",http://www.reuters.com/article/adidas-results-idUSL5N1GL0RX
20170118†3:01PM UTC,BRIEF-Nike Vision teams up with Kevin Durant for collaborative line of optical eyewear,http://www.reuters.com/article/idUSFWN1F70SV
20170118†11:40AM UTC,J.C. Penney to open Nike outlets in more than 600 stores,http://www.reuters.com/article/us-j-c-penney-stores-idUSKBN1512FY
20170118†11:37AM UTC,J.C. Penney to open Nike outlets in more than 600 stores,http://www.reuters.com/article/j-c-penney-stores-idUSL4N1F74M4
20170927†6:49PM UTC,Nike posts slowest quarterly sales growth in nearly 7 years,http://www.reuters.com/article/us-nike-results/nike-posts-slowest-quarterly-sales-growth-in-nearly-7-years-idUSKCN1C12YV
20170927†6:45PM UTC,UPDATE 3-Nike posts slowest quarterly sales growth in nearly 7 years,http://www.reuters.com/article/nike-results/update-3-nike-posts-slowest-quarterly-sales-growth-in-nearly-7-years-idUSL4N1M759U
20170927†4:34PM UTC,BRIEF-Nike Inc Q1 earnings per share $0.57,http://www.reuters.com/article/brief-nike-inc-q1-earnings-per-share-057/brief-nike-inc-q1-earnings-per-share-0-57-idUSASB0BKZC
20170927†4:24PM UTC,Nike's quarterly profit drops 24 pct,http://www.reuters.com/article/nike-results/nikes-quarterly-profit-drops-24-pct-idUSL4N1M759D
20170317†6:31AM UTC,"China consumer day show skewers Nike shoes, Muji foods",http://www.reuters.com/article/us-china-consumerday-idUSKBN16M17B
20170317†6:29AM UTC,"UPDATE 4-China consumer day show skewers Nike shoes, Muji foods",http://www.reuters.com/article/china-consumerday-idUSL3N1GS43C
20170317†2:36AM UTC,Nike called out for false marketing on China TV,http://www.reuters.com/news/video/videoStory?storyID=126987500
20170322†7:40PM UTC,Nike's revenue misses estimates as rivals gain ground,http://www.reuters.com/article/us-nike-results-idUSKBN16S2OJ
20170322†6:47PM UTC,UPDATE 3-Nike's revenue misses estimates as rivals gain ground,http://www.reuters.com/article/nike-results-idUSL3N1GY558
20170322†4:34PM UTC,BRIEF-Nike posts Q3 earnings per share $0.68,http://www.reuters.com/article/brief-nike-posts-q3-earnings-per-share-0-idUSASB0B6FA
20170322†4:24PM UTC,Nike reports lower-than-expected quarterly revenue,http://www.reuters.com/article/nike-results-idUSL3N1GY54A
20170323†10:03AM UTC,"US STOCKS-S&P;, Nasdaq little changed; Dow dragged down by Nike",http://www.reuters.com/article/usa-stocks-idUSL3N1GZ4F3
20170404†6:49AM UTC,McIlroy agrees new long-term deal with Nike,http://www.reuters.com/article/us-golf-mcilroy-nike/mcilroy-agrees-new-long-term-deal-with-nike-idUSKBN17511Y
20170404†6:43AM UTC,Golf-McIlroy agrees new long-term deal with Nike,http://www.reuters.com/article/golf-mcilroy-nike/golf-mcilroy-agrees-new-long-term-deal-with-nike-idUSL3N1HB3B0
20170425†7:05AM UTC,BRIEF-Nike says board approved amendments to company's third restated bylaws,http://www.reuters.com/article/brief-nike-says-board-approved-amendment/brief-nike-says-board-approved-amendments-to-companys-third-restated-bylaws-idUSFWN1HW0BE
20170426†6:59AM UTC,"Athletics: Bekele was not wearing 'Breaking2 shoes', say Nike",http://www.reuters.com/article/us-athletics-london-bekele/athletics-bekele-was-not-wearing-breaking2-shoes-say-nike-idUSKBN17R17S
20170426†6:56AM UTC,"Athletics-Bekele was not wearing 'Breaking2 shoes', say Nike",http://www.reuters.com/article/athletics-london-bekele/athletics-bekele-was-not-wearing-breaking2-shoes-say-nike-idUSL4N1HX3W5
20170503†10:00PM UTC,RPT-FEATURE-Athletics-Nike's African trio target sub-two hour marathon,http://www.reuters.com/article/athletics-marathon-breaking2/rpt-feature-athletics-nikes-african-trio-target-sub-two-hour-marathon-idUSL4N1I44DE
20170503†6:29AM UTC,Nike's African trio target sub-two hour marathon,http://www.reuters.com/article/us-athletics-marathon-breaking2/nikes-african-trio-target-sub-two-hour-marathon-idUSKBN17Y11H
20170503†6:00AM UTC,FEATURE-Athletics-Nike's African trio target sub-two hour marathon,http://www.reuters.com/article/athletics-marathon-breaking2/feature-athletics-nikes-african-trio-target-sub-two-hour-marathon-idUSL4N1I333P
20170505†11:24AM UTC,Adidas outpaces Nike in North America and China,http://www.reuters.com/article/us-adidas-results/adidas-outpaces-nike-in-north-america-and-china-idUSKBN1800GT
20170505†6:06AM UTC,UPDATE 3-Adidas outpaces Nike in North America and China,http://www.reuters.com/article/adidas-results/update-3-adidas-outpaces-nike-in-north-america-and-china-idUSL8N1I613Y
20170510†6:31AM UTC,BRIEF-AIK Fotboll starts new cooperation with Nike from 2018,http://www.reuters.com/article/brief-aik-fotboll-starts-new-cooperation/brief-aik-fotboll-starts-new-cooperation-with-nike-from-2018-idUSFWN1IB0GO
20170512†4:22PM UTC,BRIEF-Nike declares $0.18 quarterly dividend,http://www.reuters.com/article/brief-nike-declares-018-quarterly-divide/brief-nike-declares-0-18-quarterly-dividend-idUSFWN1ID15H
20170615†12:59PM UTC,"Nike, Sanrio, Universal Studios face EU probe over online sales",http://www.reuters.com/article/eu-nike-sanrio-antitrust/nike-sanrio-universal-studios-face-eu-probe-over-online-sales-idUSL1N1JB1EM
20170615†11:09AM UTC,"Nike, Sanrio, Universal Studios face EU probe over online sales",http://www.reuters.com/article/us-eu-nike-sanrio-antitrust/nike-sanrio-universal-studios-face-eu-probe-over-online-sales-idUSKBN19513S
20170615†11:04AM UTC,"UPDATE 3-Nike, Sanrio, Universal Studios face EU probe over online sales",http://www.reuters.com/article/eu-nike-sanrio-antitrust/update-3-nike-sanrio-universal-studios-face-eu-probe-over-online-sales-idUSL8N1JB282
20170615†5:50AM UTC,"EU to investigate Nike, Sanrio, Universal Studios over licensing practices",http://www.reuters.com/article/eu-nike-sanrio-antitrust/eu-to-investigate-nike-sanrio-universal-studios-over-licensing-practices-idUSL8N1JB24K
20170616†3:59PM UTC,"Nike to cut 2 percent of workforce, eliminate shoe styles",http://www.reuters.com/article/us-nike-restructuring/nike-to-cut-2-percent-of-workforce-eliminate-shoe-styles-idUSKBN1961S0
20170616†11:16AM UTC,"UPDATE 2-Nike to cut 2 pct of workforce, eliminate shoe styles",http://www.reuters.com/article/nike-restructuring/update-2-nike-to-cut-2-pct-of-workforce-eliminate-shoe-styles-idUSL3N1JC4H0
20170616†9:40AM UTC,"Nike to cut 2 pct of workforce, simplify organizational structure",http://www.reuters.com/article/nike-restructuring/nike-to-cut-2-pct-of-workforce-simplify-organizational-structure-idUSL3N1JC4G6
20170616†9:17AM UTC,"BRIEF-Nike says ‚Äçintroduced consumer direct offense, a company alignment that allows to better serve consumer personally",http://www.reuters.com/article/brief-nike-says-introduced-consumer-dire/brief-nike-says-introduced-consumer-direct-offense-a-company-alignment-that-allows-to-better-serve-consumer-personally-idUSFWN1JC0G3
20170616†3:17PM UTC,"Nike to cut 1,400 jobs",http://www.reuters.com/news/video/videoStory?storyID=129793535
20170622†11:28AM UTC,Nike close to selling directly on Amazon: Goldman Sachs,http://www.reuters.com/article/us-nike-strategy-amazon-com/nike-close-to-selling-directly-on-amazon-goldman-sachs-idUSKBN19C21C
20170622†11:02AM UTC,Nike close to selling directly on Amazon - Goldman Sachs,http://www.reuters.com/article/nike-strategy-amazoncom/nike-close-to-selling-directly-on-amazon-goldman-sachs-idUSL3N1JI40O
20170630†6:25PM UTC,UPDATE 2-Nike to launch pilot program with Amazon; results top estimates,http://www.reuters.com/article/nike-results/update-2-nike-to-launch-pilot-program-with-amazon-results-top-estimates-idUSL3N1JQ5N8
20170630†6:23PM UTC,Nike to launch pilot program with Amazon; results top estimates,http://www.reuters.com/article/us-nike-results/nike-to-launch-pilot-program-with-amazon-results-top-estimates-idUSKBN19K2XA
20170630†4:24PM UTC,Nike posts higher-than-expected quarterly revenue,http://www.reuters.com/article/nike-results/nike-posts-higher-than-expected-quarterly-revenue-idUSL3N1JQ5LN
20170630†4:18PM UTC,BRIEF-Nike Q4 earnings per share $0.60,http://www.reuters.com/article/brief-nike-q4-earnings-per-share-060/brief-nike-q4-earnings-per-share-0-60-idUSASA09VMS
20170701†8:25PM UTC,Nike in multi-year deal to supply Tottenham kit,http://www.reuters.com/article/us-soccer-england-tot-kit/nike-in-multi-year-deal-to-supply-tottenham-kit-idUSKBN19M31N
20170701†8:13PM UTC,Soccer-Nike in multi-year deal to supply Tottenham kit,http://www.reuters.com/article/soccer-england-tot-kit/soccer-nike-in-multi-year-deal-to-supply-tottenham-kit-idUSL3N1JS00A
20170701†2:13PM UTC,Nike-Amazon deal may hurt sporting goods retailers: analysts,http://www.reuters.com/article/us-nike-amazon-com/nike-amazon-deal-may-hurt-sporting-goods-retailers-analysts-idUSKBN19L2LO
20170701†2:06PM UTC,Nike-Amazon deal may hurt sporting goods retailers - analysts,http://www.reuters.com/article/nike-amazoncom/nike-amazon-deal-may-hurt-sporting-goods-retailers-analysts-idUSL3N1JR50S
20170701†1:00PM UTC,"US STOCKS-Nike lifts S&P;, Dow; biotechs limit gains on Nasdaq",http://www.reuters.com/article/usa-stocks/us-stocks-nike-lifts-sp-dow-biotechs-limit-gains-on-nasdaq-idUSL3N1JR50L
20170701†11:28AM UTC,"US STOCKS-Nike lifts Dow, S&P; tech stocks weigh on Nasdaq",http://www.reuters.com/article/usa-stocks/us-stocks-nike-lifts-dow-sp-tech-stocks-weigh-on-nasdaq-idUSL3N1JR4VC
20170701†10:30AM UTC,Nike to sell shoes on Amazon,http://www.reuters.com/news/video/videoStory?storyID=130438710
20170708†4:37PM UTC,BRIEF-Nike's Philip Knight reports acquisition co's stock as a result of a private pro rata distribution from Swoosh,http://www.reuters.com/article/brief-nikes-philip-knight-reports-acquis/brief-nikes-philip-knight-reports-acquisition-cos-stock-as-a-result-of-a-private-pro-rata-distribution-from-swoosh-idUSFWN1JY0M2
20170719†5:01PM UTC,"BRIEF-Nike Inc appoints Monique Matheson as new EVP, global human resources",http://www.reuters.com/article/brief-nike-inc-appoints-monique-matheson/brief-nike-inc-appoints-monique-matheson-as-new-evp-global-human-resources-idUSASB0B9JF
20170726†6:15PM UTC,BRIEF-Nike CEO Mark Parker's 2017 total compensation $13.9 mln vs $47.6 mln in 2016 - SEC filing,http://www.reuters.com/article/brief-nike-ceo-mark-parkers-2017-total-c/brief-nike-ceo-mark-parkers-2017-total-compensation-13-9-mln-vs-47-6-mln-in-2016-sec-filing-idUSFWN1KG10Q
20170811†4:26PM UTC,BRIEF-Nike declares $0.18 quarterly dividend,http://www.reuters.com/article/brief-nike-declares-018-quarterly-divide/brief-nike-declares-0-18-quarterly-dividend-idUSFWN1KW1AN
20170914†6:35PM UTC,Judge tosses workers' class action against Nike over security checks,http://www.reuters.com/article/employment-nike/judge-tosses-workers-class-action-against-nike-over-security-checks-idUSL2N1LU2C7
20170923†4:32PM UTC,"BRIEF-Nike says ‚Äçphyllis Wise, director, notified co of her decision not to stand for re-election as director at co's 2017 annual meeting of shareholders‚Äã",http://www.reuters.com/article/brief-nike-says-phyllis-wise-director-no/brief-nike-says-phyllis-wise-director-notified-co-of-her-decision-not-to-stand-for-re-election-as-director-at-cos-2017-annual-meeting-of-shareholders-idUSFWN1M30N0
20170926†5:33PM UTC,BRIEF-Nike Inc recasts segment financials in connection with the consumer direct offense,http://www.reuters.com/article/brief-nike-inc-recasts-segment-financial/brief-nike-inc-recasts-segment-financials-in-connection-with-the-consumer-direct-offense-idUSFWN1M60TP
20170928†10:17AM UTC,Nike's road to recovery in North America likely a long one,http://www.reuters.com/article/us-nike-results-research/nikes-road-to-recovery-in-north-america-likely-a-long-one-idUSKCN1C21LY
20170928†10:16AM UTC,UPDATE 1-Nike's road to recovery in North America likely a long one,http://www.reuters.com/article/nike-results-research/update-1-nikes-road-to-recovery-in-north-america-likely-a-long-one-idUSL4N1M848V
20170928†8:26AM UTC,Nike's road to recovery in North America likely a long one,http://www.reuters.com/article/nike-results-research/nikes-road-to-recovery-in-north-america-likely-a-long-one-idUSL4N1M83SS
20171026†7:33PM UTC,BRIEF-Nike expects average ROIC in low 30 percent range over next 5 years,http://www.reuters.com/article/brief-nike-expects-average-roic-in-low-3/brief-nike-expects-average-roic-in-low-30-percent-range-over-next-5-years-idUSFWN1N01K9
20171026†6:57PM UTC,BRIEF-Nike expects EPS to grow in the mid-teens over the next five years ‚Äç‚Äã,http://www.reuters.com/article/brief-nike-expects-eps-to-grow-in-the-mi/brief-nike-expects-eps-to-grow-in-the-mid-teens-over-the-next-five-years-idUSFWN1N01A4
20171026†4:03PM UTC,"Nike gives upbeat forecast at investor conference, shares rise",http://www.reuters.com/article/us-nike-outlook/nike-gives-upbeat-forecast-at-investor-conference-shares-rise-idUSKBN1CU2XW
