https://www.theguardian.com/business/2014/jan/02/john-lewis-christmas-rise-sales,2014-01-02T00:01:00Z
https://www.theguardian.com/business/economics-blog/2014/jan/06/capitalism-bright-future-innovation-hope,2014-01-06T13:33:48Z
https://www.theguardian.com/business/2014/jan/19/tech-firms-attempt-halt-tax-avoidance-reforms,2014-01-19T21:30:26Z
https://www.theguardian.com/business/2014/jan/21/davos-2014-pm-ceo-goldie-hawn-matt-damon-bono,2014-01-21T18:57:40Z
https://www.theguardian.com/business/2014/jan/22/christies-record-breaking-year-auction,2014-01-22T19:01:53Z
https://www.theguardian.com/business/2014/jan/23/davos-2014-meditation-goldie-hawn,2014-01-23T19:27:01Z
https://www.theguardian.com/business/2014/jan/28/angela-ahrendts-melinda-gates-made-dames,2014-01-28T21:08:06Z
https://www.theguardian.com/business/2014/jan/28/gdp-data-uk-growth-recovery-osborne-business-live,2014-01-28T17:41:17Z
https://www.theguardian.com/business/marketforceslive/2014/jan/28/ftse-recovers-f-and-c-bid-hopes-arm-down,2014-01-28T17:13:50Z
https://www.theguardian.com/business/2014/jan/29/samsung-60-stores-europe-partnership-carphone-warehouse-apple,2014-01-29T13:46:19Z
https://www.theguardian.com/business/2014/feb/04/markets-slide-nikkei-europe-ftse-business-live,2014-02-04T18:00:17Z
https://www.theguardian.com/business/marketforceslive/2014/feb/04/ftse-slips-arm-down-aberdeen-climbs,2014-02-04T17:20:00Z
https://www.theguardian.com/business/marketforceslive/2014/feb/04/arm-smartphone-slowdown-ftse-falls,2014-02-04T09:43:49Z
https://www.theguardian.com/business/marketforceslive/2014/feb/07/ftse-bright-end-non-farm-payrolls,2014-02-07T16:53:37Z
https://www.theguardian.com/business/2014/feb/09/patagonias-new-ceo-you-should-build-a-product-that-lasts,2014-02-09T17:00:50Z
https://www.theguardian.com/business/marketforceslive/2014/feb/11/imagination-technologies-mediatek-arm,2014-02-11T10:52:29Z
https://www.theguardian.com/business/2014/feb/17/japan-weak-growth-exports-gdp,2014-02-17T14:22:46Z
https://www.theguardian.com/business/blog/2014/feb/20/facebook-to-buy-whatsapp-for-19bn-live,2014-02-20T15:47:06Z
https://www.theguardian.com/business/2014/feb/24/dixons-carphone-warehouse-merger-talks,2014-02-24T22:40:00Z
https://www.theguardian.com/business/blog/2014/feb/24/g20s-2tn-growth-pledge-fails-to-cheer-markets-business-live,2014-02-24T19:06:46Z
https://www.theguardian.com/business/2014/feb/25/conflict-gold-global-market-trading-kaloti,2014-02-26T00:53:00Z
https://www.theguardian.com/business/2014/mar/04/vince-cable-considers-female-only-shortlists-city-jobs,2014-03-04T00:01:00Z
https://www.theguardian.com/environment/2014/mar/10/innovators-economic-future-uk-business,2014-03-10T00:23:31Z
https://www.theguardian.com/business/2014/mar/16/sugru-inventor-jane-ni-dhulchaointigh,2014-03-16T18:40:24Z
https://www.theguardian.com/education/2014/mar/23/rise-open-source-coder-generation-coderdojo,2014-03-23T19:56:36Z
https://www.theguardian.com/business/2014/mar/23/austerity-winner-osborne-pre-election-giveaways-budget-2015-election,2014-03-23T00:05:40Z
https://www.theguardian.com/business/2014/mar/30/wonga-chairman-step-down-fca-crack-down-payday-lenders,2014-03-30T18:14:21Z
https://www.theguardian.com/world/2014/mar/30/humanitarian-drones-medical-supplies-no-roads-technology,2014-03-30T14:12:34Z
https://www.theguardian.com/business/2014/mar/31/caterpillar-avoid-4billion-us-taxes-senate-report,2014-03-31T21:00:28Z
https://www.theguardian.com/business/2014/apr/07/burberry-boss-dame-commander-angela-ahrendts-vince-cable,2014-04-06T23:01:01Z
https://www.theguardian.com/business/2014/apr/06/innovators-hull-bitcoin-spinoff-economy,2014-04-06T12:21:29Z
https://www.theguardian.com/business/2014/apr/09/hewlett-packard-108m-corruption-government-it-us-bribery,2014-04-09T21:28:21Z
https://www.theguardian.com/business/2014/apr/09/europe-economy-difficult-spring-russia-ukraine,2014-04-09T14:15:08Z
https://www.theguardian.com/business/2014/apr/10/tech-stocks-drop-markets-worry-fed-stimulus,2014-04-10T19:29:56Z
https://www.theguardian.com/business/2014/apr/13/tesco-philip-clarke-results,2014-04-12T23:05:38Z
https://www.theguardian.com/business/2014/apr/16/starbucks-hq-relocation-uk-generate-negligible-tax-revenue,2014-04-16T19:26:17Z
https://www.theguardian.com/business/blog/2014/apr/16/tesco-profits-fall-6-percent-business-live,2014-04-16T15:16:37Z
https://www.theguardian.com/business/2014/apr/16/burberry-asia-sales-growth-angela-ahrendts,2014-04-16T07:38:04Z
https://www.theguardian.com/business/2014/apr/23/apple-facebook-earnings-markets-tech-bubble,2014-04-23T17:05:35Z
https://www.theguardian.com/business/2014/apr/23/rochdale-pioneers-paul-flowers-co-operative-debts,2014-04-23T16:36:00Z
https://www.theguardian.com/business/marketforceslive/2014/apr/23/ftse-100-drifts-lower-arm-disappoints,2014-04-23T15:54:25Z
https://www.theguardian.com/business/marketforceslive/2014/apr/23/arm-disappointing-first-quarter-ftse-steady,2014-04-23T09:01:30Z
https://www.theguardian.com/business/2014/apr/24/barclays-agm-protests-shareholders-pay-bonuses,2014-04-24T19:22:00Z
https://www.theguardian.com/business/blog/2014/apr/24/apple-and-facebook-results-calm-fears-barclays-agm-live,2014-04-24T16:49:31Z
https://www.theguardian.com/business/marketforceslive/2014/apr/24/ftse-seven-week-high-tech-healthcare-ukraine,2014-04-24T15:58:45Z
https://www.theguardian.com/business/2014/apr/24/angela-ahrendts-start-date-apple-shares-burberry-investors,2014-04-24T13:34:19Z
https://www.theguardian.com/business/gallery/2014/apr/24/barclays-agm-protests-pay-bonuses,2014-04-24T12:38:12Z
https://www.theguardian.com/business/nils-pratley-on-finance/2014/apr/25/bonus-cap-treasury-rbs-pay,2014-04-25T18:45:42Z
https://www.theguardian.com/business/blog/2014/apr/25/markets-wobble-on-ukraine-tensions-live,2014-04-25T16:35:37Z
https://www.theguardian.com/business/marketforceslive/2014/apr/25/ftse-falls-ukraine-crisis-healthcare-deals,2014-04-25T16:24:03Z
https://www.theguardian.com/business/marketforceslive/2014/apr/25/ftse-falters-ukraine-russia-tullow-dry-well,2014-04-25T08:35:25Z
https://www.theguardian.com/business/marketforceslive/2014/apr/29/wolfson-microelectronics-takeover-cirrus-logic,2014-04-29T10:19:18Z
https://www.theguardian.com/business/2014/may/01/women-must-cheer-on-each-other-equal-society-stella-creasy-top-jobs-sexim,2014-04-30T23:02:00Z
https://www.theguardian.com/business/2014/may/01/angela-ahrendts-departs-burberry-apple-two-bonuses,2014-05-01T19:24:19Z
https://www.theguardian.com/business/2014/may/02/waitrose-supermarket-discounters-upmarket-offers,2014-05-02T18:02:46Z
https://www.theguardian.com/business/2014/may/04/innovators-mcam-knowledge-underwriter-value-intangible-assets-intellectual-property,2014-05-04T13:11:17Z
https://www.theguardian.com/business/2014/may/06/apple-angela-ahrendts-68m-dollars-shares,2014-05-06T09:03:03Z
https://www.theguardian.com/business/2014/may/07/candy-crush-developer-shares-fall-13-percent-wall-street-king-digital,2014-05-07T16:39:49Z
https://www.theguardian.com/business/2014/may/14/burberry-christopher-bailey-ceo-golden-hello,2014-05-14T19:26:54Z
https://www.theguardian.com/business/2014/may/15/carphone-warehouse-dixons-agree-merger,2014-05-15T07:10:24Z
https://www.theguardian.com/business/2014/may/22/mcdonalds-ceo-protesters-headquarters-agm-chicago,2014-05-22T16:20:20Z
https://www.theguardian.com/business/marketforceslive/2014/may/22/ftse-unchanged-pmi-arm-imagination,2014-05-22T15:54:38Z
https://www.theguardian.com/business/2014/may/30/asda-to-use-underground-storage-for-apples,2014-05-30T19:55:56Z
https://www.theguardian.com/global-development/2014/jun/01/how-disaster-inspired-lifesaving-water-filtration-invention,2014-06-01T20:00:15Z
https://www.theguardian.com/business/2014/jun/02/walmart-fortune-500-revenue,2014-06-02T17:00:53Z
https://www.theguardian.com/business/2014/jun/06/vodafone-reveals-secret-wires-allowing-state-surveillance,2014-06-05T23:37:00Z
https://www.theguardian.com/business/2014/jun/05/burberry-boss-awarded-almost-15m-in-company-shares,2014-06-05T18:12:40Z
https://www.theguardian.com/business/2014/jun/06/king-digital-entertainment-ceo-riccardo-zaconni,2014-06-06T13:33:41Z
https://www.theguardian.com/business/2014/jun/07/inside-murky-world-high-frequency-trading,2014-06-07T08:00:00Z
https://www.theguardian.com/business/marketforceslive/2014/jun/10/ftse-dips-sabmiller-smith-nephew-rise,2014-06-10T15:53:41Z
https://www.theguardian.com/business/2014/jun/10/oil-rig-builder-lamprell-shareholder-revolt-pay,2014-06-10T15:53:29Z
https://www.theguardian.com/business/2014/jun/11/apple-starbucks-fiat-tax-affairs-european-commission,2014-06-11T20:03:53Z
https://www.theguardian.com/business/blog/2014/jun/11/uk-unemployment-real-wages-uk-world-bank-live,2014-06-11T16:55:05Z
https://www.theguardian.com/business/2014/jun/12/kipper-williams-on-brussels-tax-probe,2014-06-12T10:25:55Z
https://www.theguardian.com/business/2014/jun/13/miele-boss-family-business-four-generations,2014-06-13T12:10:19Z
https://www.theguardian.com/business/2014/jun/15/european-commission-tax-havens-uk-apple-starbucks-fiat,2014-06-14T23:05:28Z
https://www.theguardian.com/business/2014/jun/19/waitrose-best-supermarket-which-awards-john-lewis,2014-06-19T16:47:30Z
https://www.theguardian.com/business/2014/jul/02/london-house-prices-nationwide-spain-unemployment-live,2014-07-02T17:11:43Z
https://www.theguardian.com/business/2014/jul/02/norwegian-low-cost-transatlantic-flight-gatwick-la,2014-07-02T15:29:15Z
https://www.theguardian.com/business/2014/jul/11/burberry-shareholders-revolt-christian-bailey-pay-package,2014-07-11T12:13:09Z
https://www.theguardian.com/business/2014/jul/14/corporate-inversion-moving-head-office-tax-purposes,2014-07-14T15:25:46Z
https://www.theguardian.com/business/2014/jul/20/glaxosmithkline-china-second-quarter-results,2014-07-19T23:04:00Z
https://www.theguardian.com/business/2014/jul/20/plugs-revolution-mu-foldable-slimline,2014-07-20T08:00:00Z
https://www.theguardian.com/business/2014/jul/21/barclays-deutsche-bank-tax-rules-report,2014-07-21T21:00:05Z
https://www.theguardian.com/business/2014/jul/22/credit-suisse-loss-tax-evasion-uk-public-finances-us-inflation-live,2014-07-22T16:12:22Z
https://www.theguardian.com/business/marketforceslive/2014/jul/22/arm-profits-rise-markets-recover-from-ukraine,2014-07-22T08:40:28Z
https://www.theguardian.com/business/marketforceslive/2014/jul/31/ftse-100-argentina-default-us-interest-rates,2014-07-31T16:02:24Z
https://www.theguardian.com/business/2014/aug/10/itv-profits-producing-hits-primetime-star-bid-content,2014-08-09T23:05:39Z
https://www.theguardian.com/business/2014/aug/11/norway-sovereign-wealth-fund-london-landmarks,2014-08-11T14:54:40Z
https://www.theguardian.com/lifeandstyle/2014/aug/11/footwear-brand-vans-skatepark-london-waterloo-station,2014-08-11T14:18:13Z
https://www.theguardian.com/business/blog/live/2014/aug/15/markets-end-week-on-a-higher-note-business-live,2014-08-15T14:04:01Z
https://www.theguardian.com/business/marketforceslive/2014/aug/18/ftse-higher-ukraine-hopes-arm-goldman-buy-note,2014-08-18T16:18:54Z
https://www.theguardian.com/business/marketforceslive/2014/aug/20/imagination-technologies-apple-motorola-currency,2014-08-20T09:23:14Z
https://www.theguardian.com/business/2014/aug/20/apple-shares-burst-through-the-100-barrier-ahead-of-iphone-6-launch,2014-08-20T08:28:16Z
https://www.theguardian.com/business/marketforceslive/2014/aug/22/ftse-downbeat-apple-climbs-vodafone-higher,2014-08-22T15:50:09Z
https://www.theguardian.com/business/2014/aug/24/laserlight-lifesaver-cyclists-emily-brooke,2014-08-24T13:52:43Z
https://www.theguardian.com/business/2014/aug/26/burger-king-calls-obamas-bluff-tax,2014-08-26T18:42:00Z
https://www.theguardian.com/world/2014/aug/31/us-government-helpless-tax-avoiding-corporations-cross-border-canada-burger-king,2014-08-31T08:05:00Z
https://www.theguardian.com/business/2014/sep/02/nissan-andy-palmer-aston-martin,2014-09-02T15:45:53Z
https://www.theguardian.com/business/blog/2014/sep/06/nils-pratley-ftse-tesco-scottish-yes-vote-investment,2014-09-05T23:00:11Z
https://www.theguardian.com/business/2014/sep/07/post-office-digital-automation-online-shopping,2014-09-06T23:05:35Z
https://www.theguardian.com/business/marketforceslive/2014/sep/08/arm-up-apple-launch-ftse-scottish-jitters,2014-09-08T16:51:57Z
https://www.theguardian.com/business/live/2014/sep/10/mark-carney-scotland-markets-pound-business-live,2014-09-10T18:47:13Z
https://www.theguardian.com/business/2014/sep/14/alibaba-ipo-jack-ma-genie-e-commerce,2014-09-13T23:05:00Z
https://www.theguardian.com/business/2014/sep/14/office-designs-apple-bbc-google,2014-09-14T13:48:00Z
https://www.theguardian.com/business/blog/live/2014/sep/15/stock-markets-and-oil-price-chinese-factory-data-oecd-business-live,2014-09-15T16:49:30Z
https://www.theguardian.com/business/live/2014/sep/16/uk-inflation-below-bank-of-england-target-business-live,2014-09-16T16:20:37Z
https://www.theguardian.com/money/2014/sep/16/international-tax-rule-updates-g20-countries,2014-09-16T12:07:00Z
https://www.theguardian.com/business/marketforceslive/2014/sep/16/arm-imagination-iqe-iomart-down-after-nasdaq-fall,2014-09-16T10:23:08Z
https://www.theguardian.com/business/marketforceslive/2014/sep/17/ftse-100-scottish-vote-federal-reserve-smiths,2014-09-17T15:57:30Z
https://www.theguardian.com/business/2014/sep/18/fortune-magazine-most-powerful-businesswomen-2014,2014-09-18T18:38:44Z
https://www.theguardian.com/business/2014/sep/18/phones-4u-investors-bonds-debt-rescue-denied,2014-09-18T17:45:13Z
https://www.theguardian.com/business/2014/sep/18/fruit-growers-russian-sanctions-vegetables,2014-09-18T14:20:18Z
https://www.theguardian.com/business/live/2014/sep/19/alibaba-ipo-nyse-stock-price-live-updates,2014-09-19T20:38:00Z
https://www.theguardian.com/business/2014/sep/19/john-lewis-slump-fashion-sales-brits-wait-wear-winter-coats,2014-09-19T12:17:00Z
https://www.theguardian.com/business/2014/sep/23/astrazenca-shares-fall-obama-thwarts-tax-inversion-deals,2014-09-23T10:16:46Z
https://www.theguardian.com/business/marketforceslive/2014/sep/25/ftse-100-falls-interest-rate-economy-russia,2014-09-25T15:59:25Z
https://www.theguardian.com/business/marketforceslive/2014/sep/26/ftse-worst-week-since-june-2013,2014-09-26T15:58:16Z
https://www.theguardian.com/business/2014/sep/29/kipper-williams-on-apples-tax-planning,2014-09-29T18:07:17Z
https://www.theguardian.com/business/live/2014/sep/29/soaring-debt-levels-could-trigger-next-crisis-economists-warn-business-live,2014-09-29T16:17:59Z
https://www.theguardian.com/business/nils-pratley-on-finance/2014/sep/30/next-share-price-drops-sun-still-shining,2014-09-30T19:13:26Z
https://www.theguardian.com/business/2014/sep/30/kipper-williams-on-apples-tax-and-ireland,2014-09-30T18:21:45Z
https://www.theguardian.com/business/live/2014/sep/30/eurozone-inflation-unemployment-data-house-prices-next-weather-business-live,2014-09-30T16:28:26Z
https://www.theguardian.com/business/2014/oct/05/tough-talk-tax-means-nothing-country-does-different-things,2014-10-04T23:05:00Z
https://www.theguardian.com/business/2014/oct/07/rise-fall-samsung,2014-10-07T18:11:46Z
https://www.theguardian.com/business/2014/oct/07/samsung-slump-smartphone-blackberry-nokia,2014-10-07T17:54:39Z
https://www.theguardian.com/business/nils-pratley-on-finance/2014/oct/09/royal-mail-sale-apple-shares,2014-10-09T18:44:48Z
https://www.theguardian.com/business/live/2014/oct/09/german-exports-tumble-bank-of-england-imf-lagarde-draghi-business-live,2014-10-09T16:53:58Z
https://www.theguardian.com/business/2014/oct/13/ireland-close-double-irish-tax-loophole,2014-10-13T15:50:31Z
https://www.theguardian.com/business/2014/oct/14/cupcake-chain-crumbs-marks-rebirth-with-launch-of-croissant-bagel-hybrid,2014-10-14T16:02:26Z
https://www.theguardian.com/business/2014/oct/19/apple-record-breaking-revenues,2014-10-19T18:53:07Z
https://www.theguardian.com/business/marketforceslive/2014/oct/20/ftse-falters-after-bright-start-as-oil-and-technology-companies-drag-down-market,2014-10-20T16:15:11Z
https://www.theguardian.com/business/live/2014/oct/21/china-growth-slows-uk-public-finances-business-live,2014-10-21T16:39:28Z
https://www.theguardian.com/business/marketforceslive/2014/oct/21/ftse-rebounds-on-ecb-bond-buying-talk-but-arm-drops-5-after-update,2014-10-21T16:12:22Z
https://www.theguardian.com/business/marketforceslive/2014/oct/21/ftse-100-revives-but-reckitt-drops-after-disappointing-update,2014-10-21T09:04:30Z
https://www.theguardian.com/business/2014/oct/21/tasmanias-grip-on-opium-poppy-industry-weakens-as-plant-moves-north,2014-10-21T04:18:08Z
https://www.theguardian.com/business/marketforceslive/2014/oct/22/ftse-heads-higher-with-smith-nephew-lifted-by-deal-hopes,2014-10-22T16:02:09Z
https://www.theguardian.com/business/marketforceslive/2014/oct/22/health-specialist-fitbug-races-ahead-after-deals-with-sainsbury-and-target,2014-10-22T11:18:53Z
https://www.theguardian.com/business/2014/oct/26/ben-jerrys-annies-lessons-sell-your-startup,2014-10-26T16:30:02Z
https://www.theguardian.com/technology/2014/oct/28/att-charged-misleading-customers-unlimited-data-plans,2014-10-28T21:23:54Z
https://www.theguardian.com/business/2014/oct/29/medical-marijuana-business-new-york,2014-10-29T12:00:11Z
https://www.theguardian.com/business/marketforceslive/2014/oct/30/imagination-technologies-drops-on-competition-concerns,2014-10-30T12:41:09Z
https://www.theguardian.com/business/2014/nov/02/people-power-not-enough-regulator-punish-businesses,2014-11-02T00:05:07Z
https://www.theguardian.com/business/2014/nov/03/bond-market-matters-talking-stocks,2014-11-03T15:24:18Z
https://www.theguardian.com/money/2014/nov/03/profiting-from-ebola-is-it-immoral-to-invest-in-companies-that-benefit-from-pandemics,2014-11-03T13:30:06Z
https://www.theguardian.com/money/2014/nov/03/smart-persons-guide-investing-exuberant-stock-market,2014-11-03T12:45:05Z
https://www.theguardian.com/business/live/2014/nov/04/nikkei-hits-seven-year-high-ec-forecasts-uk-construction-live,2014-11-04T17:42:20Z
https://www.theguardian.com/business/2014/nov/04/alibaba-chinese-internet-giant-strong-growth-figures,2014-11-04T17:01:48Z
https://www.theguardian.com/business/2014/nov/05/what-do-you-want-to-know-about-luxembourgs-multi-billion-dollar-tax-secrets,2014-11-05T21:39:08Z
https://www.theguardian.com/business/2014/nov/05/-sp-luxembourg-tax-files-tax-avoidance-industrial-scale,2014-11-05T21:01:49Z
https://www.theguardian.com/business/2014/nov/05/vince-cable-invention-grant-uk,2014-11-05T09:30:08Z
https://www.theguardian.com/business/2014/nov/09/ireland-hi-tech-hub-double-irish-scrapped,2014-11-09T00:05:04Z
https://www.theguardian.com/business/marketforceslive/2014/nov/10/tesco-moves-higher-on-hopes-worst-may-be-over,2014-11-10T11:14:18Z
https://www.theguardian.com/business/2014/nov/11/ec-president-accused-of-hypocrisy-over-luxembourg-tax-schemes,2014-11-11T19:33:54Z
https://www.theguardian.com/business/2014/nov/11/john-lewis-sales-up-christmas-monty-the-penguin,2014-11-11T12:23:56Z
https://www.theguardian.com/business/marketforceslive/2014/nov/11/ftse-edges-higher-as-vodafone-soars-but-oil-and-mining-companies-put-a-brake-on-gains,2014-11-11T09:46:05Z
https://www.theguardian.com/business/live/2014/nov/25/german-economy-growth-us-gdp-bank-of-england-live,2014-11-25T17:52:33Z
https://www.theguardian.com/business/2014/nov/28/black-friday-fever-police-battle-shoppers,2014-11-28T18:22:13Z
https://www.theguardian.com/business/live/2014/nov/28/black-friday-uk-shoppers-fight-for-bargains-at-london-supermarkets-live,2014-11-28T16:25:18Z
https://www.theguardian.com/business/2014/nov/26/black-friday-britain-where-best-deals,2014-11-28T12:36:39Z
https://www.theguardian.com/business/2014/dec/07/gps-smart-card-open-data-used-reduce-transport-congestion,2014-12-07T13:47:05Z
https://www.theguardian.com/business/2014/dec/09/-sp-luxembourg-tax-files-how-junckers-duchy-accommodated-skype-and-the-koch-empire,2014-12-09T21:00:39Z
https://www.theguardian.com/business/live/2014/dec/09/tesco-warns-on-profits-dave-lewis-greece-china,2014-12-09T17:12:20Z
https://www.theguardian.com/business/2014/dec/15/sneakers-speakers-beats-generation-making-mint-hip-hop,2014-12-15T17:27:39Z
https://www.theguardian.com/business/2014/dec/16/ways-to-spot-a-stock-market-hoax-stuyvesant-high-72-million,2014-12-16T20:36:40Z
https://www.theguardian.com/business/marketforceslive/2014/dec/16/imagination-technologies-jumps-11-on-optimistic-outlook,2014-12-16T10:45:49Z
https://www.theguardian.com/business/live/2014/dec/17/rouble-russia-crisis-greek-elections-uk-unemployment-fed-live,2014-12-17T18:50:10Z
https://www.theguardian.com/business/2014/dec/23/boxing-day-sales-start-early-where-are-the-best-deals,2014-12-24T11:42:35Z
https://www.theguardian.com/business/2014/dec/30/how-start-small-business-new-year-resolution,2014-12-30T13:30:01Z
https://www.theguardian.com/business/2014/dec/31/guardian-share-tips-for-2015,2014-12-31T20:18:52Z
https://www.theguardian.com/business/2015/jan/04/business-people-to-watch-in-2015,2015-01-04T00:05:06Z
https://www.theguardian.com/business/marketforceslive/2015/jan/12/arm-adds-2-on-hopes-for-growing-chip-royalties,2015-01-12T11:39:56Z
https://www.theguardian.com/business/2015/jan/20/obama-state-of-the-union-auto-car-industry,2015-01-20T13:30:10Z
https://www.theguardian.com/business/2015/jan/21/us-tech-tax-avoidance-google-amazon-apple,2015-01-21T23:17:44Z
https://www.theguardian.com/business/2015/jan/21/cybersecurity-small-business-thwarting-hackers-obama-cameron,2015-01-21T18:18:25Z
https://www.theguardian.com/business/live/2015/jan/28/greek-government-privatisation-programme-alexis-tsiptas-live,2015-01-28T18:04:37Z
https://www.theguardian.com/business/marketforceslive/2015/jan/28/ftse-higher-despite-greek-woes-but-morrisons-hit-by-downbeat-note,2015-01-28T17:16:15Z
https://www.theguardian.com/business/2015/jan/28/the-biggest-corporate-profits-of-all-time-apple-gazprom-exxonmobil-shell,2015-01-28T13:55:26Z
https://www.theguardian.com/business/marketforceslive/2015/jan/28/ftse-cautious-after-us-fall-but-arm-jumps-after-bumper-apple-results,2015-01-28T09:50:48Z
https://www.theguardian.com/business/2015/jan/30/tesco-cuts-range-products,2015-01-30T19:53:01Z
https://www.theguardian.com/business/2015/feb/02/apple-cash-mountain-grows,2015-02-02T21:31:17Z
https://www.theguardian.com/business/2015/feb/03/belgium-big-business-tax-breaks-eu-tax-avoidance-probe,2015-02-03T18:14:00Z
https://www.theguardian.com/business/musicblog/2015/feb/06/billboard-power-100-2015-time-for-change,2015-02-06T21:30:24Z
https://www.theguardian.com/business/marketforceslive/2015/feb/11/ftse-flat-ahead-of-greek-news-but-arm-surges-after-results,2015-02-11T09:34:45Z
https://www.theguardian.com/business/marketforceslive/2015/feb/13/imagination-technologies-slips-as-intel-sells-remaining-stake,2015-02-13T10:26:13Z
https://www.theguardian.com/business/2015/feb/18/monsoon-chief-executive-john-browett-to-step-down,2015-02-18T19:01:26Z
https://www.theguardian.com/business/2015/feb/22/dead-phone-battery-welcome-to-the-tiny-charger-that-ends-a-big-problem,2015-02-22T14:30:27Z
https://www.theguardian.com/business/2015/mar/02/british-airways-named-uks-most-popular-brand,2015-03-02T17:46:42Z
https://www.theguardian.com/business/live/2015/mar/06/ecb-qe-japan-market-greece-us-unemployment-live,2015-03-06T19:02:48Z
https://www.theguardian.com/business/2015/mar/06/apple-to-join-dow-jones-index-this-month,2015-03-06T18:01:26Z
https://www.theguardian.com/society/2015/mar/10/burger-king-soft-drinks-childrens-menu,2015-03-10T20:42:05Z
https://www.theguardian.com/business/marketforceslive/2015/mar/18/apple-supplier-imagination-technologies-drops-10,2015-03-18T10:17:02Z
https://www.theguardian.com/business/marketforceslive/2015/mar/25/ftse-slips-below-7000-with-arm-hit-by-technology-sector-falls,2015-03-25T16:57:55Z
https://www.theguardian.com/business/marketforceslive/2015/mar/25/monitise-falls-18-after-ending-sale-plans,2015-03-25T11:39:25Z
https://www.theguardian.com/business/2015/mar/26/treating-disease-macho-boardrooms,2015-03-26T19:40:05Z
https://www.theguardian.com/business/marketforceslive/2015/mar/26/ftse-100-drops-sharply-but-gold-back-in-demand,2015-03-26T09:27:07Z
https://www.theguardian.com/business/2015/mar/31/walmart-arkansas-religious-freedom-bill-sends-wrong-message,2015-03-31T22:04:38Z
https://www.theguardian.com/business/2015/apr/02/american-companies-apple-yelp-indiana-religious-freedom-bill,2015-04-02T16:30:44Z
https://www.theguardian.com/business/2015/apr/04/walmart-bob-witeck-lgbt-consultant,2015-04-04T13:00:05Z
https://www.theguardian.com/business/2015/apr/05/kelloggs-says-google-tax-clampdown-will-harm-profits,2015-04-05T11:50:21Z
https://www.theguardian.com/business/2015/apr/14/administrators-outline-cost-of-phones4u-collapse,2015-04-14T16:49:39Z
https://www.theguardian.com/business/2015/apr/15/mapping-prices-survey-shows-cheapest-places-for-goods-and-services,2015-04-15T12:08:11Z
https://www.theguardian.com/business/2015/apr/17/vw-boss-martin-winterkorn-defeats-chairman-ferdinand-piech,2015-04-17T18:34:04Z
https://www.theguardian.com/business/marketforceslive/2015/apr/21/ftse-jumps-after-positive-results-from-arm-and-sky,2015-04-21T08:49:40Z
https://www.theguardian.com/business/2015/apr/23/nasdaq-new-record-high-dotcom-bubble,2015-04-23T21:29:38Z
https://www.theguardian.com/business/2015/apr/26/bp-profits-down-still-in-deep-water,2015-04-26T08:00:08Z
https://www.theguardian.com/business/marketforceslive/2015/apr/28/apple-sales-surge-does-little-for-uk-suppliers,2015-04-28T09:54:52Z
https://www.theguardian.com/business/2015/may/05/mcdonalds-tax-avoidance-investigation-europe,2015-05-05T21:33:43Z
https://www.theguardian.com/business/2015/may/08/april-jobs-report-problem-income-inequality-bernie-sanders,2015-05-08T15:29:01Z
https://www.theguardian.com/business/2015/may/08/monsoon-profits-slip-close-stores-cut-costs,2015-05-08T14:15:54Z
https://www.theguardian.com/business/2015/may/10/renewables-revolution-is-unstoppable-except-in-the-uk,2015-05-10T13:33:33Z
https://www.theguardian.com/business/live/2015/may/18/greece-finances-default-fears-markets-live,2015-05-18T16:06:43Z
https://www.theguardian.com/business/live/2015/may/20/greece-june-repayment-ecb-support-live-updates,2015-05-20T18:09:20Z
https://www.theguardian.com/business/2015/may/27/tesco-global-brand-top-100-millward-brown-apple,2015-05-27T19:14:16Z
https://www.theguardian.com/business/2015/may/29/tesco-profits-scandal-accountancy-watchdog-suppliers-,2015-05-28T23:01:05Z
https://www.theguardian.com/business/2015/may/29/italian-tax-clampdown-bulgari,2015-05-29T12:38:35Z
https://www.theguardian.com/business/marketforceslive/2015/jun/01/imagination-technologies-jumps-on-takeover-talk,2015-06-01T09:41:32Z
https://www.theguardian.com/business/2015/jun/06/christo-wiese-south-africa-fashion-billionaire-comes-to-britain,2015-06-06T15:00:10Z
https://www.theguardian.com/fashion/2015/jun/08/burberry-christopher-bailey-50m-shares-salary,2015-06-08T18:45:39Z
https://www.theguardian.com/business/live/2015/jun/10/greece-creditors-reforms-tsipras-merkel-hollande-live,2015-06-10T23:13:09Z
https://www.theguardian.com/business/2015/jun/16/brussels-corporations-tax-deals-eu,2015-06-16T20:00:06Z
https://www.theguardian.com/business/nils-pratley-on-finance/2015/jun/18/would-an-argentina-style-cure-work-for-greece-probably-not,2015-06-18T18:31:41Z
https://www.theguardian.com/business/2015/jun/18/rbs-sorry-it-glitch-systems-royal-bank-scotland-payments,2015-06-18T15:57:41Z
https://www.theguardian.com/business/2015/jun/18/tpp-us-economy-free-trade-agreements-are-a-roll-of-the-dice,2015-06-18T11:42:44Z
https://www.theguardian.com/business/2015/jun/19/tax-havens-money-cayman-islands-jersey-offshore-accounts,2015-06-19T13:38:31Z
https://www.theguardian.com/business/2015/jun/29/barclays-expands-contactless-wearables,2015-06-28T23:01:11Z
https://www.theguardian.com/business/2015/jul/03/alwaleed-bin-talal-meet-the-saudi-prince-giving-away-all-his-money,2015-07-03T18:07:09Z
https://www.theguardian.com/business/live/2015/jul/08/new-york-stock-exchange-wall-street,2015-07-08T20:53:35Z
https://www.theguardian.com/business/2015/jul/09/minions-toys-mcdonalds-cursing-f-word,2015-07-09T20:46:52Z
https://www.theguardian.com/business/2015/jul/09/us-china-markets-volatility-greece-puerto-rico,2015-07-09T10:00:05Z
https://www.theguardian.com/business/2015/jul/12/uncertainty-brexit-likely-delay-uk-investment,2015-07-12T16:43:49Z
https://www.theguardian.com/business/2015/jul/15/us-chamber-commerce-lobbies-against-class-actions-uk-courts,2015-07-15T20:52:05Z
https://www.theguardian.com/business/2015/jul/16/burberry-christopher-bailey-investors-approve-pay,2015-07-16T16:04:25Z
https://www.theguardian.com/business/live/2015/jul/21/business-live-blog-uk-government-borrowing-expected-fall,2015-07-21T17:05:17Z
https://www.theguardian.com/business/2015/jul/21/navigating-decline-what-happened-to-tomtom-satnav,2015-07-21T15:14:07Z
https://www.theguardian.com/business/live/2015/jul/23/business-live-greece-mps-reforms-tsipras-bailout-live,2015-07-23T18:13:33Z
https://www.theguardian.com/business/2015/jul/23/burberry-bonus-makes-christopher-bailey-high-paid-ftse-100-chiefs,2015-07-23T17:32:35Z
https://www.theguardian.com/business/2015/jul/24/australian-dollar-hits-fresh-six-year-low-as-chinese-factories-continue-to-falter,2015-07-24T03:30:46Z
https://www.theguardian.com/business/2015/jul/25/toshiba-woes-pc-sale-slump-squeeze-tech-firms,2015-07-25T15:00:09Z
https://www.theguardian.com/business/us-money-blog/2015/jul/26/personal-finance-hillary-clinton-quarterly-earnings-results,2015-07-26T12:00:04Z
https://www.theguardian.com/business/2015/jul/29/bramley-apple-pie-filling-protected-status-traditional-speciality-guaranteed,2015-07-29T20:12:57Z
https://www.theguardian.com/business/blog/live/2015/jul/30/uk-job-losses-dominate-bumper-results-day-shell-centrica-live,2015-07-30T14:12:44Z
https://www.theguardian.com/business/2015/jul/30/rolls-royce-profits-halve-jet-engine-demand-down,2015-07-30T07:51:25Z
https://www.theguardian.com/business/2015/jul/31/rolls-royce-break-up-valueact-capital-stake,2015-07-31T17:39:59Z
https://www.theguardian.com/business/economics-blog/2015/aug/02/big-techs-big-problem-rising-inequality,2015-08-02T09:00:10Z
https://www.theguardian.com/business/2015/aug/03/german-car-giants-pay-2bn-for-nokias-here-mapping-service,2015-08-03T20:02:10Z
https://www.theguardian.com/business/2015/aug/04/vorsprung-durch-technic-us-tech-germany-driverless-car,2015-08-04T07:38:40Z
https://www.theguardian.com/business/2015/aug/05/whole-foods-customers-asparagus-water,2015-08-05T18:51:41Z
https://www.theguardian.com/business/2015/aug/05/mcdonalds-table-service-trial-uk-fast-food,2015-08-05T17:59:39Z
https://www.theguardian.com/business/2015/aug/12/us-stock-markets-plunge-chinese-economy,2015-08-12T20:39:58Z
https://www.theguardian.com/business/2015/aug/18/cars-manual-transmission-stick-shift-automatic,2015-08-18T13:00:18Z
https://www.theguardian.com/business/2015/aug/20/linkin-park-machine-shop-ventures-investment,2015-08-20T15:43:30Z
https://www.theguardian.com/business/2015/aug/21/eileen-burbidge-angel-investor-uk-fintech,2015-08-21T10:45:45Z
https://www.theguardian.com/business/live/2015/aug/24/global-stocks-sell-off-deepens-as-panic-grips-markets-live,2015-08-24T21:27:55Z
https://www.theguardian.com/business/2015/aug/24/dow-us-stocks-down-black-monday,2015-08-24T21:17:26Z
https://www.theguardian.com/business/2015/aug/24/us-stocks-dow-falls-global-markets-collapse,2015-08-24T17:43:56Z
https://www.theguardian.com/business/live/2015/aug/25/asian-stock-markets-braced-for-steep-falls-after-wall-street-slump-live,2015-08-25T21:22:30Z
https://www.theguardian.com/business/live/2015/aug/26/asian-markets-open-with-investors-on-edge-after-dow-extends-losses-live,2015-08-26T20:23:40Z
https://www.theguardian.com/business/2015/aug/26/mcwhopper-mcdonalds-burger-king-corporate-mashups,2015-08-26T19:41:24Z
https://www.theguardian.com/business/2015/aug/26/paddy-power-betfair-need-win-over-shareholders,2015-08-26T18:20:40Z
https://www.theguardian.com/business/live/2015/sep/01/stock-markets-fall-weak-chinese-factory-data-business-live,2015-09-01T20:25:17Z
https://www.theguardian.com/business/2015/sep/06/sir-adrian-cadbury,2015-09-06T14:54:35Z
https://www.theguardian.com/business/2015/sep/06/labour-leadership-race-change-fast-interest-rates-not-jeremy-corbyn,2015-09-06T07:59:02Z
https://www.theguardian.com/business/live/2015/sep/08/weak-chinese-trade-data-slowdown-markets-live-updates,2015-09-08T17:06:40Z
https://www.theguardian.com/business/live/2015/sep/09/japanese-stock-market-soars-global-rally-business-live,2015-09-09T17:14:47Z
https://www.theguardian.com/business/live/2015/sep/10/markets-bank-of-england-interest-rates-live,2015-09-10T16:53:20Z
https://www.theguardian.com/business/live/2015/sep/14/chinese-stock-market-hit-by-new-growth-worries-live-updates,2015-09-14T17:01:41Z
https://www.theguardian.com/business/marketforceslive/2015/sep/14/ftse-100-shrugs-off-china-concerns-while-arm-jumps-on-apple-hopes,2015-09-14T08:57:52Z
https://www.theguardian.com/business/marketforceslive/2015/sep/15/ftse-100-falls-led-by-glencore-and-kingfisher-but-arm-gains-again,2015-09-15T08:41:08Z
https://www.theguardian.com/business/marketforceslive/2015/sep/16/imagination-technologies-drops-6-after-warning-of-first-half-loss,2015-09-16T09:12:57Z
https://www.theguardian.com/business/live/2015/sep/17/us-federal-reserve-interest-rate-decision-markets-janet-yellen-live,2015-09-17T20:30:27Z
https://www.theguardian.com/business/marketforceslive/2015/sep/21/arm-dips-as-two-key-customers-plan-to-link-up,2015-09-21T10:16:53Z
https://www.theguardian.com/business/2015/sep/24/entrepreneurship-east-africa-usaid-healing-waters-jibu-clean-water,2015-09-24T15:56:20Z
https://www.theguardian.com/business/2015/oct/02/new-iphones-help-john-lewis-ring-up-sales-rise,2015-10-02T08:29:38Z
https://www.theguardian.com/business/2015/oct/05/gun-stocks-surge-clinton-obama-tougher-laws,2015-10-05T19:09:44Z
https://www.theguardian.com/business/2015/oct/06/europe-court-right-to-privacy-max-schrems-us-tech-companies,2015-10-06T16:47:58Z
https://www.theguardian.com/business/economics-blog/2015/oct/06/conservatives-21st-century-energy-crisis-20th-century-fuels,2015-10-06T13:26:33Z
https://www.theguardian.com/business/live/2015/oct/09/stocks-rally-as-fed-minutes-suggest-no-rush-to-raise-us-rates-live,2015-10-09T17:11:22Z
https://www.theguardian.com/business/2015/oct/12/ireland-budget-2016-hopes-rise-first-tax-cuts-since-2008-crisis,2015-10-12T14:41:10Z
https://www.theguardian.com/business/live/2015/oct/13/uk-inflation-chinese-imports-slump-markets-live,2015-10-13T16:41:37Z
https://www.theguardian.com/business/2015/oct/18/burglar-alarms-overhauled-for-the-digital-age-the-innovators,2015-10-18T14:01:56Z
https://www.theguardian.com/business/2015/oct/20/starbucks-fiat-chrysler-tax-bill-ec-rule-deal-illegal,2015-10-20T11:40:24Z
https://www.theguardian.com/business/blog/live/2015/oct/21/starbucks-and-fiat-chrysler-face-multimillion-euro-repayments-after-eu-tax-ruling-live,2015-10-21T16:40:16Z
https://www.theguardian.com/business/2015/oct/21/starbucks-and-fiat-tax-deals-with-eu-nations-ruled-unlawful,2015-10-21T10:07:50Z
https://www.theguardian.com/business/marketforceslive/2015/oct/21/apple-supplier-arm-jumps-after-update-but-ftse-falters-as-pearson-plunges,2015-10-21T08:49:20Z
https://www.theguardian.com/business/2015/oct/22/talktalk-customer-data-hackers-website-credit-card-details-attack,2015-10-22T22:05:41Z
https://www.theguardian.com/business/2015/oct/23/talktalk-hacking-crisis-deepens-as-more-details-emerge,2015-10-23T19:02:48Z
https://www.theguardian.com/business/2015/oct/23/talktalk-cyber-attack-company-has-received-ransom-demand,2015-10-23T12:30:09Z
https://www.theguardian.com/business/2015/oct/23/talktalk-cyber-attack-company-unsure-how-many-users-affected,2015-10-23T08:39:03Z
https://www.theguardian.com/business/live/2015/oct/26/markets-chinese-rate-cut-german-confidence-business-live,2015-10-26T17:46:55Z
https://www.theguardian.com/business/2015/oct/28/volkswagen-embarks-on-its-humble-journey-down-to-earth,2015-10-28T20:26:31Z
https://www.theguardian.com/business/live/2015/oct/28/volkswagen-vw-loss-emissions-scandal-barclays-federal-reserve-business-live,2015-10-28T19:08:07Z
https://www.theguardian.com/business/2015/oct/29/boardroom-equality-improves-few-women-occupy-key-roles,2015-10-29T19:39:19Z
https://www.theguardian.com/business/2015/nov/02/made-in-germany-harmed-volkswagen-scandal,2015-11-02T19:37:51Z
https://www.theguardian.com/business/2015/nov/08/design-for-life-arckit-architects-modelling-kits-plug-gap-in-market,2015-11-08T12:08:56Z
https://www.theguardian.com/business/live/2015/nov/10/moodys-warns-global-shockwaves-greece-bailout-portugal-government-live,2015-11-10T18:04:28Z
https://www.theguardian.com/business/marketforceslive/2015/nov/10/premier-foods-joins-with-bake-offs-paul-hollywood-for-new-range,2015-11-10T11:30:58Z
https://www.theguardian.com/business/nils-pratley-on-finance/2015/nov/12/rolls-royce-troubles-run-deep,2015-11-12T19:12:41Z
https://www.theguardian.com/business/economics-blog/2015/nov/15/its-time-to-force-companies-to-unlock-cash-piles,2015-11-15T15:20:42Z
https://www.theguardian.com/business/2015/nov/22/rolls-royce-chief-executive-warren-east-presentation-the-city,2015-11-22T16:44:00Z
https://www.theguardian.com/business/2015/nov/24/rolls-royce-chief-warns-of-senior-job-cuts-because-engine-maker-needs-fixing,2015-11-24T17:00:01Z
https://www.theguardian.com/business/live/2015/nov/26/black-friday-2015-the-best-deals-and-latest-news-live,2015-11-27T15:54:56Z
https://www.theguardian.com/business/2015/nov/28/tax-inversion-big-business-g20-fight-unpaid-tax,2015-11-28T16:00:17Z
https://www.theguardian.com/business/2015/nov/28/cyber-monday-cyber-attacks-email-social-media-deliveries,2015-11-28T12:09:10Z
https://www.theguardian.com/business/2015/dec/02/mcdonalds-suspected-sweetheart-tax-arrangements-luxembourg,2015-12-02T20:01:08Z
https://www.theguardian.com/business/2015/dec/02/gun-sales-hit-new-record-on-black-friday-at-roughly-two-a-second,2015-12-02T16:28:28Z
https://www.theguardian.com/business/2015/dec/07/aldi-champagne-accounts-one-in-12-bottles-bought-uk-christmas,2015-12-07T17:58:24Z
https://www.theguardian.com/business/2015/dec/09/champagne-taittinger-to-produce-english-sparkling-wine-in-kent,2015-12-09T18:26:53Z
https://www.theguardian.com/business/2015/dec/11/ford-to-invest-billions-to-boost-range-of-electric-cars,2015-12-11T13:47:33Z
https://www.theguardian.com/business/marketforceslive/2015/dec/15/ftse-recovers-100-points-but-apple-suppliers-arm-and-imagination-slide,2015-12-15T10:01:55Z
https://www.theguardian.com/business/2015/dec/15/federal-reserve-meeting-interest-rates-what-to-know,2015-12-16T19:04:36Z
https://www.theguardian.com/business/marketforceslive/2015/dec/16/ftse-climbs-for-second-day-ahead-of-fed-but-arm-falls-on-iphone-concerns,2015-12-16T17:06:17Z
https://www.theguardian.com/business/2015/dec/23/game-digital-christmas-sales-xbox-playstation,2015-12-23T16:28:46Z
https://www.theguardian.com/business/2015/dec/27/online-christmas-sales-shoppers-new-record-store-frenzy,2015-12-27T16:51:05Z
https://www.theguardian.com/business/blog/live/2015/dec/30/imf-chief-lagarde-warns-of-disappointing-global-growth-in-2016-business-live,2015-12-30T14:58:36Z
https://www.theguardian.com/business/2015/dec/30/apple-pays-234m-settle-italian-tax-dispute,2015-12-30T11:21:05Z
https://www.theguardian.com/business/2015/dec/31/value-of-gun-manufacturers-stocks-almost-doubled-in-2015,2015-12-31T21:33:28Z
https://www.theguardian.com/business/2016/jan/01/natwest-rbs-customers-hit-another-banking-glitch,2016-01-01T17:48:17Z
https://www.theguardian.com/business/2016/jan/02/house-of-jp-morgan-a-chinese-mogul-an-anti-capitalist-artist-and-an-icon-of-wall-st,2016-01-02T12:00:03Z
https://www.theguardian.com/business/2016/jan/04/tax-avoidance-hits-the-poorest-hardest,2016-01-04T18:16:13Z
https://www.theguardian.com/business/2016/jan/06/john-lewis-christmas-sales-boosted-by-online-shopping,2016-01-06T19:36:32Z
https://www.theguardian.com/business/live/2016/jan/06/markets-weak-chinese-data-services-eurozone-business-live,2016-01-06T17:53:42Z
https://www.theguardian.com/business/marketforceslive/2016/jan/06/arm-loses-3-on-reports-apple-plans-iphone-production-cuts,2016-01-06T09:58:31Z
https://www.theguardian.com/business/2016/jan/07/saudi-aramco-the-key-facts,2016-01-07T20:21:10Z
https://www.theguardian.com/business/2016/jan/08/cds-dvds-and-games-come-to-the-rescue-of-uk-retail-adele,2016-01-08T19:08:46Z
https://www.theguardian.com/business/2016/jan/08/saudi-aramco-privatisation-plans-shock-oil-sector,2016-01-08T16:05:15Z
https://www.theguardian.com/business/nils-pratley-on-finance/2016/jan/11/big-pharmas-big-gamble-big-headache,2016-01-11T19:36:18Z
https://www.theguardian.com/business/2016/jan/12/infotainment-apple-car-play-android-auto,2016-01-12T23:16:09Z
https://www.theguardian.com/business/2016/jan/15/gopro-investors-reel-after-stock-price-plunge,2016-01-15T18:28:01Z
https://www.theguardian.com/business/2016/jan/16/saudi-aramco-10-trillion-dollar-mystery-heart-of-gulf-state,2016-01-16T15:59:00Z
https://www.theguardian.com/business/marketforceslive/2016/jan/25/imagination-technologies-climbs-on-talk-of-possible-pure-radio-sale,2016-01-25T10:28:19Z
https://www.theguardian.com/business/marketforceslive/2016/jan/25/ftse-reverses-as-oil-price-falls-while-lloyds-hit-by-downgrade,2016-01-25T09:44:18Z
https://www.theguardian.com/business/live/2016/jan/26/chinese-stock-market-tumbles-oil-30-dollars-ftse-100-business-live,2016-01-26T17:57:29Z
https://www.theguardian.com/business/2016/jan/25/mps-launch-corporation-tax-inquiry-criticism-130m-google-hmrc-deal,2016-01-26T07:08:20Z
https://www.theguardian.com/business/live/2016/jan/27/stock-markets-oil-fed-rbs-provisions-live,2016-01-27T21:17:38Z
https://www.theguardian.com/business/2016/jan/27/eu-europe-tax-reforms-avoidance-google-ccctb-moscovici,2016-01-27T17:39:40Z
https://www.theguardian.com/business/marketforceslive/2016/jan/27/ftse-falters-as-rbs-and-antofagasta-disappoint-arm-hit-by-apple-slowdown,2016-01-27T09:51:57Z
https://www.theguardian.com/business/2016/jan/28/margrethe-vestager-eu-competition-commissioner-google-tax-deal-uk-government,2016-01-28T16:50:08Z
https://www.theguardian.com/business/2016/jan/28/eu-ready-scrutinise-uk-google-tax-deal-avoidance-crackdown,2016-01-28T13:00:20Z
https://www.theguardian.com/business/live/2016/feb/02/gold-three-month-high-markets-economic-fears-business-live,2016-02-02T17:11:51Z
https://www.theguardian.com/business/live/2016/feb/08/uk-business-confidence-falls-global-recession-fears-markets-business-live,2016-02-08T21:21:18Z
https://www.theguardian.com/business/2016/feb/08/apple-under-pressure-lawyers-error-53-codes,2016-02-08T16:56:23Z
https://www.theguardian.com/business/2016/feb/08/imagination-technologies-to-sell-pure-digital-radios,2016-02-08T10:17:41Z
https://www.theguardian.com/business/nils-pratley-on-finance/2016/feb/10/deutsche-isnt-only-drama-banking-negative-yield,2016-02-10T20:03:16Z
https://www.theguardian.com/business/marketforceslive/2016/feb/10/ftse-rebounds-ahead-of-yellen-testimony-but-hikma-and-arm-slide,2016-02-10T09:44:31Z
https://www.theguardian.com/business/2016/feb/15/bae-systems-appoints-charles-woodburn-chief-operating-officer-heir-apparent-ian-king,2016-02-15T12:17:47Z
https://www.theguardian.com/business/2016/feb/17/cafe-chains-selling-drinks-25-teaspoons-sugar-starbucks-costa-coffee,2016-02-17T05:20:12Z
https://www.theguardian.com/business/2016/feb/19/hsbc-rolls-out-voice-touch-id-security-bank-customers,2016-02-19T13:05:28Z
https://www.theguardian.com/business/2016/feb/21/apple-fbi-battle-technology-firms-consequences-of-actions,2016-02-21T07:00:18Z
https://www.theguardian.com/business/live/2016/feb/22/pound-falls-city-gets-brexit-jitters-business-live,2016-02-22T17:38:44Z
https://www.theguardian.com/business/2016/feb/26/armed-for-the-next-technological-revolution,2016-02-26T17:17:17Z
https://www.theguardian.com/business/2016/feb/28/the-innovators-platform-car-thats-driving-open-source-design,2016-02-28T15:36:27Z
https://www.theguardian.com/business/2016/mar/01/worlds-20-richest-people-70bn-poorer-forbes-annual-ranking-billionaire,2016-03-01T13:35:19Z
https://www.theguardian.com/business/2016/mar/11/general-motors-cruise-automation-self-driving-cars,2016-03-11T17:31:39Z
https://www.theguardian.com/business/2016/mar/15/the-2016-inflation-basket-whats-in-whats-out,2016-03-15T11:42:50Z
https://www.theguardian.com/business/2016/mar/15/british-umpire-how-institute-fiscal-studies-became-most-influential-voice-in-uk-economic-debate,2016-03-15T06:00:06Z
https://www.theguardian.com/business/2016/mar/22/apple-takeover-talks-imagination-technologies,2016-03-22T16:20:19Z
https://www.theguardian.com/business/2016/mar/22/john-lewis-hires-british-airways-chief-executive-keith-williams-as-deputy-chairman,2016-03-22T14:48:57Z
https://www.theguardian.com/business/marketforceslive/2016/mar/22/imagination-technologies-jumps-on-apple-takeover-talk,2016-03-22T12:54:32Z
https://www.theguardian.com/business/2016/mar/23/nespresso-open-first-uk-cafe-london,2016-03-23T15:59:23Z
https://www.theguardian.com/business/2016/apr/01/average-manhattan-apartment-costs-hits-record,2016-04-01T17:08:48Z
https://www.theguardian.com/business/2016/apr/01/saudi-arabia-plans-to-sell-state-oil-assets-to-create-2tn-wealth-fund,2016-04-01T17:07:34Z
https://www.theguardian.com/business/live/2016/apr/12/imf-growth-forecasts-uk-inflation-markets-business-livbe,2016-04-12T16:58:06Z
https://www.theguardian.com/business/2016/apr/12/deutsche-bank-protest-north-carolina-anti-lgbt-law,2016-04-12T16:12:17Z
https://www.theguardian.com/business/2016/apr/12/brussels-pressures-multinationals-to-declare-taxes-and-profits,2016-04-12T14:48:16Z
https://www.theguardian.com/business/2016/apr/12/eu-regulators-demand-greater-tax-transparency-companies,2016-04-12T09:35:16Z
https://www.theguardian.com/business/2016/apr/17/innovators-turn-waste-food-tasty-snack-snact-fruit-veg,2016-04-17T12:34:52Z
https://www.theguardian.com/business/marketforceslive/2016/apr/18/ftse-falls-as-arm-hit-by-apple-slowdown-and-oil-drops-on-opec-impasse,2016-04-18T08:43:45Z
https://www.theguardian.com/business/live/2016/apr/20/oil-chinese-shares-uk-unemployment-ec-google-live,2016-04-20T16:31:13Z
https://www.theguardian.com/business/marketforceslive/2016/apr/20/ftse-100-falters-as-oil-falls-but-chip-designer-arm-beats-expectations,2016-04-20T08:45:58Z
https://www.theguardian.com/business/live/2016/apr/22/eurozone-finance-ministers-hold-talks-on-greece-business-live,2016-04-22T17:26:54Z
https://www.theguardian.com/business/marketforceslive/2016/apr/22/melrose-and-mitchells-butlers-lead-ftse-230-lower,2016-04-22T10:29:30Z
https://www.theguardian.com/business/2016/apr/25/delaware-tax-loophole-1209-north-orange-trump-clinton,2016-04-25T11:00:04Z
https://www.theguardian.com/business/marketforceslive/2016/apr/26/ftse-lifted-higher-by-whitbread-bp-and-standard-chartered,2016-04-26T08:45:57Z
https://www.theguardian.com/business/live/2016/apr/27/uk-gdp-growth-figures-released-live-updates,2016-04-27T17:01:42Z
https://www.theguardian.com/business/marketforceslive/2016/apr/27/ftse-falters-as-apple-suppliers-slide-but-arm-bucks-the-trend,2016-04-27T08:15:25Z
https://www.theguardian.com/business/live/2016/apr/29/eurozone-gdp-growth-france-germany-inflation-unemployment-live,2016-04-29T17:27:59Z
https://www.theguardian.com/uk-news/2016/may/05/cheaper-heathrow-expansion-plan-willie-walsh-third-runway,2016-05-05T10:42:58Z
https://www.theguardian.com/business/marketforceslive/2016/may/09/imagination-technologies-jumps-13-as-chinese-firm-takes-3-stake,2016-05-09T09:04:01Z
https://www.theguardian.com/business/2016/may/14/alibaba-membership-of-anti-counterfeit-group-suspended-amid-conflict-claims,2016-05-14T02:31:44Z
https://www.theguardian.com/business/2016/may/15/british-business-purpose-big-innovation-centre-task-force,2016-05-15T08:00:01Z
https://www.theguardian.com/business/live/2016/may/16/oil-jumps-goldman-sachs-stock-markets-live,2016-05-16T17:10:51Z
https://www.theguardian.com/business/2016/may/20/us-corporate-giants-hoarding-over-a-trillion-dollars-apple-microsoft-google,2016-05-20T18:04:00Z
https://www.theguardian.com/business/2016/may/24/spotify-revenues-surge-80-to-more-than-13bn,2016-05-24T16:05:20Z
https://www.theguardian.com/business/2016/may/27/competition-watchdog-uk-cloud-storage,2016-05-27T07:33:42Z
https://www.theguardian.com/business/2016/may/30/the-vineyard-virgins-giving-english-wine-a-sparkle,2016-05-29T23:01:17Z
https://www.theguardian.com/business/2016/jun/01/carl-icahn-buys-stake-botox-maker-allergan-dublin,2016-05-31T23:17:35Z
https://www.theguardian.com/business/2016/jun/01/vitol-world-biggest-energy-trader-emerges-shadows,2016-06-01T05:00:14Z
https://www.theguardian.com/business/2016/jun/03/what-has-the-eu-ever-done-for-my-mobile-phone,2016-06-03T06:00:30Z
https://www.theguardian.com/business/2016/jun/04/uk-switch-to-cashless-society-contactless-payment,2016-06-04T15:00:13Z
https://www.theguardian.com/business/2016/jun/10/burberry-chief-operating-officer-resigns-john-smith-digital-retail,2016-06-10T12:55:44Z
https://www.theguardian.com/business/2016/jun/11/warren-buffett-lunch-costs-3456789-for-anonymous-bidder,2016-06-11T16:15:50Z
https://www.theguardian.com/business/live/2016/jun/17/eurozone-finally-approves-75bn-greek-loan-business-live,2016-06-17T17:09:27Z
https://www.theguardian.com/business/2016/jun/21/amazon-uk-reviews-chinese-traders-ahead-vat-clampdown,2016-06-21T15:57:15Z
https://www.theguardian.com/business/us-money-blog/2016/jun/30/global-economy-brexit-politicians-central-banks,2016-06-30T11:00:29Z
https://www.theguardian.com/business/2016/jul/11/burberrys-christopher-bailey-new-ceo-celine-marco-gobbetti,2016-07-11T17:35:14Z
https://www.theguardian.com/business/2016/jul/14/burberry-puts-new-leeds-factory-on-shelf,2016-07-14T13:03:28Z
https://www.theguardian.com/business/2016/jul/16/can-theresa-may-get-wheels-british-business-turning-industry,2016-07-16T15:00:14Z
https://www.theguardian.com/business/2016/jul/18/surge-in-sales-of-girls-toys-drives-revenue-increase-for-hasbro,2016-07-18T18:34:15Z
https://www.theguardian.com/business/2016/jul/18/youtube-music-industry-artists-spotlight,2016-07-18T10:00:08Z
https://www.theguardian.com/business/2016/jul/19/arm-sell-off-leaves-british-industry-weaker,2016-07-19T17:58:37Z
https://www.theguardian.com/business/2016/jul/19/softbanks-takeover-of-arm-holdings-in-doubt,2016-07-19T17:39:28Z
https://www.theguardian.com/business/2016/jul/19/shares-in-arm-buyer-softbank-fall-10-percent,2016-07-19T13:30:00Z
https://www.theguardian.com/business/live/2016/jul/20/uk-jobless-claims-expected-to-rise-business-live,2016-07-20T16:49:00Z
https://www.theguardian.com/business/2016/jul/20/arm-workers-set-to-share-nearly-400m-if-softbank-deal-goes-through,2016-07-20T10:03:46Z
https://www.theguardian.com/business/2016/jul/23/cambridge-university-silicon-fen-shaken-by-winds-of-change-arm-softbank,2016-07-23T15:00:03Z
https://www.theguardian.com/business/live/2016/jul/26/bank-of-england-stimulus-economy-bt-openreach-business-live,2016-07-26T16:48:34Z
https://www.theguardian.com/business/live/2016/jul/27/uk-gdp-economy-growth-brexit-referendum-pound-markets-live,2016-07-27T16:33:29Z
https://www.theguardian.com/business/2016/jul/29/tesco-to-hand-out-free-fruit-to-shoppers-children,2016-07-28T23:01:20Z
https://www.theguardian.com/business/2016/jul/29/us-economy-gdp-growth-second-quarter,2016-07-29T12:48:15Z
https://www.theguardian.com/money/economics-blog/2016/aug/02/extension-ppi-payback-period-small-comfort-for-customers-hit-by-mis-selling,2016-08-02T17:33:20Z
https://www.theguardian.com/business/2016/aug/18/monsoon-accessorize-jobs-at-risk-after-decision-to-close-joint-shops,2016-08-18T18:47:16Z
https://www.theguardian.com/business/2016/aug/20/egg-freezing-less-expensive-extend-fertility-clinic,2016-08-20T11:00:02Z
https://www.theguardian.com/business/2016/aug/23/universal-streaming-exclusives-frank-ocean-release,2016-08-23T16:44:45Z
https://www.theguardian.com/business/blog/2016/aug/24/britains-rail-safety-record-deserves-some-credit-graham-ruddick,2016-08-24T18:32:05Z
https://www.theguardian.com/business/2016/aug/25/war-of-words-eu-us-tax-avoidance-starbucks-apple-amazon,2016-08-25T17:26:16Z
https://www.theguardian.com/business/2016/aug/28/888-buying-bookies-win-some-lose-some-gambling,2016-08-28T06:00:24Z
https://www.theguardian.com/business/nils-pratley-on-finance/2016/aug/30/apples-showdown-with-europe-has-been-a-long-time-coming,2016-08-30T18:42:08Z
https://www.theguardian.com/business/blog/2016/aug/30/ireland-gets-an-apple-windfall-but-tackling-tax-avoidance-just-got-harder,2016-08-30T18:11:41Z
https://www.theguardian.com/business/live/2016/aug/30/reports-to-offer-latest-clues-on-brex--business-live,2016-08-30T17:10:27Z
https://www.theguardian.com/business/2016/aug/31/ryanair-boss-says-apple-tax-decision-is-bizarre,2016-08-31T18:19:13Z
https://www.theguardian.com/business/live/2016/aug/31/eurozone-inflation-to-offer-clues-on-ecbs-next-move-business-live,2016-08-31T17:20:29Z
https://www.theguardian.com/business/nils-pratley-on-finance/2016/sep/01/apple-tax-time-open-up-macbooks-tim-cook-eu-avoidance,2016-09-01T19:23:18Z
https://www.theguardian.com/business/2016/sep/01/eu-apple-ruling-ireland-revise-gdp-figures-decade-expert,2016-09-01T17:38:05Z
https://www.theguardian.com/business/2016/sep/01/apple-tax-ruling-fundamentally-unfair-former-ec-competition-chief,2016-09-01T15:29:02Z
https://www.theguardian.com/business/live/2016/sep/01/apple-boss-eu-irish-tax-swoop-political-crap-tim-cook-business-live,2016-09-01T14:05:04Z
https://www.theguardian.com/business/2016/sep/02/when-smart-dress-fails-to-impress,2016-09-02T17:35:12Z
https://www.theguardian.com/business/live/2016/sep/02/markets-await-crucial-us-jobs-report-business-live,2016-09-02T17:15:21Z
https://www.theguardian.com/business/2016/sep/02/irish-government-appeal-against-apple-13bn-tax-bill-european-commission,2016-09-02T16:16:27Z
https://www.theguardian.com/business/2016/sep/02/apple-tax-ruling-eu-margethe-vestager-13bn-euro-state-aid,2016-09-02T13:56:17Z
https://www.theguardian.com/business/2016/sep/03/ireland-apple-silicon-valley-money-burning-hole-wallet,2016-09-03T15:00:34Z
https://www.theguardian.com/technology/2016/sep/04/apple-tax-ruling-not-attack-on-us-says-ec-chief-jean-claude-juncker,2016-09-04T08:41:57Z
https://www.theguardian.com/business/2016/sep/06/multinationals-to-publicly-declare-country-by-country-profits-and-tax-caroline-flint,2016-09-06T09:01:22Z
https://www.theguardian.com/business/2016/sep/08/meps-support-convicted-luxleaks-whistleblowers-luxembourg,2016-09-08T16:26:36Z
https://www.theguardian.com/business/live/2016/sep/08/ecb-mario-draghi-stimulus-qe-euro-brexit-business-live,2016-09-08T15:03:49Z
https://www.theguardian.com/business/2016/sep/08/apple-iphone-7-retailers-expect-surge-wireless-headphones-sales-airpods,2016-09-08T12:02:12Z
https://www.theguardian.com/business/2016/sep/12/uk-music-industry-plea-protect-status-brexit-negotiations,2016-09-11T23:01:13Z
https://www.theguardian.com/business/2016/sep/11/sports-direct-guvnor-keith-hellawell-on-probation,2016-09-11T06:00:53Z
https://www.theguardian.com/business/2016/sep/12/global-justice-now-study-multinational-businesses-walmart-apple-shell,2016-09-12T14:41:07Z
https://www.theguardian.com/business/live/2016/sep/13/uk-inflation-weak-pound-shoppers-stock-markets-live,2016-09-13T16:48:30Z
https://www.theguardian.com/business/2016/sep/13/bank-of-england-expands-quantitative-easing-to-blue-chip-companies,2016-09-13T11:08:21Z
https://www.theguardian.com/money/2016/sep/12/first-polymer-fivers-notes-to-enter-circulation-on-tuesday,2016-09-13T06:26:20Z
https://www.theguardian.com/business/2016/sep/16/apple-tax-ruling-must-be-overturned-says-us-business-group,2016-09-16T18:09:57Z
https://www.theguardian.com/business/live/2016/sep/16/deutsche-bank-shares-plunge-14bn-fine-doj-business-live,2016-09-16T14:46:40Z
https://www.theguardian.com/business/2016/sep/16/european-banking-shares-unsettled-by-deutsche-bank-fine-fears,2016-09-16T08:47:08Z
https://www.theguardian.com/business/2016/sep/20/european-commission-tax-avoidance-crackdown-pierre-moscovici,2016-09-20T19:30:05Z
https://www.theguardian.com/business/live/2016/sep/20/sports-direct-review-mike-ashley-stock-markets-fed-live,2016-09-20T17:09:38Z
https://www.theguardian.com/business/2016/sep/20/sports-direct-bows-to-pressure-and-agrees-to-independent-review,2016-09-20T09:58:23Z
https://www.theguardian.com/business/2016/sep/21/apple-talks-buy-mclaren-formula-one-supercar,2016-09-21T18:54:53Z
https://www.theguardian.com/business/2016/sep/21/ex-eu-commissioner-neelie-kroes-failed-to-declare-directorship-of-offshore-firm,2016-09-21T18:00:41Z
https://www.theguardian.com/business/2016/sep/22/corporation-tax-downward-trend-oecd-gdp-growth,2016-09-22T16:24:03Z
https://www.theguardian.com/business/2016/sep/23/sports-direct-mike-ashley-step-in-after-ceo-resigns,2016-09-23T07:43:19Z
https://www.theguardian.com/business/2016/sep/25/brussels-fight-beat-mcdonalds-battle-for-tax-justice,2016-09-25T06:00:26Z
https://www.theguardian.com/business/live/2016/sep/26/stock-markets-drop-ahead-of-us-presidental-debate-business-live,2016-09-26T20:16:31Z
https://www.theguardian.com/business/live/2016/sep/28/deutsche-bank-ceo-help-opec-oil-draghi-germany-live,2016-09-28T17:12:42Z
https://www.theguardian.com/business/live/2016/oct/06/pound-sterling-chancellor-hammond-wall-street-charm-offensive-business-live,2016-10-06T17:05:44Z
https://www.theguardian.com/business/2016/oct/08/ebay-pays-11m-uk-tax-on-revenues-it-told-us-investors-were-11bn,2016-10-08T19:00:53Z
https://www.theguardian.com/business/2016/oct/10/uk-luxury-home-sales-are-recovering-estate-agents-say,2016-10-09T23:01:24Z
https://www.theguardian.com/business/live/2016/oct/11/pound-pressure-city-fears-hard-brexit-bank-of-england-business-live,2016-10-11T19:03:27Z
https://www.theguardian.com/business/economics-blog/2016/oct/12/monetary-policy-has-an-enormous-impact-on-politics-its-time-for-a-radical-rethink,2016-10-12T12:31:16Z
https://www.theguardian.com/business/2016/oct/18/inflation-rise-uk-living-standards,2016-10-18T10:14:24Z
https://www.theguardian.com/business/live/2016/oct/19/markets-uk-unemployment-wage-growth-brexit-report-business-live,2016-10-19T17:03:14Z
https://www.theguardian.com/business/2016/oct/19/laird-issues-profit-warning-on-downturn-in-smartphone-production-apple,2016-10-19T10:15:33Z
https://www.theguardian.com/business/marketforceslive/2016/oct/19/ftse-100-slips-as-travis-perkins-and-reckitt-benckiser-disappoint,2016-10-19T08:48:01Z
https://www.theguardian.com/business/2016/oct/20/experts-dismiss-hmrcs-shrinking-tax-gap-estimate,2016-10-20T15:44:41Z
https://www.theguardian.com/business/live/2016/oct/24/french-manufacturing-portuguese-bonds-eurozone-economy-uk-brexit-business-live,2016-10-24T16:55:37Z
https://www.theguardian.com/business/live/2016/oct/26/84bn-brexit-black-hole-warning-city-stock-markets-business-live,2016-10-26T16:34:32Z
https://www.theguardian.com/business/marketforceslive/2016/oct/26/imagination-technologies-falls-after-apple-results,2016-10-26T10:27:21Z
https://www.theguardian.com/business/live/2016/oct/28/french-economy-returns-to-growth-as-gdp-rises-by-02-business-live,2016-10-28T17:12:09Z
https://www.theguardian.com/business/economics-blog/2016/oct/30/a-weak-pound-is-no-tonic-for-uks-long-term-economic-recovery,2016-10-30T14:22:52Z
https://www.theguardian.com/business/2016/nov/04/google-pays-47m-euros-tax-ireland-22bn-euros-revenue,2016-11-04T19:18:55Z
https://www.theguardian.com/business/2016/nov/04/housing-associations-added-bank-england-bond-buying-scheme,2016-11-04T15:37:37Z
https://www.theguardian.com/business/live/2016/nov/10/markets-rebound-investors-welcome-trump-plans-us-election-live,2016-11-10T21:08:14Z
https://www.theguardian.com/us-news/2016/nov/10/uncertainty-over-trump-policies-rattles-markets,2016-11-10T20:13:43Z
https://www.theguardian.com/business/live/2016/nov/14/uk-borrowing-costs-may-high-bonds-trump-business-live,2016-11-14T18:17:17Z
https://www.theguardian.com/business/2016/nov/15/office-construction-central-london-brexit,2016-11-15T00:01:01Z
https://www.theguardian.com/business/2016/nov/24/black-friday-uk-last-hurrah-prices-rise-consumer-goods-retailers,2016-11-24T06:00:25Z
https://www.theguardian.com/business/2016/nov/24/all-you-need-to-know-black-friday-uk-retailers-deals-and-dates,2016-11-25T12:59:19Z
https://www.theguardian.com/business/2016/nov/28/scepticism-brexit-vote-eu-referendum-imf-oecd-uk-economy,2016-11-28T13:48:59Z
https://www.theguardian.com/business/2016/nov/28/amazon-ebay-sellers-vat-fraud-ipads-tax-free,2016-11-28T12:46:30Z
https://www.theguardian.com/business/marketforceslive/2016/dec/06/apple-supplier-imagination-technologies-jumps-after-restructuring,2016-12-06T11:19:25Z
https://www.theguardian.com/business/2016/dec/08/feeling-the-heat-from-brussels-over-tax-then-move-to-london,2016-12-08T19:50:05Z
https://www.theguardian.com/business/2016/dec/08/capita-to-replace-staff-with-robots-to-save-money,2016-12-08T19:29:14Z
https://www.theguardian.com/business/2016/dec/08/georgetown-nike-student-protests-president-office,2016-12-08T17:02:58Z
https://www.theguardian.com/business/2016/dec/10/future-shopping-mannequins-drones-shop-leave-withjout-paying-amazon-go,2016-12-10T15:59:02Z
https://www.theguardian.com/business/2016/dec/10/china-trade-war-trump-tariffs-exports,2016-12-10T10:00:11Z
https://www.theguardian.com/business/live/2016/dec/13/markets-uk-inflation-unicredit-restructuring-greece-business-live,2016-12-13T17:55:14Z
https://www.theguardian.com/business/live/2016/dec/15/fed-hike-dollar-bank-of-england-interest-rates-business-live,2016-12-15T18:33:26Z
https://www.theguardian.com/business/2016/dec/15/punch-taverns-heineken-pubs-patron-capital,2016-12-15T14:54:34Z
https://www.theguardian.com/business/2016/dec/15/jd-sports-warehouse-channel-4-kingsway-rochdale,2016-12-15T09:01:57Z
https://www.theguardian.com/money/2016/dec/16/forget-the-x-factor-sunday-night-is-prime-time-for-online-shopping,2016-12-16T15:19:16Z
https://www.theguardian.com/business/2016/dec/17/brexit-price-hikes-push-up-cost-christmas-britons,2016-12-17T08:00:17Z
https://www.theguardian.com/business/2016/dec/18/sky-tv-11bn-premium-package-rupert-murdoch,2016-12-18T07:00:44Z
https://www.theguardian.com/business/2016/dec/18/fox-sky-row-not-going-away-ministers-ignore-it-rupert-murdoch,2016-12-18T06:59:44Z
https://www.theguardian.com/business/nils-pratley-on-finance/2016/dec/19/banks-andrew-tyrie-inquiry-rbs,2016-12-19T19:05:55Z
https://www.theguardian.com/business/2016/dec/19/apple-ireland-eu-tax-ruling-european-commission-us-irs,2016-12-19T17:00:32Z
https://www.theguardian.com/business/2016/dec/19/apple-cut-euro-13bn-irish-tax-bill-spreads-payments-eu-us,2016-12-19T16:26:24Z
https://www.theguardian.com/business/live/2016/dec/19/markets-await-german-confidence-figures-business-live,2016-12-19T14:59:38Z
https://www.theguardian.com/business/live/2016/dec/21/uk-public-finances-deficit-brexit-stock-markets-dow-business-live,2016-12-21T18:01:43Z
https://www.theguardian.com/business/2016/dec/22/tesla-uk-prices-new-year-currency-brexit-vote,2016-12-22T11:43:07Z
https://www.theguardian.com/business/live/2016/dec/23/deutsche-bank-credit-suisse-fined-billions-doj-monte-dei-paschi-bailout-approved-business-live,2016-12-23T14:07:36Z
https://www.theguardian.com/business/2016/dec/26/spotify-music-download-apple-itunes-streaming-vinyl,2016-12-26T08:00:37Z
https://www.theguardian.com/business/2016/dec/26/boxing-day-shoppers-expected-splash-out-before-brexit-price-rises-kick-in,2016-12-26T07:37:30Z
https://www.theguardian.com/business/2017/jan/08/global-car-industry-worries-about-the-new-warning-signs,2017-01-08T10:32:43Z
https://www.theguardian.com/business/2017/jan/09/fewer-car-owners-more-driverless-vehicles-future-survey-reveals,2017-01-09T00:01:02Z
https://www.theguardian.com/business/2017/jan/17/uk-inflation-now-its-the-pound-in-your-pocket-being-devalued,2017-01-17T12:25:44Z
https://www.theguardian.com/business/2017/jan/17/uk-inflation-hits-two-year-high,2017-01-17T10:13:33Z
https://www.theguardian.com/business/live/2017/jan/19/davos-2017-theresa-may-addresses-the-world-economic-forum-business-live,2017-01-19T21:11:19Z
https://www.theguardian.com/business/2017/jan/19/davos-2017-oxfam-attacks-failing-global-tax-avoidance-battle,2017-01-19T18:09:44Z
https://www.theguardian.com/business/live/2017/jan/24/bt-shares-profits-italy-accountig-scandal-sterling-public-finances-live,2017-01-24T17:39:34Z
https://www.theguardian.com/business/2017/jan/25/dow-jones-industrial-average-breaks-record-20000,2017-01-25T14:30:48Z
https://www.theguardian.com/business/2017/jan/30/trump-travel-ban-starbucks-hire-10000-refugees,2017-01-30T10:23:07Z
https://www.theguardian.com/business/nils-pratley-on-finance/2017/jan/31/deutsche-bank-russian-fine-banking-industry,2017-01-31T19:35:52Z
https://www.theguardian.com/business/live/2017/jan/31/eurozone-gdp-french-economy-grows-unemployment-germany-mario-draghi-live,2017-01-31T18:06:32Z
https://www.theguardian.com/business/2017/jan/31/hand-ocado-robot-shopping-fruit-vegetables,2017-01-31T13:49:24Z
https://www.theguardian.com/business/2017/feb/08/mclaren-automotive-manufacturing-plant-sheffield-200-jobs,2017-02-08T19:40:34Z
https://www.theguardian.com/business/2017/feb/13/global-stock-markets-hit-new-highs-donald-trump-tone-japan-china,2017-02-13T18:01:07Z
https://www.theguardian.com/business/2017/feb/25/bank-of-england-fears-may-not-spot-next-crisis-five-places-to-look,2017-02-25T16:00:05Z
https://www.theguardian.com/business/live/2017/feb/27/pound-under-pressure-on-new-brexit-worries-business-live,2017-02-27T14:46:23Z
https://www.theguardian.com/business/2017/mar/04/creative-industry-fills-uk-coffers-tv-film-music,2017-03-04T16:00:19Z
https://www.theguardian.com/business/live/2017/mar/06/vauxhall-opel-sold-jobs-deal-aberdeen-standard-live-business-live,2017-03-06T18:03:32Z
https://www.theguardian.com/business/2017/mar/08/john-lewis-uk-apple-watch-black-friday-online,2017-03-08T08:12:04Z
https://www.theguardian.com/business/2017/mar/09/john-lewis-staff-bonus-6-profits,2017-03-09T09:28:42Z
https://www.theguardian.com/business/2017/mar/09/southwold-welcome-town-business-rates-rise-177,2017-03-09T08:00:31Z
https://www.theguardian.com/business/2017/mar/11/israel-farmers-programmers-sense-chance-to-grow-in-britain-brexit-trade-deal,2017-03-11T16:00:38Z
https://www.theguardian.com/business/2017/mar/14/uk-inflation-ons-basket-goods-gin-cycling-helmets,2017-03-14T18:41:41Z
https://www.theguardian.com/business/2017/mar/17/startup-boom-fizzle-san-francisco-housing-investment,2017-03-17T07:02:02Z
https://www.theguardian.com/business/2017/mar/18/inflation-rising-prices-over-2-per-cent-target-bank-of-england,2017-03-18T15:59:43Z
https://www.theguardian.com/business/live/2017/mar/21/uk-inflation-expected-to-hit-a-three-year-high-of-21-business-live,2017-03-21T15:02:30Z
https://www.theguardian.com/business/2017/mar/21/rising-food-fuel-prices-hoist-uk-inflation-rate,2017-03-21T11:27:08Z
https://www.theguardian.com/business/live/2017/mar/28/markets-tax-reform-ftse-south-african-rand-tesco-business-live,2017-03-28T20:10:59Z
https://www.theguardian.com/business/shortcuts/2017/apr/02/why-the-sound-of-ed-sheeran-helps-sell-fries,2017-04-02T16:00:05Z
https://www.theguardian.com/business/2017/apr/03/productivity-slowdown-imf-christine-lagarde,2017-04-03T19:00:22Z
https://www.theguardian.com/business/live/2017/apr/03/markets-manufacturing-recovery-uk-factories-eurozone-unemployment-business-live,2017-04-03T14:20:14Z
https://www.theguardian.com/business/2017/apr/03/apple-u-turn-sends-imagination-technologies-shares-into-freefall,2017-04-03T10:58:58Z
https://www.theguardian.com/business/2017/apr/12/trump-tax-holiday-us-companies-apple-oxfam-tax,2017-04-12T07:58:19Z
https://www.theguardian.com/business/2017/apr/15/music-industry-youtube-video-streaming-royalties,2017-04-15T15:00:05Z
https://www.theguardian.com/business/2017/apr/24/disney-the-gap-and-pepsi-urged-to-quit-us-chamber-of-commerce,2017-04-24T11:00:17Z
https://www.theguardian.com/business/2017/apr/25/stock-markets-us-tech-donald-trump-tax-reform-emmanuel-macron-french-election,2017-04-25T19:43:28Z
https://www.theguardian.com/business/2017/apr/25/2016-marks-tipping-point-for-music-industry-with-revenues-of-15bn,2017-04-25T16:55:19Z
https://www.theguardian.com/business/2017/apr/28/soaring-tech-stocks-send-nasdaq-to-record-high,2017-04-28T06:35:01Z
https://www.theguardian.com/business/2017/apr/29/fangs-breakneck-rise-facebook-amazon-netflix-google,2017-04-29T08:00:25Z
https://www.theguardian.com/business/2017/apr/30/apple-addiction-iphone,2017-04-30T06:00:21Z
https://www.theguardian.com/business/live/2017/may/02/markets-manufacturing-uk-eurozone-greek-bailout-business-live,2017-05-02T17:02:01Z
https://www.theguardian.com/business/2017/may/01/rapha-the-brand-thats-making-cycling-into-a-lifestyle,2017-05-02T07:55:06Z
https://www.theguardian.com/business/live/2017/may/03/eurozone-gdp-growth-uk-construction-markets-pound-business-live,2017-05-03T16:45:26Z
https://www.theguardian.com/business/2017/may/07/apple-cant-make-iphones-for-ever-whats-next,2017-05-07T06:00:25Z
https://www.theguardian.com/business/2017/may/08/warren-buffett-jobs-us-3g-kraft-heinz-bid-unilever,2017-05-08T15:52:00Z
https://www.theguardian.com/business/2017/may/09/blackbird-cockpit-flypast-grounds-british-airways-flight-heathrow-new-york,2017-05-09T17:04:48Z
https://www.theguardian.com/business/live/2017/may/09/german-trade-record-high-markets-macron-euro-ftse-business-live,2017-05-09T17:02:53Z
https://www.theguardian.com/business/live/2017/may/10/dollar-weakens-fbi-director-james-comey-sacking-unnerves-markets-mario-draghi-business-live,2017-05-10T17:07:48Z
https://www.theguardian.com/business/2017/may/10/diageo-to-pay-revenue-107m-in-google-tax-crackdown,2017-05-11T09:50:41Z
https://www.theguardian.com/business/2017/may/13/which-names-richer-sounds-and-toolstation-as-uks-best-rated-shops,2017-05-13T07:01:40Z
https://www.theguardian.com/business/2017/may/13/inside-the-new-battersea-power-station,2017-05-13T07:00:41Z
https://www.theguardian.com/business/2017/may/16/global-stock-markets-whats-driving-the-rise-and-will-it-continue,2017-05-16T12:11:37Z
https://www.theguardian.com/business/2017/may/17/australian-wages-growing-more-slowly-than-cost-of-living,2017-05-17T04:22:48Z
https://www.theguardian.com/business/2017/may/21/brexit-coming-food-crisis-seasonal-migrant-labour-eu,2017-05-21T07:00:48Z
https://www.theguardian.com/business/2017/may/30/eu-targets-lawyers-and-accountants-in-tax-avoidance-clampdown,2017-05-30T18:24:16Z
https://www.theguardian.com/business/2017/jun/12/tech-industry-stock-market-nasdaq,2017-06-12T16:33:15Z
https://www.theguardian.com/business/live/2017/jun/12/business-optimism-plunges-political-uncertainty-markets-ftse-sterling-business-live,2017-06-12T15:45:50Z
https://www.theguardian.com/business/live/2017/jun/13/uk-inflation-hard-brexit-pound-sterling-ftse-business-live,2017-06-13T15:08:43Z
https://www.theguardian.com/business/live/2017/jun/19/european-markets-rise-ftse-euro-macron-majority-brexit-talks-business-live,2017-06-19T15:06:56Z
https://www.theguardian.com/business/live/2017/jun/22/markets-nervous-brent-crude-oil-ftse-pound-business-live,2017-06-22T15:58:44Z
https://www.theguardian.com/business/2017/jun/22/imagination-puts-itself-up-for-sale-amid-apple-dispute,2017-06-22T08:03:55Z
https://www.theguardian.com/business/2017/jun/21/upheaval-for-burberry-as-chairman-signals-departure,2017-06-22T06:46:49Z
https://www.theguardian.com/business/2017/jun/27/google-braces-for-record-breaking-1bn-fine-from-eu,2017-06-27T12:14:06Z
https://www.theguardian.com/business/2017/jul/02/deliveroo-set-to-become-a-tech-unicorn-as-investors-seek-a-slice,2017-07-02T11:57:55Z
https://www.theguardian.com/business/2017/jul/04/worldpay-takeover-battle-looms-jpmorgan-chase-vantiv-signal-intent,2017-07-05T05:37:16Z
https://www.theguardian.com/business/2017/jul/14/goodness-knows-what-mars-has-made-just-dont-count-on-chocolate,2017-07-14T16:55:51Z
https://www.theguardian.com/business/2017/jul/25/music-video-and-games-growth-doubles-in-uk-helped-by-ed-sheeran,2017-07-25T16:24:38Z
https://www.theguardian.com/business/live/2017/jul/31/oil-sanctions-venezuela-china-uk-credit-eurozone-pmis-,2017-07-31T17:23:10Z
https://www.theguardian.com/business/live/2017/aug/02/uk-economy-poised-rebound-2018-forecasters-predict-business-live-bank-of-england,2017-08-02T16:34:21Z
https://www.theguardian.com/business/2017/aug/02/dow-soars-to-record-high-as-it-crosses-22000-mark-for-the-first-time,2017-08-02T14:17:50Z
https://www.theguardian.com/business/2017/aug/05/president-tweeted-it-us-economy-really-great-again-donald-trump,2017-08-05T15:00:15Z
https://www.theguardian.com/business/2017/aug/08/ed-sheerans-divide-lifts-warner-musics-streaming-income-to-1bn,2017-08-08T17:33:29Z
https://www.theguardian.com/business/live/2017/aug/17/uk-retail-sales-to-give-hint-on-consumer-confidence-business-live,2017-08-17T12:44:02Z
https://www.theguardian.com/uk-news/2017/aug/18/global-super-rich-agreeing-to-rent-luxury-london-homes-without-visiting,2017-08-18T14:39:09Z
https://www.theguardian.com/business/2017/aug/19/sweet-pies-and-puddings-sales-up-comfort-buying,2017-08-19T23:05:27Z
https://www.theguardian.com/business/2017/aug/30/dara-khosrowshahi-uber-20-issues-new-chief-executive-must-address,2017-08-30T19:26:40Z
https://www.theguardian.com/business/2017/sep/01/apple-considers-moving-into-gone-with-the-wind-matrix-studios,2017-09-01T13:16:15Z
