https://www.theguardian.com/business/2014/jan/13/airbus-record-sales-2013-ahead-boeing,2014-01-13T15:20:02Z
https://www.theguardian.com/business/2014/jan/29/turkeys-huge-interest-rate-hike-calms-markets-business-live,2014-01-29T20:10:20Z
https://www.theguardian.com/business/2014/feb/04/cheap-flights-london-new-york-norwegian-ryanair,2014-02-04T17:59:06Z
https://www.theguardian.com/business/2014/feb/04/norwegian-air-shuttle-low-cost-gatwick-bjorn-kos,2014-02-04T16:11:33Z
https://www.theguardian.com/business/blog/2014/feb/11/asian-markets-jump-ahead-of-yellen-testimony-live,2014-02-11T16:45:58Z
https://www.theguardian.com/business/2014/feb/11/toyota-shutdown-tony-abbott-says-powerless-prevent-exodus,2014-02-11T07:32:39Z
https://www.theguardian.com/business/blog/2014/feb/20/facebook-to-buy-whatsapp-for-19bn-live,2014-02-20T15:47:06Z
https://www.theguardian.com/lifeandstyle/2014/mar/07/alex-calderwood-cool-hunter-death-ace-hotel-london,2014-03-07T18:00:00Z
https://www.theguardian.com/business/2014/mar/27/inmarsat-recognised-globally-city-attention-satellite-company,2014-03-27T17:39:06Z
https://www.theguardian.com/business/2014/apr/03/boeing-to-sack-up-to-300-workers-at-port-melbourne-plant,2014-04-02T21:29:15Z
https://www.theguardian.com/business/2014/apr/10/cathay-pacific-launch-direct-flight-manchester-hong-kong,2014-04-10T10:50:47Z
https://www.theguardian.com/business/2014/apr/24/virgin-atlantic-losses-narrow-premium-economy,2014-04-24T10:39:48Z
https://www.theguardian.com/business/2014/may/01/ford-names-mark-fields-ceo-mulally-auto,2014-05-01T14:55:18Z
https://www.theguardian.com/business/2014/may/06/airbus-boss-uk-role-aerospace-fabrice-bregier-france-business-attitude,2014-05-06T17:40:22Z
https://www.theguardian.com/business/2014/may/09/british-airways-owner-smaller-losses-iag-iberia,2014-05-09T13:00:50Z
https://www.theguardian.com/business/2014/jun/08/gulf-airlines-brush-aside-obstacles-qatar-doha,2014-06-07T23:06:01Z
https://www.theguardian.com/business/2014/jun/11/rolls-royce-engine-order-emirates-airbus-a350,2014-06-11T12:38:44Z
https://www.theguardian.com/business/2014/jun/22/drones-market-us-military-china-russia-rogue-state,2014-06-22T15:45:08Z
https://www.theguardian.com/business/2014/jun/29/factory-2050-orgreave-robotics-engineering,2014-06-29T10:27:28Z
https://www.theguardian.com/business/2014/jul/02/norwegian-low-cost-transatlantic-flight-gatwick-la,2014-07-02T15:29:15Z
https://www.theguardian.com/business/2014/jul/13/aerospace-defence-britain-growth-farnborough-airshow,2014-07-12T23:05:21Z
https://www.theguardian.com/business/2014/jul/14/russia-withdraws-delegates-farnborough-air-show-ukraine,2014-07-14T12:29:18Z
https://www.theguardian.com/business/2014/jul/17/russian-stock-market-hit-by-new-ukraine-sanctions-business-live,2014-07-17T16:04:51Z
https://www.theguardian.com/business/2014/jul/28/ryanair-profit-forecast-upgraded,2014-07-28T11:00:38Z
https://www.theguardian.com/business/blog/live/2014/aug/04/markets-tense-after-portugal-bank-bailout-live,2014-08-04T14:01:43Z
https://www.theguardian.com/business/blog/live/2014/aug/26/city-eurozone-stimulus-mario-draghi-business-live,2014-08-26T16:07:29Z
https://www.theguardian.com/business/marketforceslive/2014/aug/26/ftse-100-hits-seven-week-high-draghi-qe,2014-08-26T15:51:44Z
https://www.theguardian.com/business/2014/aug/29/malaysia-airlines-cuts-6000-jobs,2014-08-29T16:43:00Z
https://www.theguardian.com/business/2014/sep/08/ryanair-passenger-numbers-boeing-aircraft-deal,2014-09-08T17:08:11Z
https://www.theguardian.com/business/2014/sep/25/monarch-airline-prince-pauper,2014-09-25T19:33:09Z
https://www.theguardian.com/business/2014/sep/25/aviation-insurance-claims-rise-lloyds-of-london,2014-09-25T14:53:55Z
https://www.theguardian.com/business/live/2014/oct/06/germany-factory-orders-euro-disney-business-live,2014-10-06T16:58:52Z
https://www.theguardian.com/business/2014/oct/06/virgin-atlantic-scraps-little-red-service,2014-10-06T13:25:00Z
https://www.theguardian.com/business/2014/oct/07/ryanair-planes-clip-dublin-airport,2014-10-07T11:19:00Z
https://www.theguardian.com/business/2014/oct/09/virgin-galactic-space-tourism-richard-branson-george-whitesides,2014-10-09T19:26:45Z
https://www.theguardian.com/business/2014/oct/12/richard-branson-rivalry-british-airways-virgin-atlantic,2014-10-11T23:05:11Z
https://www.theguardian.com/business/blog/live/2014/oct/22/european-markets-to-rally-on-stimulus-hopes-business-live,2014-10-22T16:44:37Z
https://www.theguardian.com/business/2014/oct/24/richard-branson-supports-heathrow-extension-virgin,2014-10-24T18:46:10Z
https://www.theguardian.com/business/2014/nov/02/richard-branson-ups-downs-transport-ventures,2014-11-02T00:05:07Z
https://www.theguardian.com/business/2014/nov/03/ryanair-raises-profit-surge-winter-bookings,2014-11-03T14:47:00Z
https://www.theguardian.com/business/2014/nov/05/rolls-royce-derby-mp-job-cuts,2014-11-05T15:12:35Z
https://www.theguardian.com/business/marketforceslive/2014/nov/20/rolls-royce-set-for-boost-after-reports-of-airbus-delta-deal,2014-11-20T10:58:43Z
https://www.theguardian.com/business/2014/nov/21/rolls-royce-5bn-dollar-airbus-deal-delta,2014-11-21T15:17:00Z
https://www.theguardian.com/business/2014/dec/02/rolls-royce-trent-xwb-jet-engine-derby-a350,2014-12-02T21:36:07Z
https://www.theguardian.com/business/2014/dec/04/ryanair-passenger-profit-forecasts-bumper-november,2014-12-04T12:43:00Z
https://www.theguardian.com/business/2014/dec/28/airbus-a380-future-in-doubt,2014-12-28T09:02:10Z
https://www.theguardian.com/business/2015/feb/13/rolls-royce-sales-fall-first-time-decade,2015-02-13T17:20:45Z
https://www.theguardian.com/business/2015/mar/10/virgin-atlantic-soars-back-into-profit,2015-03-10T00:01:05Z
https://www.theguardian.com/business/2015/mar/23/heathrow-sound-simulator-quiet-take-off-central-london,2015-03-23T17:09:07Z
https://www.theguardian.com/business/2015/mar/30/rolls-royce-signs-1bn-engine-deal-with-air-china,2015-03-30T12:48:37Z
https://www.theguardian.com/business/2015/apr/09/uk-trade-deficits-used-to-matter-at-election-time-not-any-more,2015-04-09T12:28:36Z
https://www.theguardian.com/business/2015/apr/17/rolls-royce-largest-engine-order-emirates-airline-trent-airbus-a380,2015-04-17T11:46:43Z
https://www.theguardian.com/business/2015/apr/29/demise-of-boeing-747-sign-of-changing-flight-patterns,2015-04-29T14:50:05Z
https://www.theguardian.com/business/2015/may/08/rolls-royce-warns-foreign-exchange-swings-will-hit-revenue-in-2015-profits-unaffected,2015-05-08T09:42:01Z
https://www.theguardian.com/business/2015/may/14/bombardier-job-cuts-northern-ireland-belfast-aerospace,2015-05-14T16:30:11Z
https://www.theguardian.com/business/nils-pratley-on-finance/2015/may/20/does-cbi-president-really-want-britain-to-stay-in-an-unreformed-eu,2015-05-19T23:01:07Z
https://www.theguardian.com/business/2015/may/26/ryanair-profits-soar-66-as-charm-offensive-reaps-rewards,2015-05-26T08:02:30Z
https://www.theguardian.com/business/2015/may/30/ryanair-being-nice-fewer-rules-less-hassle-more-profit,2015-05-30T14:59:02Z
https://www.theguardian.com/business/2015/jun/01/malaysia-airlines-technically-bankrupt-christoph-mueller-cuts-boss,2015-06-01T17:04:29Z
https://www.theguardian.com/business/2015/jun/12/open-skies-treaty-us-airline-giants-fight-gulf-rivals,2015-06-12T15:36:32Z
https://www.theguardian.com/business/nils-pratley-on-finance/2015/jun/30/imfs-uneven-dealings-with-greece-is-saga-of-embarrassment,2015-06-30T19:39:05Z
https://www.theguardian.com/business/2015/jun/30/virgin-atlantic-to-cut-500-jobs,2015-06-30T18:32:47Z
https://www.theguardian.com/business/2015/jul/03/alwaleed-bin-talal-meet-the-saudi-prince-giving-away-all-his-money,2015-07-03T18:07:09Z
https://www.theguardian.com/business/2015/aug/06/ba-owner-iag-sustain-thousands-uk-jobs-order-31-airbus-planes,2015-08-06T15:03:59Z
https://www.theguardian.com/business/2015/aug/09/the-innovators-cheaper-batteries-could-help-electric-cars-hit-the-mainstream,2015-08-09T11:02:18Z
https://www.theguardian.com/business/blog/live/2015/aug/10/greece-closes-in-on-third-bailout-deal-live-updates,2015-08-10T14:06:03Z
https://www.theguardian.com/business/2015/aug/10/warren-buffett-biggest-buy-yet-precision-castparts,2015-08-10T11:44:39Z
https://www.theguardian.com/business/2015/aug/13/panama-emirates-worlds-longest-nonstop-flight,2015-08-13T17:39:13Z
https://www.theguardian.com/business/2015/aug/17/airbus-finalises-266bn-plane-deal-india-airline-indigo-a320neo,2015-08-17T18:25:52Z
https://www.theguardian.com/business/2015/aug/19/lithium-battery-review-boeing-dreamliner-fire-heathrow,2015-08-19T09:00:01Z
https://www.theguardian.com/business/2015/aug/23/supermarkets-seem-to-milk-farmers-dry,2015-08-23T08:00:17Z
https://www.theguardian.com/business/2015/sep/09/british-airways-plane-fire-aviation-safety-las-vegas,2015-09-09T12:45:14Z
https://www.theguardian.com/business/2015/oct/03/redcar-looks-to-rise-from-ashes-after-steelworks-blow,2015-10-03T15:00:09Z
https://www.theguardian.com/business/2015/nov/12/rolls-royce-and-bae-to-cut-jobs-as-march-of-the-makers-stumbles-again,2015-11-12T20:14:34Z
https://www.theguardian.com/business/2015/nov/15/bae-eurofighter-rolls-royce-aircraft-manufacturers,2015-11-15T08:59:05Z
https://www.theguardian.com/business/2015/nov/16/rolls-royce-calls-top-law-firm-slaughters-fraud-investigation,2015-11-16T19:37:44Z
https://www.theguardian.com/business/2015/nov/19/us-hedge-fund-doubles-stake-in-rolls-royce,2015-11-19T18:30:31Z
https://www.theguardian.com/business/2015/nov/22/rolls-royce-chief-executive-warren-east-presentation-the-city,2015-11-22T16:44:00Z
https://www.theguardian.com/business/2015/dec/06/europe-edge-aerospace-oil-cars-drugs,2015-12-06T07:00:13Z
https://www.theguardian.com/business/2015/dec/07/defence-industry-stock-rockets-budgets-rise-terror-threat,2015-12-07T16:55:27Z
https://www.theguardian.com/business/2015/dec/30/rolls-royce-eyes-possible-re-entry-into-smaller-plane-market,2015-12-30T17:34:41Z
https://www.theguardian.com/business/marketforceslive/2016/jan/08/ftse-recovers-in-cautious-trading-with-tesco-leading-the-way,2016-01-08T09:43:53Z
https://www.theguardian.com/business/2016/jan/12/airbus-overtakes-boeing-in-aircraft-orders,2016-01-12T13:44:12Z
https://www.theguardian.com/business/2016/jan/16/saudi-aramco-10-trillion-dollar-mystery-heart-of-gulf-state,2016-01-16T15:59:00Z
https://www.theguardian.com/business/2016/jan/23/boeings-747-production-scaled-back-airbus,2016-01-23T08:00:07Z
https://www.theguardian.com/business/live/2016/jan/27/stock-markets-oil-fed-rbs-provisions-live,2016-01-27T21:17:38Z
https://www.theguardian.com/technology/2016/jan/29/drones-near-misses-major-uk-airports-heathrow-stansted,2016-01-29T14:03:33Z
https://www.theguardian.com/business/2016/feb/01/rolls-royce-wins-aircraft-engine-order-norwegian-dreamliner,2016-02-01T19:34:32Z
https://www.theguardian.com/business/2016/feb/07/rolls-royce-to-cut-dividend-payouts,2016-02-07T11:47:14Z
https://www.theguardian.com/business/live/2016/feb/08/uk-business-confidence-falls-global-recession-fears-markets-business-live,2016-02-08T21:21:18Z
https://www.theguardian.com/business/live/2016/feb/11/market-turmoil-hong-kong-europe-ftse-banks-yellen-live,2016-02-11T22:42:44Z
https://www.theguardian.com/business/2016/feb/11/stock-markets-hit-by-global-rout-raising-fears-for-financial-sector,2016-02-11T19:33:08Z
https://www.theguardian.com/business/2016/feb/12/rolls-royce-looking-at-implications-of-britain-leaving-eu,2016-02-12T17:56:54Z
https://www.theguardian.com/business/2016/feb/17/rolls-royce-what-could-activist-board-member-mean-for-the-company,2016-02-17T19:54:13Z
https://www.theguardian.com/business/2016/feb/17/bombardier-7000-job-losses-worldwide,2016-02-17T12:07:07Z
https://www.theguardian.com/business/2016/mar/02/no-breakup-rolls-royce-activist-investor-board-chairman,2016-03-02T16:40:56Z
https://www.theguardian.com/business/2016/mar/05/timeline-seven-years-of-record-low-interest-rates-bank-of-england,2016-03-05T07:00:58Z
https://www.theguardian.com/business/live/2016/mar/09/china-markets-nervous-uk-manufacturing-data-business-live,2016-03-09T16:38:18Z
https://www.theguardian.com/business/2016/mar/09/ryanair-launches-corporate-jet-service,2016-03-09T12:34:34Z
https://www.theguardian.com/business/2016/mar/23/boom-supersonic-jet-travel-affordable-business-class,2016-03-23T18:04:14Z
https://www.theguardian.com/business/2016/mar/30/boeing-to-cut-4000-jobs-as-battle-with-airbus-wages-on,2016-03-30T18:50:31Z
https://www.theguardian.com/business/2016/mar/30/boeing-plans-to-cut-thousands-of-us-jobs-amid-fierce-competition,2016-03-30T05:29:32Z
https://www.theguardian.com/business/2016/apr/04/airbus-executives-brexit-warning-letter-uk-eu,2016-04-04T15:25:16Z
https://www.theguardian.com/business/2016/apr/12/ryanair-baggage-charges-yellow-cabins,2016-04-12T19:11:48Z
https://www.theguardian.com/business/live/2016/may/16/oil-jumps-goldman-sachs-stock-markets-live,2016-05-16T17:10:51Z
https://www.theguardian.com/business/2016/may/23/ryanair-to-cut-fares-by-as-much-as-12-percent-price-war,2016-05-23T17:10:46Z
https://www.theguardian.com/business/2016/jun/02/airline-industry-profits-expected-to-increase-2016-iata,2016-06-02T18:27:03Z
https://www.theguardian.com/business/live/2016/jun/09/oil-prices-hit-eight-month-high-business-live,2016-06-09T14:01:55Z
https://www.theguardian.com/business/2016/jul/09/boeing-airbus-cancellations-delays-farnborough-airliner,2016-07-09T14:59:05Z
https://www.theguardian.com/business/2016/jul/10/airliner-waistlines-farnborough-airshow-bombardier-cs100-plane-wider-seats,2016-07-10T12:33:46Z
https://www.theguardian.com/business/2016/jul/11/boeings-jobs-pledge-shows-uk-is-open-for-business-says-cameron,2016-07-11T09:36:02Z
https://www.theguardian.com/business/2016/jul/12/airbus-plans-install-urinals-planes-no-more-waiting-in-aisle,2016-07-12T17:46:10Z
https://www.theguardian.com/business/2016/jul/12/airbus-rolls-royce-uk-must-secure-beneficial-eu-trade-deal-quickly,2016-07-12T17:07:18Z
https://www.theguardian.com/business/2016/jul/21/facebook-solar-powered-internet-plane-test-flight-aquila,2016-07-21T18:17:33Z
https://www.theguardian.com/business/2016/jul/29/airline-pilots-complain-dangerous-fatigue-leaked-documents-flydubai,2016-07-29T14:00:07Z
https://www.theguardian.com/business/2016/oct/11/monarch-airlines-atol-package-holidays-funding-package-civil-aviation-authority,2016-10-11T17:04:15Z
https://www.theguardian.com/business/2016/oct/12/monarch-airlines-gets-165m-lifeline-to-stay-afloat,2016-10-12T07:00:02Z
https://www.theguardian.com/business/2016/oct/21/bombardier-cuts-7500-jobs-fears-for-british-workforce-derby-belfast-crossrail,2016-10-21T15:35:38Z
https://www.theguardian.com/business/2016/oct/24/ba-scraps-service-chinese-city-airport-expansion-heathrow-chengdu-decision-runway,2016-10-24T17:19:29Z
https://www.theguardian.com/business/live/2016/oct/24/french-manufacturing-portuguese-bonds-eurozone-economy-uk-brexit-business-live,2016-10-24T16:55:37Z
https://www.theguardian.com/business/2016/oct/24/cobham-releases-second-profit-warning-in-six-months,2016-10-24T07:27:06Z
https://www.theguardian.com/business/2016/nov/10/australian-share-market-rebounds-after-losses-sparked-by-trumps-win,2016-11-09T23:50:26Z
https://www.theguardian.com/business/2016/nov/15/richard-branson-supersonic-flight-virgin-boom,2016-11-15T13:00:17Z
https://www.theguardian.com/business/2016/nov/22/ryanair-flights-free-michael-oleary-airports,2016-11-22T13:50:28Z
https://www.theguardian.com/business/2016/nov/26/world-trade-hangs-in-balance-trump-signs-softening,2016-11-26T16:00:35Z
https://www.theguardian.com/business/live/2016/dec/06/italy-monte-dei-paschi-rescue-markets-relaxed-business-live,2016-12-06T17:53:02Z
https://www.theguardian.com/business/2016/dec/10/china-trade-war-trump-tariffs-exports,2016-12-10T10:00:11Z
https://www.theguardian.com/business/2016/dec/13/the-australian-tax-office-transparency-reporting-is-looking-a-little-opaque,2016-12-12T23:18:31Z
https://www.theguardian.com/business/live/2016/dec/12/oil-price-producers-cuts-italy-banks-lagarde-business-live,2016-12-12T17:18:11Z
https://www.theguardian.com/business/2016/dec/12/lockheed-martin-share-prices-donald-trump-tweet,2016-12-12T17:07:45Z
https://www.theguardian.com/business/live/2016/dec/14/uk-unemployment-wages-pound-federal-reserve-interest-rates-business-live,2016-12-14T21:21:18Z
https://www.theguardian.com/business/2016/dec/14/transitional-deal-would-reduce-brexits-risks-to-financial-stability-bank-of-england,2016-12-14T17:13:34Z
https://www.theguardian.com/business/2016/dec/28/airbus-forced-to-postpone-delivery-of-12-a380-jets-to-emirates,2016-12-28T16:37:00Z
https://www.theguardian.com/business/2017/jan/05/toyota-trump-border-tax-mexico-corolla,2017-01-05T19:41:16Z
https://www.theguardian.com/business/2017/jan/07/auto-industry-donald-trump-twitter-jobs-outsourcing-mexico,2017-01-07T08:00:14Z
https://www.theguardian.com/business/2017/jan/24/brexit-trump-airbus-boss-us,2017-01-24T16:37:09Z
https://www.theguardian.com/business/live/2017/jan/25/markets-rise-trump-rally-sp500-nasdaq-brexit-ftse-aluminium-business-live,2017-01-25T17:48:50Z
https://www.theguardian.com/business/2017/feb/08/mclaren-automotive-manufacturing-plant-sheffield-200-jobs,2017-02-08T19:40:34Z
https://www.theguardian.com/business/2017/feb/25/norwegians-low-cost-long-haul-transatlantic-fares-take-off-quickly,2017-02-25T07:00:05Z
https://www.theguardian.com/business/live/2017/mar/27/shares-slide-pound-rallies-us-dollar-trump-healthcare-failure-rattles-markets-business-live,2017-03-27T21:21:49Z
https://www.theguardian.com/business/2017/mar/27/aircraft-orders-increase-tenfold-year-boost-uk-manufacturing,2017-03-27T05:30:00Z
https://www.theguardian.com/business/live/2017/may/09/german-trade-record-high-markets-macron-euro-ftse-business-live,2017-05-09T17:02:53Z
https://www.theguardian.com/business/live/2017/may/22/rbs-shareholders-markets-trump-worries-greek-bailout-eurogroup-business-live,2017-05-22T16:43:28Z
https://www.theguardian.com/business/2017/may/30/sir-stelios-haji-ioannou-giving-pledge-half-2bn-fortune-charity,2017-05-30T18:38:38Z
https://www.theguardian.com/business/live/2017/jun/19/european-markets-rise-ftse-euro-macron-majority-brexit-talks-business-live,2017-06-19T15:06:56Z
https://www.theguardian.com/business/2017/jun/24/amazon-whole-foods-groceries-walmart,2017-06-24T09:00:03Z
https://www.theguardian.com/business/2017/jun/29/bank-chief-tours-wales-help-make-policies-for-hardest-hit,2017-06-30T09:31:55Z
https://www.theguardian.com/business/live/2017/jul/26/uk-gdp-britain-economy-second-quarter-2017-live,2017-07-26T16:50:09Z
https://www.theguardian.com/business/2017/aug/02/dow-soars-to-record-high-as-it-crosses-22000-mark-for-the-first-time,2017-08-02T14:17:50Z
https://www.theguardian.com/business/2017/aug/07/air-passengers-pilotless-planes-fares-ubs,2017-08-07T15:17:23Z
https://www.theguardian.com/business/2017/aug/07/pilotless-planes-what-you-need-to-know,2017-08-07T14:54:35Z
https://www.theguardian.com/business/live/2017/aug/09/markets-rattled-us-north-korea-tensions-trump-fire-and-fury-business-live,2017-08-09T16:04:52Z
https://www.theguardian.com/business/2017/aug/10/armed-police-called-to-heathrow-over-british-airways-flight-delay,2017-08-10T08:22:04Z
https://www.theguardian.com/business/2017/aug/15/easyjet-air-berlin-adminstration-lufthansa-etihad,2017-08-15T16:43:12Z
https://www.theguardian.com/business/live/2017/aug/25/sterling-markets-jackson-hole-bankers-janet-yellen-live,2017-08-25T13:10:26Z
https://www.theguardian.com/business/2017/aug/30/trump-proposed-corporate-tax-plan-trillions-debt-report,2017-08-31T14:03:30Z
