https://www.theguardian.com/business/blog/2014/jan/22/davos-2014-world-economic-forum-day-one-live,2014-01-22T18:13:09Z
https://www.theguardian.com/business/2014/jan/22/davos-bt-boss-cannot-guarantee-online-mobile-privacy,2014-01-22T13:05:00Z
https://www.theguardian.com/business/2014/apr/09/hewlett-packard-108m-corruption-government-it-us-bribery,2014-04-09T21:28:21Z
https://www.theguardian.com/business/2014/may/09/dixons-carphone-warehouse-merger-internet-of-things,2014-05-09T16:35:02Z
https://www.theguardian.com/business/2014/aug/10/copper-telephone-network-switch-off-digital-communications-infrastructure-britain,2014-08-10T15:41:56Z
https://www.theguardian.com/business/marketforceslive/2014/nov/07/ftse-ends-higher-but-off-best-levels-while-itv-back-in-bid-spotlight,2014-11-07T17:29:49Z
https://www.theguardian.com/business/marketforceslive/2015/mar/31/pace-jumps-as-broker-says-its-set-top-box-business-is-undervalued,2015-03-31T11:51:10Z
https://www.theguardian.com/business/2015/apr/23/nasdaq-new-record-high-dotcom-bubble,2015-04-23T21:29:38Z
https://www.theguardian.com/business/2016/jan/13/dicaprio-world-economic-forum-davos-kerry-trudeau-lynch-archbishop-canterbury-uber,2016-01-13T19:18:19Z
https://www.theguardian.com/business/live/2016/feb/11/market-turmoil-hong-kong-europe-ftse-banks-yellen-live,2016-02-11T22:42:44Z
https://www.theguardian.com/business/2016/may/20/us-corporate-giants-hoarding-over-a-trillion-dollars-apple-microsoft-google,2016-05-20T18:04:00Z
https://www.theguardian.com/business/2016/jul/06/australian-independent-music-label-alberts-sold-to-bmg,2016-07-06T02:30:36Z
https://www.theguardian.com/business/2016/sep/03/ireland-apple-silicon-valley-money-burning-hole-wallet,2016-09-03T15:00:34Z
https://www.theguardian.com/business/live/2016/dec/29/ftse-100-record-closing-high-house-prices-dow-jones-business-live,2016-12-29T17:35:37Z
https://www.theguardian.com/business/live/2017/feb/16/world-stock-markets-record-highs-ftse-trump-inflation-business-live,2017-02-16T21:17:29Z
https://www.theguardian.com/business/live/2017/may/15/ftse-100-record-high-oil-price-production-rallies-shares-business-live,2017-05-15T16:13:56Z
https://www.theguardian.com/business/live/2017/jun/13/uk-inflation-hard-brexit-pound-sterling-ftse-business-live,2017-06-13T15:08:43Z
